






Gfx maple_treewway_dl_Mtw_road1_ci8_aligner[] = {gsSPEndDisplayList()};
u8 maple_treewway_dl_Mtw_road1_ci8[] = {
	0x00, 0x01, 0x02, 0x03, 0x04, 0x05, 0x06, 0x00, 
	0x00, 0x06, 0x06, 0x06, 0x00, 0x07, 0x08, 0x09, 
	0x01, 0x0a, 0x0b, 0x0c, 0x0c, 0x0b, 0x09, 0x01, 
	0x0d, 0x06, 0x0e, 0x0f, 0x10, 0x01, 0x01, 0x01, 
	0x10, 0x11, 0x0d, 0x06, 0x12, 0x00, 0x0b, 0x01, 
	0x0f, 0x13, 0x14, 0x13, 0x15, 0x0a, 0x00, 0x06, 
	0x00, 0x03, 0x01, 0x16, 0x17, 0x07, 0x0b, 0x0f, 
	0x09, 0x01, 0x18, 0x01, 0x03, 0x06, 0x00, 0x06, 
	0x04, 0x19, 0x16, 0x19, 0x19, 0x19, 0x1a, 0x12, 
	0x06, 0x03, 0x01, 0x0c, 0x17, 0x16, 0x01, 0x0b, 
	0x0b, 0x0b, 0x0b, 0x0b, 0x0b, 0x03, 0x08, 0x16, 
	0x06, 0x1b, 0x01, 0x1b, 0x1c, 0x19, 0x1c, 0x1d, 
	0x1b, 0x19, 0x1e, 0x1b, 0x1a, 0x01, 0x1f, 0x09, 
	0x18, 0x0b, 0x0b, 0x0b, 0x0b, 0x09, 0x08, 0x16, 
	0x01, 0x0f, 0x20, 0x02, 0x0d, 0x00, 0x0f, 0x0b, 
	0x03, 0x03, 0x0b, 0x09, 0x01, 0x21, 0x17, 0x06, 
	0x16, 0x1b, 0x19, 0x22, 0x19, 0x19, 0x17, 0x0d, 
	0x16, 0x03, 0x23, 0x0e, 0x1b, 0x00, 0x03, 0x03, 
	0x0b, 0x01, 0x09, 0x01, 0x03, 0x03, 0x24, 0x16, 
	0x06, 0x17, 0x03, 0x0d, 0x0d, 0x1b, 0x1d, 0x1d, 
	0x1b, 0x1b, 0x1b, 0x06, 0x17, 0x1f, 0x09, 0x25, 
	0x08, 0x08, 0x08, 0x26, 0x26, 0x26, 0x27, 0x28, 
	0x01, 0x29, 0x0f, 0x03, 0x0d, 0x2a, 0x09, 0x0b, 
	0x08, 0x08, 0x0b, 0x0f, 0x09, 0x06, 0x2b, 0x06, 
	0x19, 0x2c, 0x2c, 0x1b, 0x12, 0x22, 0x2d, 0x17, 
	0x16, 0x16, 0x16, 0x03, 0x1b, 0x00, 0x0c, 0x0b, 
	0x0b, 0x01, 0x0f, 0x09, 0x01, 0x01, 0x09, 0x0b, 
	0x06, 0x17, 0x24, 0x2e, 0x1b, 0x19, 0x19, 0x19, 
	0x19, 0x1b, 0x0d, 0x1b, 0x17, 0x20, 0x09, 0x26, 
	0x26, 0x26, 0x26, 0x26, 0x26, 0x26, 0x2a, 0x16, 
	0x01, 0x01, 0x0f, 0x24, 0x0d, 0x16, 0x01, 0x03, 
	0x03, 0x03, 0x0b, 0x09, 0x01, 0x00, 0x2d, 0x06, 
	0x19, 0x2c, 0x2c, 0x1b, 0x12, 0x23, 0x2d, 0x17, 
	0x16, 0x03, 0x03, 0x03, 0x00, 0x00, 0x08, 0x0a, 
	0x01, 0x09, 0x0f, 0x09, 0x09, 0x09, 0x09, 0x0a, 
	0x00, 0x17, 0x03, 0x17, 0x1b, 0x19, 0x19, 0x19, 
	0x19, 0x19, 0x1b, 0x1b, 0x2f, 0x09, 0x09, 0x26, 
	0x26, 0x26, 0x30, 0x30, 0x30, 0x31, 0x32, 0x08, 
	0x18, 0x01, 0x1f, 0x33, 0x0d, 0x16, 0x09, 0x03, 
	0x03, 0x03, 0x0b, 0x0b, 0x01, 0x16, 0x17, 0x06, 
	0x19, 0x34, 0x2c, 0x35, 0x2c, 0x1e, 0x1a, 0x17, 
	0x03, 0x03, 0x03, 0x03, 0x16, 0x06, 0x16, 0x01, 
	0x01, 0x09, 0x0f, 0x09, 0x09, 0x09, 0x01, 0x01, 
	0x00, 0x17, 0x03, 0x2e, 0x1b, 0x16, 0x36, 0x19, 
	0x19, 0x16, 0x19, 0x00, 0x06, 0x09, 0x09, 0x26, 
	0x26, 0x30, 0x30, 0x30, 0x30, 0x31, 0x08, 0x2a, 
	0x16, 0x01, 0x0f, 0x03, 0x2e, 0x16, 0x09, 0x03, 
	0x0b, 0x03, 0x0b, 0x0b, 0x0b, 0x16, 0x06, 0x06, 
	0x2c, 0x37, 0x37, 0x12, 0x2c, 0x1e, 0x06, 0x17, 
	0x03, 0x03, 0x03, 0x03, 0x19, 0x17, 0x16, 0x01, 
	0x0b, 0x01, 0x20, 0x29, 0x09, 0x09, 0x09, 0x01, 
	0x06, 0x17, 0x19, 0x17, 0x0d, 0x2c, 0x19, 0x19, 
	0x19, 0x24, 0x03, 0x16, 0x17, 0x09, 0x0b, 0x26, 
	0x08, 0x26, 0x26, 0x30, 0x30, 0x38, 0x08, 0x06, 
	0x28, 0x09, 0x1f, 0x03, 0x17, 0x00, 0x01, 0x03, 
	0x0b, 0x0b, 0x0b, 0x0b, 0x18, 0x16, 0x06, 0x06, 
	0x16, 0x0d, 0x37, 0x1b, 0x19, 0x16, 0x0d, 0x17, 
	0x16, 0x1e, 0x16, 0x03, 0x06, 0x2d, 0x00, 0x0b, 
	0x03, 0x0b, 0x09, 0x20, 0x01, 0x01, 0x0b, 0x05, 
	0x17, 0x1a, 0x1b, 0x17, 0x0d, 0x1b, 0x1b, 0x05, 
	0x19, 0x19, 0x05, 0x17, 0x39, 0x0b, 0x0b, 0x25, 
	0x0b, 0x0b, 0x30, 0x0b, 0x38, 0x38, 0x2a, 0x17, 
	0x00, 0x03, 0x02, 0x19, 0x2d, 0x17, 0x03, 0x01, 
	0x0b, 0x01, 0x01, 0x01, 0x09, 0x05, 0x17, 0x06, 
	0x00, 0x0d, 0x0d, 0x06, 0x1b, 0x06, 0x1a, 0x06, 
	0x00, 0x16, 0x00, 0x21, 0x17, 0x17, 0x06, 0x00, 
	0x00, 0x00, 0x28, 0x2a, 0x00, 0x00, 0x27, 0x17, 
	0x06, 0x00, 0x06, 0x2b, 0x2d, 0x17, 0x2e, 0x0d, 
	0x06, 0x06, 0x3a, 0x39, 0x17, 0x19, 0x03, 0x03, 
	0x33, 0x33, 0x03, 0x03, 0x08, 0x16, 0x06, 0x17, 
	0x06, 0x12, 0x0d, 0x2d, 0x2b, 0x17, 0x06, 0x00, 
	0x16, 0x16, 0x16, 0x16, 0x28, 0x3a, 0x17, 0x06, 
	0x06, 0x06, 0x0d, 0x17, 0x17, 0x17, 0x06, 0x00, 
	0x06, 0x06, 0x17, 0x2b, 0x17, 0x06, 0x06, 0x06, 
	0x17, 0x3b, 0x2b, 0x39, 0x39, 0x17, 0x17, 0x06, 
	0x00, 0x00, 0x06, 0x2d, 0x2b, 0x2b, 0x2d, 0x17, 
	0x17, 0x17, 0x06, 0x00, 0x06, 0x06, 0x00, 0x00, 
	0x06, 0x06, 0x07, 0x07, 0x06, 0x17, 0x2b, 0x17, 
	0x1a, 0x17, 0x2b, 0x2b, 0x17, 0x06, 0x17, 0x2b, 
	0x17, 0x2d, 0x2d, 0x2d, 0x2b, 0x3b, 0x17, 0x06, 
	0x12, 0x06, 0x06, 0x06, 0x06, 0x00, 0x00, 0x00, 
	0x00, 0x06, 0x06, 0x06, 0x00, 0x00, 0x00, 0x00, 
	0x00, 0x00, 0x00, 0x00, 0x00, 0x00, 0x3c, 0x16, 
	0x19, 0x00, 0x00, 0x00, 0x00, 0x1b, 0x00, 0x00, 
	0x00, 0x19, 0x00, 0x27, 0x00, 0x06, 0x06, 0x06, 
	0x06, 0x17, 0x17, 0x17, 0x17, 0x0d, 0x1b, 0x00, 
	0x19, 0x00, 0x06, 0x06, 0x00, 0x00, 0x06, 0x06, 
	0x06, 0x06, 0x06, 0x06, 0x00, 0x00, 0x00, 0x06, 
	0x1b, 0x19, 0x1e, 0x1e, 0x16, 0x16, 0x16, 0x16, 
	0x16, 0x03, 0x03, 0x0b, 0x0b, 0x08, 0x00, 0x06, 
	0x16, 0x01, 0x29, 0x01, 0x01, 0x0f, 0x0f, 0x0f, 
	0x01, 0x1e, 0x1a, 0x00, 0x03, 0x03, 0x03, 0x03, 
	0x03, 0x01, 0x01, 0x06, 0x06, 0x16, 0x03, 0x18, 
	0x01, 0x03, 0x00, 0x06, 0x12, 0x04, 0x3d, 0x3e, 
	0x3e, 0x02, 0x00, 0x06, 0x00, 0x08, 0x16, 0x03, 
	0x01, 0x0f, 0x20, 0x0f, 0x1f, 0x0f, 0x01, 0x06, 
	0x03, 0x04, 0x01, 0x02, 0x02, 0x01, 0x01, 0x01, 
	0x03, 0x03, 0x04, 0x01, 0x01, 0x09, 0x16, 0x06, 
	0x03, 0x01, 0x01, 0x01, 0x09, 0x09, 0x09, 0x09, 
	0x01, 0x16, 0x17, 0x16, 0x01, 0x08, 0x16, 0x0b, 
	0x0b, 0x0b, 0x0b, 0x3f, 0x12, 0x14, 0x18, 0x33, 
	0x40, 0x40, 0x24, 0x06, 0x1b, 0x04, 0x11, 0x41, 
	0x11, 0x42, 0x24, 0x06, 0x0c, 0x09, 0x0b, 0x01, 
	0x0b, 0x0b, 0x0a, 0x09, 0x09, 0x01, 0x01, 0x1b, 
	0x16, 0x16, 0x23, 0x03, 0x03, 0x03, 0x0b, 0x03, 
	0x03, 0x24, 0x0e, 0x01, 0x01, 0x01, 0x00, 0x06, 
	0x03, 0x03, 0x16, 0x08, 0x01, 0x01, 0x0a, 0x0b, 
	0x08, 0x24, 0x06, 0x00, 0x01, 0x16, 0x08, 0x01, 
	0x09, 0x09, 0x09, 0x2f, 0x06, 0x01, 0x28, 0x43, 
	0x44, 0x44, 0x44, 0x2e, 0x21, 0x11, 0x45, 0x46, 
	0x47, 0x48, 0x1c, 0x0d, 0x08, 0x0b, 0x08, 0x08, 
	0x0b, 0x0b, 0x0a, 0x0a, 0x01, 0x01, 0x20, 0x06, 
	0x19, 0x1b, 0x19, 0x0b, 0x03, 0x33, 0x33, 0x03, 
	0x03, 0x03, 0x03, 0x03, 0x03, 0x09, 0x16, 0x06, 
	0x0c, 0x03, 0x00, 0x2a, 0x08, 0x08, 0x08, 0x16, 
	0x16, 0x16, 0x06, 0x00, 0x09, 0x16, 0x16, 0x03, 
	0x0b, 0x03, 0x09, 0x17, 0x06, 0x18, 0x28, 0x43, 
	0x21, 0x44, 0x49, 0x2e, 0x0d, 0x48, 0x46, 0x4a, 
	0x1d, 0x48, 0x1c, 0x0d, 0x08, 0x0b, 0x08, 0x0b, 
	0x0b, 0x0b, 0x0b, 0x01, 0x01, 0x01, 0x01, 0x1a, 
	0x16, 0x00, 0x16, 0x03, 0x03, 0x03, 0x03, 0x03, 
	0x0e, 0x04, 0x03, 0x03, 0x03, 0x01, 0x03, 0x06, 
	0x00, 0x03, 0x16, 0x2a, 0x28, 0x08, 0x08, 0x08, 
	0x16, 0x33, 0x00, 0x06, 0x09, 0x08, 0x03, 0x04, 
	0x03, 0x0b, 0x01, 0x00, 0x17, 0x18, 0x33, 0x43, 
	0x43, 0x44, 0x4b, 0x2e, 0x0d, 0x48, 0x46, 0x4a, 
	0x4c, 0x47, 0x1c, 0x06, 0x08, 0x0b, 0x08, 0x0b, 
	0x0b, 0x03, 0x0b, 0x0a, 0x01, 0x01, 0x09, 0x06, 
	0x16, 0x05, 0x1e, 0x03, 0x03, 0x0b, 0x0b, 0x0b, 
	0x0b, 0x0a, 0x0b, 0x0a, 0x0a, 0x01, 0x0a, 0x27, 
	0x06, 0x0c, 0x08, 0x2a, 0x16, 0x16, 0x08, 0x16, 
	0x08, 0x03, 0x16, 0x17, 0x09, 0x08, 0x0b, 0x01, 
	0x01, 0x01, 0x01, 0x00, 0x17, 0x02, 0x24, 0x28, 
	0x05, 0x44, 0x05, 0x2e, 0x0d, 0x48, 0x46, 0x4a, 
	0x4c, 0x46, 0x1c, 0x12, 0x0c, 0x09, 0x0e, 0x01, 
	0x01, 0x03, 0x03, 0x03, 0x01, 0x01, 0x20, 0x06, 
	0x16, 0x05, 0x16, 0x16, 0x33, 0x03, 0x03, 0x0b, 
	0x0b, 0x18, 0x01, 0x0a, 0x0a, 0x01, 0x01, 0x00, 
	0x17, 0x16, 0x0e, 0x0c, 0x16, 0x16, 0x08, 0x33, 
	0x0a, 0x0a, 0x06, 0x1a, 0x01, 0x0b, 0x03, 0x0b, 
	0x03, 0x01, 0x0f, 0x06, 0x17, 0x18, 0x24, 0x05, 
	0x05, 0x44, 0x49, 0x0d, 0x2d, 0x1c, 0x41, 0x4d, 
	0x46, 0x45, 0x48, 0x0d, 0x03, 0x0f, 0x03, 0x01, 
	0x01, 0x01, 0x01, 0x01, 0x01, 0x20, 0x4e, 0x17, 
	0x1e, 0x03, 0x18, 0x01, 0x01, 0x01, 0x09, 0x09, 
	0x1f, 0x1f, 0x0f, 0x09, 0x4e, 0x4e, 0x16, 0x06, 
	0x06, 0x1b, 0x19, 0x1e, 0x03, 0x03, 0x03, 0x1e, 
	0x35, 0x17, 0x1a, 0x06, 0x00, 0x01, 0x0b, 0x0b, 
	0x0c, 0x08, 0x00, 0x2b, 0x17, 0x33, 0x24, 0x05, 
	0x05, 0x49, 0x05, 0x17, 0x2d, 0x2d, 0x2d, 0x0d, 
	0x1b, 0x34, 0x0d, 0x17, 0x00, 0x03, 0x00, 0x16, 
	0x03, 0x03, 0x03, 0x03, 0x03, 0x16, 0x06, 0x2d, 
	0x0d, 0x06, 0x1b, 0x06, 0x06, 0x06, 0x06, 0x06, 
	0x07, 0x00, 0x3c, 0x16, 0x16, 0x06, 0x17, 0x17, 
	0x06, 0x1a, 0x2d, 0x2d, 0x17, 0x17, 0x17, 0x17, 
	0x17, 0x06, 0x07, 0x00, 0x06, 0x06, 0x1a, 0x17, 
	0x17, 0x17, 0x2b, 0x4f, 0x17, 0x2b, 0x3b, 0x2e, 
	0x2e, 0x17, 0x2b, 0x50, 0x2d, 0x17, 0x39, 0x17, 
	0x06, 0x06, 0x06, 0x12, 0x06, 0x1a, 0x17, 0x2b, 
	0x2b, 0x17, 0x17, 0x06, 0x06, 0x17, 0x17, 0x06, 
	0x1a, 0x2b, 0x2b, 0x50, 0x39, 0x2b, 0x17, 0x17, 
	0x2d, 0x50, 0x2b, 0x2d, 0x2b, 0x2b, 0x17, 0x00, 
	0x16, 0x16, 0x00, 0x0d, 0x17, 0x1a, 0x06, 0x06, 
	0x3f, 0x1b, 0x19, 0x00, 0x06, 0x3f, 0x06, 0x06, 
	0x06, 0x17, 0x06, 0x00, 0x16, 0x00, 0x1a, 0x17, 
	0x06, 0x17, 0x2b, 0x0d, 0x16, 0x03, 0x0c, 0x12, 
	0x06, 0x00, 0x00, 0x27, 0x00, 0x19, 0x06, 0x2d, 
	0x17, 0x06, 0x06, 0x06, 0x06, 0x1a, 0x17, 0x06, 
	0x06, 0x19, 0x1e, 0x1d, 0x17, 0x17, 0x16, 0x1e, 
	0x23, 0x19, 0x0d, 0x17, 0x06, 0x0c, 0x01, 0x09, 
	0x01, 0x01, 0x01, 0x03, 0x05, 0x06, 0x00, 0x00, 
	0x03, 0x03, 0x0b, 0x0b, 0x01, 0x08, 0x06, 0x27, 
	0x00, 0x01, 0x01, 0x01, 0x01, 0x01, 0x0e, 0x35, 
	0x06, 0x06, 0x03, 0x0b, 0x0b, 0x0b, 0x03, 0x05, 
	0x06, 0x27, 0x00, 0x16, 0x0b, 0x0b, 0x03, 0x1b, 
	0x06, 0x00, 0x00, 0x27, 0x08, 0x0a, 0x2a, 0x06, 
	0x1e, 0x02, 0x02, 0x24, 0x17, 0x06, 0x18, 0x01, 
	0x01, 0x04, 0x06, 0x00, 0x01, 0x09, 0x09, 0x09, 
	0x38, 0x0b, 0x0b, 0x33, 0x28, 0x06, 0x06, 0x16, 
	0x09, 0x0b, 0x01, 0x09, 0x0f, 0x01, 0x06, 0x06, 
	0x01, 0x0f, 0x01, 0x0e, 0x0e, 0x03, 0x01, 0x16, 
	0x1a, 0x00, 0x01, 0x0b, 0x51, 0x52, 0x08, 0x28, 
	0x06, 0x17, 0x00, 0x03, 0x0b, 0x03, 0x0b, 0x16, 
	0x06, 0x06, 0x2a, 0x4e, 0x0f, 0x09, 0x1f, 0x06, 
	0x42, 0x05, 0x05, 0x00, 0x17, 0x06, 0x03, 0x01, 
	0x10, 0x02, 0x1a, 0x16, 0x09, 0x0b, 0x26, 0x08, 
	0x08, 0x08, 0x32, 0x52, 0x2a, 0x06, 0x0d, 0x16, 
	0x09, 0x08, 0x03, 0x03, 0x0b, 0x0b, 0x2d, 0x00, 
	0x4e, 0x0c, 0x16, 0x16, 0x16, 0x19, 0x03, 0x03, 
	0x17, 0x00, 0x0b, 0x08, 0x2a, 0x52, 0x26, 0x08, 
	0x06, 0x2d, 0x00, 0x0b, 0x08, 0x08, 0x0b, 0x03, 
	0x06, 0x17, 0x0b, 0x1f, 0x03, 0x08, 0x08, 0x06, 
	0x1e, 0x21, 0x1b, 0x06, 0x2e, 0x06, 0x24, 0x01, 
	0x01, 0x03, 0x06, 0x0b, 0x38, 0x08, 0x08, 0x08, 
	0x08, 0x32, 0x32, 0x32, 0x2a, 0x06, 0x17, 0x16, 
	0x0b, 0x08, 0x33, 0x03, 0x0b, 0x03, 0x2b, 0x19, 
	0x0e, 0x3c, 0x35, 0x35, 0x35, 0x35, 0x23, 0x01, 
	0x17, 0x07, 0x0b, 0x26, 0x52, 0x26, 0x26, 0x26, 
	0x07, 0x2b, 0x00, 0x01, 0x08, 0x08, 0x0b, 0x01, 
	0x00, 0x17, 0x09, 0x0c, 0x06, 0x07, 0x2a, 0x06, 
	0x05, 0x21, 0x21, 0x21, 0x21, 0x21, 0x24, 0x0b, 
	0x0b, 0x16, 0x00, 0x01, 0x38, 0x52, 0x52, 0x26, 
	0x26, 0x26, 0x30, 0x30, 0x08, 0x27, 0x17, 0x16, 
	0x0b, 0x03, 0x0b, 0x0b, 0x0b, 0x03, 0x06, 0x00, 
	0x04, 0x16, 0x35, 0x19, 0x19, 0x35, 0x16, 0x01, 
	0x06, 0x06, 0x38, 0x26, 0x53, 0x53, 0x26, 0x26, 
	0x2a, 0x2b, 0x27, 0x09, 0x08, 0x08, 0x04, 0x01, 
	0x16, 0x17, 0x09, 0x2a, 0x06, 0x2a, 0x2a, 0x06, 
	0x05, 0x21, 0x21, 0x54, 0x05, 0x21, 0x33, 0x0b, 
	0x0a, 0x08, 0x00, 0x18, 0x38, 0x51, 0x51, 0x08, 
	0x08, 0x08, 0x08, 0x08, 0x30, 0x2a, 0x39, 0x16, 
	0x09, 0x0b, 0x0b, 0x0b, 0x0b, 0x0b, 0x06, 0x1b, 
	0x04, 0x23, 0x19, 0x19, 0x19, 0x19, 0x23, 0x55, 
	0x06, 0x06, 0x0b, 0x30, 0x53, 0x30, 0x26, 0x26, 
	0x52, 0x17, 0x06, 0x0b, 0x03, 0x03, 0x01, 0x01, 
	0x16, 0x17, 0x01, 0x2a, 0x27, 0x32, 0x32, 0x06, 
	0x24, 0x21, 0x21, 0x1d, 0x24, 0x21, 0x16, 0x03, 
	0x0a, 0x03, 0x12, 0x0b, 0x38, 0x08, 0x08, 0x08, 
	0x26, 0x08, 0x08, 0x08, 0x30, 0x08, 0x2b, 0x16, 
	0x09, 0x18, 0x0b, 0x0b, 0x0a, 0x0b, 0x00, 0x0d, 
	0x0e, 0x19, 0x35, 0x19, 0x19, 0x19, 0x1e, 0x4e, 
	0x00, 0x17, 0x08, 0x26, 0x53, 0x26, 0x26, 0x26, 
	0x32, 0x3f, 0x06, 0x03, 0x03, 0x03, 0x01, 0x09, 
	0x16, 0x17, 0x01, 0x2a, 0x2a, 0x32, 0x32, 0x06, 
	0x03, 0x05, 0x1d, 0x05, 0x24, 0x06, 0x00, 0x16, 
	0x16, 0x0c, 0x06, 0x03, 0x0b, 0x52, 0x08, 0x26, 
	0x26, 0x26, 0x26, 0x26, 0x38, 0x08, 0x2b, 0x16, 
	0x09, 0x0b, 0x0b, 0x0b, 0x03, 0x0b, 0x00, 0x17, 
	0x01, 0x35, 0x35, 0x19, 0x23, 0x0e, 0x55, 0x55, 
	0x06, 0x17, 0x0c, 0x52, 0x32, 0x26, 0x26, 0x31, 
	0x08, 0x06, 0x06, 0x03, 0x0b, 0x01, 0x0f, 0x0f, 
	0x16, 0x17, 0x01, 0x2a, 0x2a, 0x32, 0x32, 0x06, 
	0x03, 0x16, 0x05, 0x24, 0x24, 0x2e, 0x21, 0x00, 
	0x00, 0x16, 0x17, 0x08, 0x0b, 0x52, 0x08, 0x08, 
	0x08, 0x08, 0x08, 0x08, 0x0b, 0x00, 0x2b, 0x08, 
	0x09, 0x03, 0x03, 0x03, 0x16, 0x16, 0x21, 0x17, 
	0x04, 0x23, 0x1e, 0x0e, 0x01, 0x01, 0x55, 0x16, 
	0x17, 0x17, 0x00, 0x07, 0x2a, 0x08, 0x26, 0x26, 
	0x2a, 0x17, 0x06, 0x03, 0x0b, 0x01, 0x0f, 0x01, 
	0x00, 0x17, 0x0b, 0x3c, 0x27, 0x3c, 0x3c, 0x06, 
	0x06, 0x16, 0x24, 0x03, 0x0d, 0x2b, 0x21, 0x1b, 
	0x00, 0x06, 0x39, 0x3c, 0x0b, 0x30, 0x30, 0x08, 
	0x08, 0x3c, 0x2a, 0x2a, 0x06, 0x2b, 0x39, 0x06, 
	0x00, 0x27, 0x2a, 0x00, 0x07, 0x06, 0x2b, 0x39, 
	0x1b, 0x1b, 0x19, 0x19, 0x35, 0x1b, 0x0d, 0x50, 
	0x1a, 0x06, 0x17, 0x17, 0x07, 0x56, 0x56, 0x07, 
	0x4f, 0x17, 0x12, 0x16, 0x0b, 0x09, 0x0b, 0x3c, 
	0x17, 0x06, 0x16, 0x3c, 0x3c, 0x3c, 0x2a, 0x06, 
	0x12, 0x17, 0x39, 0x50, 0x2b, 0x06, 0x1a, 0x2d, 
	0x3b, 0x2b, 0x17, 0x06, 0x06, 0x06, 0x17, 0x17, 
	0x17, 0x17, 0x17, 0x17, 0x17, 0x1a, 0x06, 0x17, 
	0x2b, 0x2b, 0x2b, 0x2b, 0x2b, 0x57, 0x58, 0x06, 
	0x0d, 0x17, 0x2d, 0x2b, 0x17, 0x17, 0x2f, 0x06, 
	0x00, 0x00, 0x06, 0x17, 0x17, 0x2b, 0x17, 0x17, 
	0x06, 0x00, 0x43, 0x06, 0x17, 0x2b, 0x2b, 0x2b, 
	0x06, 0x00, 0x06, 0x17, 0x17, 0x2b, 0x2b, 0x06, 
	
};

Gfx maple_treewway_dl_Mtw_road1_ci8_pal_rgba16_aligner[] = {gsSPEndDisplayList()};
u8 maple_treewway_dl_Mtw_road1_ci8_pal_rgba16[] = {
	0x8c, 0x61, 0xa5, 0x27, 0x9d, 0x25, 0x9c, 0xe5, 
	0xa5, 0x25, 0x8c, 0xa1, 0x84, 0x1f, 0x84, 0x21, 
	0x94, 0xa5, 0xa5, 0x29, 0xa4, 0xe7, 0x9c, 0xe7, 
	0x9c, 0xa5, 0x84, 0x1d, 0xa4, 0xe5, 0xad, 0x69, 
	0xad, 0x67, 0xa5, 0x23, 0x8c, 0x1f, 0xb5, 0xab, 
	0xad, 0xab, 0xb5, 0x6b, 0x94, 0xa3, 0x7b, 0xdd, 
	0x9d, 0x27, 0x94, 0xa1, 0x83, 0xdd, 0x8c, 0x5f, 
	0x94, 0x9f, 0x8c, 0x9f, 0x9c, 0xe3, 0xad, 0x6b, 
	0xa5, 0x69, 0x84, 0x5f, 0x9c, 0xa1, 0x9c, 0xa3, 
	0x94, 0xe3, 0x94, 0xe7, 0x94, 0xa7, 0x8c, 0x21, 
	0x8c, 0xa3, 0xa5, 0x67, 0x8c, 0x63, 0x73, 0x9b, 
	0x94, 0x5f, 0x7b, 0xdb, 0x7c, 0x1d, 0x7b, 0xdf, 
	0x9c, 0xa7, 0x9c, 0xa9, 0x94, 0x65, 0x94, 0xe5, 
	0x8c, 0x5d, 0x94, 0x61, 0x94, 0xe1, 0x8c, 0x1d, 
	0x9c, 0xe9, 0x7b, 0x9b, 0x7c, 0x1f, 0x73, 0xdb, 
	0x94, 0x63, 0xad, 0xa7, 0xad, 0x65, 0x83, 0xdf, 
	0x95, 0x25, 0x9d, 0x21, 0xa5, 0x65, 0x84, 0x61, 
	0x84, 0xa1, 0xa5, 0x21, 0x9c, 0xdf, 0x94, 0xdf, 
	0x9c, 0xe1, 0x8c, 0xe1, 0x94, 0x9d, 0x8c, 0xe3, 
	0x8c, 0x9d, 0xa4, 0xe1, 0xad, 0x29, 0x7b, 0x9d, 
	0x73, 0x99, 0x8c, 0xa5, 0x8c, 0x65, 0x94, 0x67, 
	0x84, 0x9f, 0xad, 0x27, 0x8c, 0x23, 0x6b, 0x59, 
	0x73, 0x59, 
};

Gfx maple_treewway_dl_Leaf_Pile3_ci8_aligner[] = {gsSPEndDisplayList()};
u8 maple_treewway_dl_Leaf_Pile3_ci8[] = {
	0x00, 0x00, 0x01, 0x00, 0x02, 0x03, 0x04, 0x05, 
	0x06, 0x07, 0x04, 0x08, 0x09, 0x0a, 0x0a, 0x0b, 
	0x0c, 0x0d, 0x0d, 0x0e, 0x0f, 0x02, 0x10, 0x11, 
	0x12, 0x11, 0x13, 0x14, 0x15, 0x16, 0x0d, 0x0d, 
	0x0d, 0x0d, 0x0d, 0x0c, 0x03, 0x04, 0x04, 0x03, 
	0x04, 0x0f, 0x03, 0x17, 0x18, 0x18, 0x19, 0x12, 
	0x1a, 0x0c, 0x0c, 0x11, 0x1b, 0x1c, 0x1d, 0x1e, 
	0x10, 0x1f, 0x0f, 0x17, 0x12, 0x11, 0x0c, 0x0c, 
	0x11, 0x0d, 0x11, 0x0c, 0x1b, 0x03, 0x20, 0x21, 
	0x1c, 0x22, 0x12, 0x23, 0x24, 0x25, 0x19, 0x26, 
	0x21, 0x12, 0x11, 0x22, 0x27, 0x28, 0x29, 0x2a, 
	0x21, 0x10, 0x00, 0x2b, 0x00, 0x00, 0x12, 0x11, 
	0x21, 0x11, 0x12, 0x17, 0x17, 0x02, 0x08, 0x2c, 
	0x11, 0x12, 0x12, 0x22, 0x08, 0x05, 0x2d, 0x12, 
	0x2e, 0x20, 0x10, 0x17, 0x02, 0x2f, 0x21, 0x21, 
	0x06, 0x06, 0x0c, 0x0d, 0x0d, 0x0d, 0x12, 0x10, 
	0x03, 0x10, 0x2f, 0x22, 0x0a, 0x30, 0x31, 0x16, 
	0x11, 0x0d, 0x1b, 0x21, 0x21, 0x12, 0x12, 0x11, 
	0x21, 0x32, 0x22, 0x12, 0x12, 0x12, 0x12, 0x20, 
	0x33, 0x2f, 0x0c, 0x0c, 0x1a, 0x11, 0x11, 0x2e, 
	0x04, 0x34, 0x35, 0x12, 0x22, 0x36, 0x00, 0x00, 
	0x2b, 0x2b, 0x37, 0x32, 0x20, 0x10, 0x10, 0x38, 
	0x39, 0x2e, 0x06, 0x1e, 0x3a, 0x10, 0x38, 0x17, 
	0x20, 0x17, 0x17, 0x12, 0x1a, 0x12, 0x12, 0x3b, 
	0x04, 0x3c, 0x05, 0x10, 0x11, 0x12, 0x0d, 0x0d, 
	0x0d, 0x0d, 0x12, 0x33, 0x04, 0x21, 0x3a, 0x3a, 
	0x29, 0x03, 0x06, 0x21, 0x3a, 0x21, 0x12, 0x1e, 
	0x06, 0x13, 0x06, 0x38, 0x10, 0x12, 0x12, 0x3d, 
	0x3e, 0x0d, 0x21, 0x10, 0x38, 0x12, 0x0c, 0x1a, 
	0x1a, 0x1a, 0x11, 0x3a, 0x05, 0x3f, 0x29, 0x17, 
	0x2e, 0x20, 0x29, 0x29, 0x29, 0x1e, 0x26, 0x40, 
	0x41, 0x0e, 0x29, 0x21, 0x21, 0x42, 0x0e, 0x31, 
	0x2b, 0x0e, 0x06, 0x29, 0x10, 0x3a, 0x12, 0x12, 
	0x43, 0x12, 0x03, 0x24, 0x20, 0x03, 0x08, 0x25, 
	0x29, 0x17, 0x24, 0x09, 0x2f, 0x3a, 0x1b, 0x44, 
	0x2b, 0x00, 0x08, 0x29, 0x3a, 0x21, 0x00, 0x2b, 
	0x0d, 0x0e, 0x12, 0x2e, 0x21, 0x32, 0x29, 0x21, 
	0x3a, 0x06, 0x05, 0x08, 0x24, 0x22, 0x22, 0x2d, 
	0x17, 0x12, 0x09, 0x45, 0x07, 0x46, 0x00, 0x01, 
	0x47, 0x0d, 0x0c, 0x12, 0x21, 0x32, 0x0c, 0x0d, 
	0x0c, 0x11, 0x22, 0x26, 0x06, 0x20, 0x03, 0x03, 
	0x32, 0x08, 0x0a, 0x09, 0x24, 0x2f, 0x11, 0x12, 
	0x11, 0x3a, 0x0b, 0x02, 0x48, 0x12, 0x0c, 0x0d, 
	0x0d, 0x0c, 0x11, 0x22, 0x20, 0x12, 0x0c, 0x11, 
	0x11, 0x22, 0x05, 0x2d, 0x49, 0x4a, 0x24, 0x24, 
	0x36, 0x36, 0x15, 0x4b, 0x19, 0x24, 0x21, 0x10, 
	0x10, 0x21, 0x22, 0x12, 0x11, 0x3a, 0x12, 0x1a, 
	0x11, 0x43, 0x1e, 0x24, 0x24, 0x30, 0x4c, 0x3a, 
	0x21, 0x3a, 0x11, 0x12, 0x11, 0x22, 0x09, 0x24, 
	0x4d, 0x0b, 0x12, 0x12, 0x09, 0x2e, 0x2a, 0x21, 
	0x21, 0x21, 0x29, 0x2e, 0x4e, 0x21, 0x12, 0x3a, 
	0x17, 0x4f, 0x22, 0x3a, 0x2f, 0x50, 0x33, 0x05, 
	0x34, 0x2e, 0x10, 0x10, 0x1e, 0x21, 0x0a, 0x4c, 
	0x1b, 0x11, 0x12, 0x51, 0x21, 0x29, 0x21, 0x2e, 
	0x21, 0x20, 0x03, 0x06, 0x21, 0x29, 0x22, 0x17, 
	0x04, 0x08, 0x24, 0x3a, 0x11, 0x4c, 0x17, 0x17, 
	0x20, 0x21, 0x3a, 0x21, 0x21, 0x21, 0x26, 0x19, 
	0x22, 0x52, 0x38, 0x51, 0x51, 0x53, 0x0c, 0x32, 
	0x29, 0x20, 0x24, 0x06, 0x34, 0x54, 0x29, 0x17, 
	0x13, 0x03, 0x06, 0x21, 0x3a, 0x12, 0x12, 0x17, 
	0x20, 0x32, 0x29, 0x55, 0x12, 0x34, 0x51, 0x56, 
	0x20, 0x55, 0x12, 0x3e, 0x3e, 0x01, 0x0e, 0x2f, 
	0x27, 0x24, 0x2f, 0x33, 0x04, 0x36, 0x44, 0x0e, 
	0x3e, 0x06, 0x29, 0x21, 0x21, 0x1c, 0x21, 0x20, 
	0x09, 0x09, 0x0a, 0x29, 0x3e, 0x0e, 0x57, 0x58, 
	0x0e, 0x29, 0x59, 0x00, 0x00, 0x0d, 0x0d, 0x0c, 
	0x11, 0x2f, 0x12, 0x09, 0x5a, 0x3b, 0x51, 0x01, 
	0x0e, 0x13, 0x03, 0x29, 0x3a, 0x29, 0x21, 0x32, 
	0x18, 0x18, 0x18, 0x03, 0x16, 0x2b, 0x00, 0x01, 
	0x3e, 0x08, 0x08, 0x12, 0x0d, 0x0e, 0x11, 0x11, 
	0x3a, 0x3a, 0x12, 0x17, 0x5b, 0x00, 0x00, 0x0d, 
	0x0d, 0x0c, 0x3a, 0x32, 0x29, 0x32, 0x24, 0x24, 
	0x48, 0x5c, 0x5d, 0x2d, 0x0c, 0x0d, 0x0d, 0x0d, 
	0x26, 0x0a, 0x09, 0x12, 0x0c, 0x11, 0x1a, 0x3a, 
	0x12, 0x3a, 0x10, 0x10, 0x3f, 0x0c, 0x0d, 0x1a, 
	0x11, 0x12, 0x17, 0x20, 0x20, 0x24, 0x08, 0x04, 
	0x3a, 0x2e, 0x02, 0x3a, 0x11, 0x11, 0x0d, 0x0c, 
	0x11, 0x2e, 0x5b, 0x26, 0x2f, 0x17, 0x3a, 0x17, 
	0x21, 0x3a, 0x21, 0x29, 0x03, 0x1f, 0x11, 0x11, 
	0x11, 0x1b, 0x22, 0x24, 0x0a, 0x09, 0x09, 0x0a, 
	0x10, 0x11, 0x12, 0x12, 0x22, 0x3a, 0x11, 0x10, 
	0x4c, 0x3a, 0x3a, 0x5e, 0x5c, 0x04, 0x20, 0x29, 
	0x21, 0x29, 0x21, 0x29, 0x2d, 0x17, 0x12, 0x12, 
	0x10, 0x11, 0x38, 0x5f, 0x09, 0x18, 0x35, 0x33, 
	0x10, 0x10, 0x10, 0x1e, 0x33, 0x2f, 0x10, 0x16, 
	0x60, 0x11, 0x10, 0x61, 0x02, 0x04, 0x08, 0x32, 
	0x32, 0x32, 0x06, 0x32, 0x24, 0x20, 0x2f, 0x12, 
	0x3a, 0x38, 0x10, 0x21, 0x32, 0x18, 0x20, 0x62, 
	0x3f, 0x4e, 0x21, 0x21, 0x63, 0x35, 0x09, 0x10, 
	0x1b, 0x0c, 0x0c, 0x0c, 0x21, 0x0f, 0x0b, 0x24, 
	0x24, 0x08, 0x0a, 0x24, 0x0b, 0x64, 0x08, 0x16, 
	0x10, 0x3a, 0x2e, 0x06, 0x35, 0x35, 0x05, 0x65, 
	0x29, 0x21, 0x29, 0x29, 0x29, 0x66, 0x66, 0x06, 
	0x1e, 0x12, 0x67, 0x0e, 0x2b, 0x00, 0x19, 0x5b, 
	0x09, 0x09, 0x19, 0x3b, 0x68, 0x07, 0x51, 0x0c, 
	0x2e, 0x29, 0x21, 0x03, 0x05, 0x33, 0x05, 0x03, 
	0x06, 0x30, 0x15, 0x05, 0x5b, 0x04, 0x04, 0x29, 
	0x21, 0x12, 0x0e, 0x47, 0x00, 0x0c, 0x60, 0x12, 
	0x18, 0x20, 0x08, 0x69, 0x01, 0x47, 0x01, 0x26, 
	0x33, 0x05, 0x06, 0x27, 0x02, 0x05, 0x20, 0x08, 
	0x08, 0x03, 0x54, 0x3e, 0x69, 0x05, 0x03, 0x34, 
	0x12, 0x0c, 0x1a, 0x0c, 0x0d, 0x0c, 0x11, 0x1e, 
	0x24, 0x17, 0x16, 0x31, 0x0d, 0x0d, 0x0d, 0x0c, 
	0x49, 0x20, 0x2d, 0x03, 0x2f, 0x23, 0x17, 0x08, 
	0x3b, 0x3b, 0x51, 0x01, 0x0d, 0x6a, 0x05, 0x0a, 
	0x2f, 0x17, 0x12, 0x43, 0x11, 0x11, 0x12, 0x21, 
	0x29, 0x22, 0x12, 0x11, 0x0d, 0x1a, 0x11, 0x11, 
	0x12, 0x2d, 0x12, 0x12, 0x12, 0x11, 0x2f, 0x09, 
	0x68, 0x00, 0x00, 0x0d, 0x0d, 0x0c, 0x12, 0x17, 
	0x4b, 0x0a, 0x22, 0x4f, 0x21, 0x21, 0x21, 0x29, 
	0x3f, 0x3f, 0x3a, 0x12, 0x12, 0x11, 0x11, 0x22, 
	0x24, 0x33, 0x21, 0x10, 0x10, 0x38, 0x17, 0x18, 
	0x6b, 0x0f, 0x0d, 0x1a, 0x11, 0x12, 0x17, 0x11, 
	0x10, 0x0a, 0x19, 0x5f, 0x19, 0x2e, 0x29, 0x24, 
	0x32, 0x6c, 0x21, 0x21, 0x10, 0x10, 0x3a, 0x24, 
	0x24, 0x20, 0x21, 0x21, 0x21, 0x21, 0x3f, 0x2f, 
	0x60, 0x12, 0x1a, 0x11, 0x11, 0x12, 0x11, 0x10, 
	0x10, 0x21, 0x29, 0x33, 0x5c, 0x03, 0x29, 0x03, 
	0x35, 0x6d, 0x21, 0x12, 0x21, 0x3f, 0x5f, 0x19, 
	0x0a, 0x32, 0x32, 0x29, 0x21, 0x6e, 0x2d, 0x6f, 
	0x0f, 0x00, 0x70, 0x09, 0x55, 0x38, 0x10, 0x21, 
	0x21, 0x29, 0x05, 0x03, 0x03, 0x03, 0x24, 0x3e, 
	0x5a, 0x5b, 0x0e, 0x0e, 0x05, 0x33, 0x71, 0x18, 
	0x64, 0x66, 0x04, 0x03, 0x29, 0x31, 0x00, 0x5a, 
	0x00, 0x00, 0x3c, 0x57, 0x31, 0x29, 0x21, 0x2e, 
	0x21, 0x34, 0x04, 0x05, 0x24, 0x24, 0x24, 0x26, 
	0x2b, 0x00, 0x2b, 0x0e, 0x04, 0x04, 0x11, 0x44, 
	0x68, 0x03, 0x2d, 0x04, 0x03, 0x13, 0x72, 0x00, 
	
};

Gfx maple_treewway_dl_Leaf_Pile3_ci8_pal_rgba16_aligner[] = {gsSPEndDisplayList()};
u8 maple_treewway_dl_Leaf_Pile3_ci8_pal_rgba16[] = {
	0xd4, 0x0d, 0xdc, 0x4f, 0xba, 0x8d, 0xb2, 0x4b, 
	0xa2, 0x4b, 0xaa, 0x4b, 0xba, 0x49, 0xca, 0xcf, 
	0xb2, 0x4d, 0xba, 0x4f, 0xb2, 0x4f, 0xc2, 0x8f, 
	0xcb, 0x8d, 0xd3, 0xcd, 0xcb, 0xcd, 0xbb, 0x4f, 
	0xc3, 0x0b, 0xcb, 0x4d, 0xc3, 0x4d, 0xb2, 0x8b, 
	0xc2, 0xd5, 0xb2, 0x8d, 0xbb, 0x4d, 0xc2, 0x8b, 
	0xb2, 0x51, 0xba, 0x51, 0xd3, 0x8d, 0xc3, 0x4b, 
	0xe4, 0x0b, 0xdb, 0x4b, 0xc3, 0x09, 0xcb, 0x4b, 
	0xba, 0x4b, 0xca, 0x89, 0xca, 0x8b, 0xdb, 0xcb, 
	0xba, 0x4d, 0xcb, 0x93, 0xc3, 0x4f, 0xca, 0xcd, 
	0xd3, 0x4b, 0xc2, 0x49, 0xdb, 0x09, 0xd4, 0x0f, 
	0xca, 0xd5, 0xba, 0x8b, 0xc2, 0x89, 0xc2, 0x8d, 
	0xcb, 0x91, 0xc2, 0xcb, 0xc2, 0x4b, 0xaa, 0x4d, 
	0xb2, 0x49, 0xaa, 0x4f, 0xc2, 0xcf, 0xc3, 0x49, 
	0xc3, 0x07, 0xd2, 0xcd, 0xc3, 0x0d, 0xc3, 0x8f, 
	0xba, 0xcb, 0xd3, 0x15, 0xc3, 0x8d, 0xca, 0x49, 
	0xd3, 0xd1, 0xbb, 0x4b, 0xcb, 0x8b, 0xd3, 0x8f, 
	0xc3, 0x51, 0xba, 0x91, 0xca, 0xc9, 0xd3, 0xcf, 
	0xba, 0x89, 0xb2, 0x89, 0xd3, 0x0b, 0xdb, 0x8d, 
	0xca, 0x8d, 0xc2, 0x4f, 0xe3, 0x8b, 0xcb, 0x0d, 
	0xca, 0xd1, 0xcb, 0x8f, 0xdb, 0x8b, 0xc3, 0x8b, 
	0xc3, 0x91, 0xe3, 0xcb, 0xaa, 0x53, 0xbb, 0x8f, 
	0xbb, 0x8b, 0xbb, 0x0d, 0xbb, 0x8d, 0xc2, 0xcd, 
	0xaa, 0x51, 0xd3, 0x13, 0xb2, 0x53, 0xc2, 0x4d, 
	0xc3, 0x0f, 0xcb, 0xd3, 0xd2, 0x89, 0xaa, 0x49, 
	0xe3, 0x93, 0xca, 0x4b, 0xa2, 0x4d, 0xd4, 0x4d, 
	0xba, 0x8f, 0xc3, 0xcd, 0xe4, 0x0d, 0xb2, 0x8f, 
	0xcb, 0x4f, 0xd2, 0xd5, 0xd3, 0x49, 0xc2, 0xd1, 
	0xdb, 0x93, 0xe3, 0xcf, 0xdc, 0x0f, 
};

Gfx maple_treewway_dl_tex1_128x128_06af14a3bf1df08a_14_ci8_aligner[] = {gsSPEndDisplayList()};
u8 maple_treewway_dl_tex1_128x128_06af14a3bf1df08a_14_ci8[] = {
	0x00, 0x00, 0x01, 0x00, 0x02, 0x03, 0x04, 0x00, 
	0x01, 0x00, 0x01, 0x05, 0x03, 0x03, 0x00, 0x03, 
	0x00, 0x03, 0x06, 0x00, 0x03, 0x00, 0x04, 0x07, 
	0x08, 0x07, 0x09, 0x09, 0x07, 0x06, 0x04, 0x04, 
	0x04, 0x04, 0x04, 0x04, 0x06, 0x04, 0x03, 0x06, 
	0x0a, 0x04, 0x02, 0x0b, 0x04, 0x04, 0x00, 0x00, 
	0x00, 0x07, 0x04, 0x04, 0x04, 0x04, 0x04, 0x00, 
	0x03, 0x06, 0x09, 0x0c, 0x00, 0x00, 0x00, 0x04, 
	0x04, 0x00, 0x00, 0x00, 0x04, 0x00, 0x06, 0x0d, 
	0x03, 0x02, 0x0e, 0x07, 0x07, 0x06, 0x06, 0x09, 
	0x0e, 0x04, 0x00, 0x00, 0x00, 0x00, 0x00, 0x03, 
	0x02, 0x03, 0x00, 0x03, 0x09, 0x04, 0x02, 0x09, 
	0x06, 0x00, 0x04, 0x01, 0x04, 0x03, 0x0f, 0x0d, 
	0x07, 0x10, 0x07, 0x0e, 0x0e, 0x07, 0x07, 0x0e, 
	0x0e, 0x02, 0x00, 0x04, 0x00, 0x00, 0x00, 0x02, 
	0x04, 0x00, 0x00, 0x03, 0x03, 0x00, 0x04, 0x02, 
	0x04, 0x03, 0x00, 0x00, 0x00, 0x03, 0x06, 0x06, 
	0x03, 0x00, 0x0b, 0x09, 0x09, 0x07, 0x0e, 0x0e, 
	0x0e, 0x07, 0x06, 0x06, 0x04, 0x00, 0x01, 0x11, 
	0x04, 0x00, 0x04, 0x02, 0x02, 0x00, 0x00, 0x03, 
	0x01, 0x06, 0x03, 0x00, 0x04, 0x06, 0x06, 0x00, 
	0x03, 0x00, 0x0d, 0x12, 0x0e, 0x09, 0x07, 0x0e, 
	0x12, 0x06, 0x03, 0x06, 0x13, 0x04, 0x00, 0x00, 
	0x00, 0x00, 0x01, 0x0d, 0x03, 0x00, 0x14, 0x15, 
	0x00, 0x00, 0x06, 0x00, 0x02, 0x09, 0x03, 0x04, 
	0x02, 0x00, 0x06, 0x0b, 0x07, 0x0e, 0x13, 0x0e, 
	0x07, 0x04, 0x04, 0x04, 0x04, 0x09, 0x03, 0x0d, 
	0x00, 0x00, 0x01, 0x00, 0x04, 0x04, 0x00, 0x01, 
	0x04, 0x00, 0x00, 0x09, 0x06, 0x00, 0x00, 0x03, 
	0x04, 0x00, 0x00, 0x04, 0x0e, 0x0b, 0x0b, 0x0e, 
	0x03, 0x03, 0x00, 0x03, 0x00, 0x00, 0x00, 0x03, 
	0x06, 0x00, 0x00, 0x03, 0x04, 0x04, 0x00, 0x00, 
	0x01, 0x03, 0x07, 0x03, 0x00, 0x00, 0x00, 0x03, 
	0x04, 0x04, 0x03, 0x00, 0x0e, 0x16, 0x0e, 0x03, 
	0x02, 0x00, 0x00, 0x00, 0x03, 0x00, 0x01, 0x04, 
	0x00, 0x03, 0x0b, 0x0e, 0x02, 0x00, 0x00, 0x17, 
	0x09, 0x0e, 0x07, 0x14, 0x00, 0x00, 0x18, 0x03, 
	0x04, 0x03, 0x03, 0x04, 0x02, 0x06, 0x06, 0x00, 
	0x04, 0x04, 0x00, 0x04, 0x01, 0x01, 0x00, 0x04, 
	0x02, 0x0e, 0x09, 0x07, 0x0e, 0x02, 0x02, 0x02, 
	0x06, 0x06, 0x07, 0x00, 0x04, 0x04, 0x00, 0x01, 
	0x04, 0x00, 0x02, 0x01, 0x0e, 0x09, 0x04, 0x04, 
	0x00, 0x00, 0x0d, 0x01, 0x01, 0x02, 0x00, 0x09, 
	0x09, 0x06, 0x09, 0x19, 0x07, 0x0c, 0x0b, 0x02, 
	0x02, 0x06, 0x13, 0x00, 0x00, 0x04, 0x00, 0x04, 
	0x00, 0x04, 0x00, 0x03, 0x09, 0x0e, 0x02, 0x00, 
	0x01, 0x00, 0x01, 0x00, 0x04, 0x04, 0x02, 0x09, 
	0x06, 0x09, 0x09, 0x06, 0x07, 0x07, 0x06, 0x02, 
	0x06, 0x03, 0x07, 0x02, 0x00, 0x03, 0x01, 0x01, 
	0x00, 0x00, 0x04, 0x0e, 0x0e, 0x07, 0x09, 0x04, 
	0x03, 0x00, 0x00, 0x00, 0x00, 0x00, 0x09, 0x06, 
	0x09, 0x09, 0x09, 0x02, 0x06, 0x07, 0x07, 0x06, 
	0x0e, 0x03, 0x02, 0x0c, 0x09, 0x02, 0x03, 0x00, 
	0x00, 0x03, 0x0e, 0x0e, 0x0e, 0x07, 0x07, 0x0e, 
	0x03, 0x00, 0x00, 0x01, 0x00, 0x04, 0x0e, 0x06, 
	0x06, 0x09, 0x13, 0x09, 0x09, 0x06, 0x06, 0x04, 
	0x06, 0x03, 0x09, 0x06, 0x06, 0x09, 0x0e, 0x06, 
	0x06, 0x0e, 0x09, 0x09, 0x06, 0x06, 0x09, 0x0e, 
	0x06, 0x00, 0x00, 0x04, 0x03, 0x0e, 0x09, 0x09, 
	0x09, 0x07, 0x19, 0x06, 0x09, 0x06, 0x0e, 0x06, 
	0x09, 0x09, 0x07, 0x07, 0x06, 0x09, 0x06, 0x04, 
	0x03, 0x0b, 0x07, 0x0e, 0x13, 0x07, 0x07, 0x0e, 
	0x10, 0x03, 0x09, 0x0e, 0x0b, 0x0c, 0x0e, 0x06, 
	0x09, 0x13, 0x09, 0x0e, 0x06, 0x0e, 0x07, 0x0e, 
	0x06, 0x0e, 0x06, 0x09, 0x09, 0x07, 0x0f, 0x03, 
	0x04, 0x00, 0x07, 0x0e, 0x09, 0x06, 0x16, 0x06, 
	0x03, 0x09, 0x02, 0x02, 0x04, 0x00, 0x04, 0x03, 
	0x0c, 0x0e, 0x07, 0x0e, 0x07, 0x06, 0x13, 0x09, 
	0x02, 0x0e, 0x13, 0x09, 0x07, 0x03, 0x02, 0x03, 
	0x02, 0x0d, 0x00, 0x02, 0x0c, 0x13, 0x09, 0x06, 
	0x03, 0x03, 0x0e, 0x03, 0x02, 0x0d, 0x04, 0x00, 
	0x00, 0x06, 0x07, 0x0e, 0x07, 0x06, 0x07, 0x04, 
	0x04, 0x07, 0x16, 0x07, 0x0d, 0x02, 0x02, 0x02, 
	0x02, 0x0d, 0x00, 0x02, 0x09, 0x0b, 0x02, 0x03, 
	0x00, 0x04, 0x0d, 0x09, 0x03, 0x04, 0x0f, 0x03, 
	0x02, 0x02, 0x07, 0x0c, 0x16, 0x0e, 0x0e, 0x04, 
	0x00, 0x04, 0x07, 0x03, 0x04, 0x02, 0x06, 0x02, 
	0x03, 0x03, 0x01, 0x03, 0x03, 0x06, 0x02, 0x04, 
	0x03, 0x03, 0x00, 0x06, 0x06, 0x09, 0x07, 0x06, 
	0x09, 0x09, 0x0e, 0x07, 0x07, 0x09, 0x07, 0x04, 
	0x03, 0x00, 0x03, 0x09, 0x03, 0x02, 0x03, 0x03, 
	0x03, 0x00, 0x02, 0x02, 0x09, 0x0f, 0x02, 0x00, 
	0x03, 0x04, 0x03, 0x06, 0x06, 0x04, 0x02, 0x00, 
	0x0d, 0x03, 0x02, 0x00, 0x03, 0x00, 0x13, 0x03, 
	0x03, 0x03, 0x00, 0x07, 0x03, 0x02, 0x02, 0x02, 
	0x0d, 0x00, 0x03, 0x07, 0x09, 0x04, 0x04, 0x02, 
	0x02, 0x0d, 0x00, 0x0d, 0x02, 0x04, 0x04, 0x00, 
	0x02, 0x04, 0x04, 0x03, 0x04, 0x04, 0x0e, 0x03, 
	0x03, 0x00, 0x03, 0x04, 0x0e, 0x0d, 0x04, 0x03, 
	0x06, 0x02, 0x03, 0x09, 0x00, 0x04, 0x03, 0x02, 
	0x03, 0x03, 0x04, 0x03, 0x07, 0x01, 0x04, 0x01, 
	0x01, 0x04, 0x01, 0x00, 0x14, 0x07, 0x03, 0x03, 
	0x00, 0x04, 0x02, 0x03, 0x07, 0x0b, 0x0e, 0x07, 
	0x03, 0x00, 0x00, 0x04, 0x06, 0x02, 0x04, 0x02, 
	0x06, 0x04, 0x03, 0x03, 0x07, 0x04, 0x06, 0x03, 
	0x04, 0x01, 0x00, 0x03, 0x0e, 0x10, 0x04, 0x03, 
	0x03, 0x0d, 0x03, 0x04, 0x00, 0x09, 0x03, 0x04, 
	0x00, 0x00, 0x00, 0x00, 0x00, 0x07, 0x03, 0x00, 
	0x03, 0x03, 0x00, 0x04, 0x12, 0x06, 0x09, 0x07, 
	0x02, 0x01, 0x19, 0x09, 0x09, 0x0e, 0x09, 0x00, 
	0x03, 0x04, 0x03, 0x04, 0x0d, 0x06, 0x04, 0x04, 
	0x00, 0x00, 0x00, 0x04, 0x00, 0x00, 0x04, 0x02, 
	0x04, 0x00, 0x04, 0x03, 0x0e, 0x06, 0x09, 0x07, 
	0x09, 0x13, 0x0b, 0x02, 0x02, 0x0e, 0x0e, 0x06, 
	0x03, 0x04, 0x03, 0x06, 0x10, 0x07, 0x04, 0x00, 
	0x00, 0x00, 0x04, 0x04, 0x00, 0x00, 0x00, 0x0e, 
	0x06, 0x03, 0x06, 0x0e, 0x0e, 0x06, 0x09, 0x07, 
	0x07, 0x09, 0x0e, 0x09, 0x1a, 0x07, 0x06, 0x07, 
	0x0e, 0x07, 0x02, 0x04, 0x03, 0x02, 0x00, 0x00, 
	0x00, 0x00, 0x04, 0x04, 0x1b, 0x0f, 0x04, 0x07, 
	0x06, 0x03, 0x06, 0x0e, 0x02, 0x09, 0x0e, 0x0e, 
	0x07, 0x06, 0x06, 0x06, 0x06, 0x06, 0x09, 0x07, 
	0x07, 0x07, 0x04, 0x00, 0x01, 0x00, 0x00, 0x17, 
	0x00, 0x06, 0x06, 0x03, 0x01, 0x00, 0x09, 0x04, 
	0x00, 0x00, 0x00, 0x02, 0x09, 0x06, 0x09, 0x06, 
	0x06, 0x02, 0x07, 0x06, 0x06, 0x06, 0x07, 0x07, 
	0x02, 0x04, 0x03, 0x00, 0x09, 0x00, 0x00, 0x00, 
	0x01, 0x04, 0x04, 0x06, 0x0c, 0x0b, 0x02, 0x00, 
	0x00, 0x18, 0x01, 0x03, 0x06, 0x06, 0x09, 0x06, 
	0x0d, 0x06, 0x06, 0x06, 0x06, 0x03, 0x06, 0x06, 
	0x02, 0x00, 0x00, 0x00, 0x03, 0x09, 0x00, 0x18, 
	0x04, 0x00, 0x04, 0x11, 0x06, 0x00, 0x1b, 0x17, 
	0x01, 0x01, 0x01, 0x01, 0x13, 0x06, 0x06, 0x02, 
	0x02, 0x06, 0x03, 0x06, 0x06, 0x0d, 0x06, 0x0e, 
	0x04, 0x18, 0x00, 0x00, 0x11, 0x03, 0x04, 0x18, 
	0x01, 0x03, 0x00, 0x02, 0x04, 0x00, 0x01, 0x17, 
	0x01, 0x00, 0x00, 0x09, 0x04, 0x02, 0x07, 0x0d, 
	0x06, 0x09, 0x02, 0x07, 0x06, 0x06, 0x07, 0x00, 
	
};

Gfx maple_treewway_dl_tex1_128x128_06af14a3bf1df08a_14_ci8_pal_rgba16_aligner[] = {gsSPEndDisplayList()};
u8 maple_treewway_dl_tex1_128x128_06af14a3bf1df08a_14_ci8_pal_rgba16[] = {
	0xa5, 0x29, 0xad, 0x29, 0x9c, 0xe7, 0xa4, 0xe7, 
	0xa5, 0x27, 0xa4, 0xa5, 0x9c, 0xe5, 0x94, 0xa5, 
	0x8c, 0xa3, 0x9c, 0xa5, 0x9d, 0x27, 0x94, 0x63, 
	0x8c, 0x63, 0xa4, 0xe5, 0x94, 0xa3, 0xa4, 0xe9, 
	0x8c, 0x61, 0xad, 0x2b, 0x94, 0xa1, 0x9c, 0xa3, 
	0xa5, 0x69, 0xb5, 0x6b, 0x94, 0x61, 0xad, 0x6b, 
	0xad, 0x69, 0x94, 0xe5, 0x9c, 0xa7, 0xad, 0x27, 
	
};

Gfx maple_treewway_dl__30_ci8_aligner[] = {gsSPEndDisplayList()};
u8 maple_treewway_dl__30_ci8[] = {
	0x00, 0x00, 0x00, 0x01, 0x02, 0x03, 0x04, 0x04, 
	0x05, 0x06, 0x07, 0x07, 0x08, 0x08, 0x08, 0x08, 
	0x09, 0x09, 0x09, 0x09, 0x0a, 0x09, 0x06, 0x06, 
	0x07, 0x07, 0x08, 0x08, 0x0b, 0x0b, 0x0b, 0x0b, 
	0x00, 0x00, 0x00, 0x01, 0x02, 0x03, 0x04, 0x06, 
	0x06, 0x07, 0x07, 0x07, 0x08, 0x08, 0x08, 0x08, 
	0x09, 0x09, 0x09, 0x09, 0x09, 0x06, 0x06, 0x06, 
	0x07, 0x07, 0x08, 0x08, 0x0b, 0x0b, 0x0b, 0x0b, 
	0x00, 0x00, 0x00, 0x01, 0x0c, 0x03, 0x04, 0x06, 
	0x06, 0x07, 0x07, 0x07, 0x07, 0x08, 0x08, 0x08, 
	0x0a, 0x09, 0x09, 0x09, 0x09, 0x06, 0x06, 0x06, 
	0x07, 0x07, 0x08, 0x08, 0x0b, 0x0b, 0x0b, 0x0b, 
	0x00, 0x00, 0x00, 0x0d, 0x0e, 0x03, 0x04, 0x06, 
	0x06, 0x07, 0x07, 0x07, 0x07, 0x07, 0x08, 0x08, 
	0x09, 0x09, 0x0f, 0x0f, 0x09, 0x09, 0x09, 0x06, 
	0x07, 0x07, 0x08, 0x08, 0x0b, 0x0b, 0x0b, 0x0b, 
	0x00, 0x00, 0x00, 0x00, 0x10, 0x04, 0x04, 0x04, 
	0x06, 0x07, 0x07, 0x07, 0x07, 0x07, 0x07, 0x07, 
	0x07, 0x06, 0x06, 0x07, 0x07, 0x07, 0x07, 0x11, 
	0x07, 0x07, 0x08, 0x08, 0x08, 0x08, 0x08, 0x08, 
	0x00, 0x00, 0x00, 0x00, 0x0e, 0x12, 0x04, 0x04, 
	0x06, 0x07, 0x07, 0x07, 0x07, 0x07, 0x07, 0x07, 
	0x07, 0x06, 0x06, 0x07, 0x07, 0x07, 0x07, 0x11, 
	0x07, 0x07, 0x08, 0x08, 0x08, 0x08, 0x08, 0x08, 
	0x00, 0x00, 0x00, 0x00, 0x01, 0x0e, 0x04, 0x04, 
	0x04, 0x06, 0x07, 0x06, 0x07, 0x07, 0x06, 0x07, 
	0x07, 0x06, 0x07, 0x07, 0x07, 0x0a, 0x07, 0x07, 
	0x07, 0x07, 0x07, 0x07, 0x08, 0x08, 0x08, 0x08, 
	0x00, 0x00, 0x00, 0x00, 0x00, 0x0e, 0x13, 0x04, 
	0x04, 0x04, 0x04, 0x06, 0x07, 0x07, 0x07, 0x07, 
	0x06, 0x07, 0x07, 0x07, 0x07, 0x0a, 0x07, 0x07, 
	0x07, 0x07, 0x07, 0x07, 0x07, 0x08, 0x08, 0x08, 
	0x00, 0x00, 0x00, 0x00, 0x00, 0x01, 0x14, 0x05, 
	0x04, 0x04, 0x04, 0x06, 0x06, 0x06, 0x06, 0x06, 
	0x0f, 0x09, 0x09, 0x09, 0x07, 0x08, 0x07, 0x07, 
	0x07, 0x07, 0x07, 0x07, 0x07, 0x08, 0x08, 0x08, 
	0x00, 0x00, 0x00, 0x00, 0x00, 0x00, 0x15, 0x16, 
	0x17, 0x17, 0x04, 0x04, 0x06, 0x06, 0x05, 0x06, 
	0x09, 0x09, 0x0f, 0x09, 0x07, 0x07, 0x08, 0x08, 
	0x07, 0x07, 0x07, 0x07, 0x07, 0x07, 0x08, 0x08, 
	0x00, 0x00, 0x00, 0x00, 0x00, 0x00, 0x00, 0x16, 
	0x17, 0x17, 0x17, 0x17, 0x05, 0x06, 0x06, 0x07, 
	0x09, 0x09, 0x0f, 0x09, 0x07, 0x07, 0x08, 0x08, 
	0x08, 0x08, 0x08, 0x07, 0x07, 0x07, 0x07, 0x07, 
	0x00, 0x00, 0x00, 0x00, 0x00, 0x00, 0x00, 0x18, 
	0x19, 0x17, 0x17, 0x17, 0x05, 0x06, 0x06, 0x07, 
	0x0a, 0x09, 0x09, 0x0f, 0x08, 0x08, 0x08, 0x08, 
	0x07, 0x07, 0x08, 0x08, 0x07, 0x07, 0x07, 0x07, 
	0x00, 0x00, 0x00, 0x00, 0x00, 0x00, 0x01, 0x1a, 
	0x17, 0x17, 0x17, 0x17, 0x04, 0x04, 0x06, 0x07, 
	0x08, 0x08, 0x1b, 0x08, 0x0b, 0x0b, 0x0b, 0x0b, 
	0x07, 0x08, 0x08, 0x08, 0x08, 0x1b, 0x1b, 0x11, 
	0x00, 0x00, 0x00, 0x00, 0x00, 0x00, 0x1c, 0x02, 
	0x17, 0x17, 0x1d, 0x1d, 0x04, 0x04, 0x06, 0x07, 
	0x1b, 0x1b, 0x08, 0x08, 0x0b, 0x0b, 0x0b, 0x0b, 
	0x08, 0x08, 0x08, 0x08, 0x08, 0x08, 0x1b, 0x1b, 
	0x00, 0x00, 0x00, 0x00, 0x00, 0x00, 0x1a, 0x1e, 
	0x17, 0x17, 0x1d, 0x1d, 0x04, 0x04, 0x06, 0x07, 
	0x1b, 0x08, 0x08, 0x08, 0x0b, 0x0b, 0x0b, 0x0b, 
	0x08, 0x08, 0x08, 0x08, 0x08, 0x08, 0x08, 0x1b, 
	0x00, 0x00, 0x00, 0x00, 0x00, 0x01, 0x1a, 0x1e, 
	0x1e, 0x17, 0x1d, 0x1d, 0x04, 0x04, 0x04, 0x06, 
	0x11, 0x08, 0x08, 0x08, 0x0b, 0x0b, 0x0b, 0x0b, 
	0x07, 0x08, 0x08, 0x08, 0x08, 0x08, 0x08, 0x1b, 
	0x00, 0x00, 0x00, 0x00, 0x1f, 0x20, 0x03, 0x03, 
	0x19, 0x19, 0x1d, 0x1d, 0x04, 0x04, 0x04, 0x11, 
	0x0f, 0x07, 0x08, 0x08, 0x08, 0x08, 0x08, 0x08, 
	0x08, 0x08, 0x08, 0x08, 0x08, 0x08, 0x08, 0x07, 
	0x00, 0x00, 0x00, 0x00, 0x21, 0x0c, 0x03, 0x03, 
	0x19, 0x19, 0x1d, 0x1d, 0x04, 0x16, 0x04, 0x04, 
	0x0f, 0x0f, 0x07, 0x07, 0x08, 0x08, 0x08, 0x08, 
	0x08, 0x08, 0x08, 0x08, 0x08, 0x08, 0x07, 0x07, 
	0x00, 0x00, 0x00, 0x00, 0x22, 0x03, 0x03, 0x03, 
	0x17, 0x17, 0x17, 0x1d, 0x04, 0x04, 0x04, 0x04, 
	0x0f, 0x0f, 0x07, 0x07, 0x07, 0x08, 0x08, 0x08, 
	0x08, 0x08, 0x08, 0x08, 0x07, 0x07, 0x07, 0x07, 
	0x00, 0x00, 0x00, 0x0d, 0x20, 0x03, 0x03, 0x03, 
	0x17, 0x1d, 0x1d, 0x1d, 0x04, 0x04, 0x04, 0x04, 
	0x04, 0x0f, 0x0f, 0x07, 0x07, 0x07, 0x07, 0x08, 
	0x07, 0x07, 0x07, 0x07, 0x07, 0x07, 0x07, 0x07, 
	0x00, 0x00, 0x00, 0x01, 0x1c, 0x0e, 0x19, 0x17, 
	0x17, 0x04, 0x0f, 0x0f, 0x04, 0x04, 0x04, 0x04, 
	0x1d, 0x11, 0x11, 0x06, 0x06, 0x06, 0x07, 0x07, 
	0x07, 0x07, 0x07, 0x07, 0x07, 0x07, 0x07, 0x08, 
	0x00, 0x00, 0x00, 0x01, 0x1c, 0x0e, 0x0e, 0x19, 
	0x17, 0x0f, 0x0f, 0x0f, 0x06, 0x04, 0x04, 0x04, 
	0x1d, 0x11, 0x11, 0x11, 0x06, 0x06, 0x06, 0x07, 
	0x07, 0x07, 0x06, 0x06, 0x07, 0x07, 0x08, 0x08, 
	0x00, 0x00, 0x00, 0x01, 0x1c, 0x22, 0x1c, 0x0e, 
	0x17, 0x04, 0x0f, 0x0f, 0x06, 0x06, 0x04, 0x04, 
	0x1d, 0x11, 0x11, 0x11, 0x06, 0x06, 0x06, 0x07, 
	0x07, 0x06, 0x06, 0x07, 0x07, 0x08, 0x08, 0x08, 
	0x00, 0x00, 0x00, 0x01, 0x22, 0x1c, 0x22, 0x19, 
	0x17, 0x0f, 0x0f, 0x07, 0x06, 0x06, 0x06, 0x06, 
	0x11, 0x11, 0x11, 0x11, 0x06, 0x06, 0x07, 0x07, 
	0x06, 0x06, 0x06, 0x07, 0x07, 0x08, 0x08, 0x08, 
	0x00, 0x00, 0x00, 0x0d, 0x1c, 0x22, 0x10, 0x19, 
	0x04, 0x0f, 0x07, 0x07, 0x07, 0x07, 0x06, 0x06, 
	0x04, 0x04, 0x06, 0x06, 0x06, 0x07, 0x07, 0x07, 
	0x07, 0x11, 0x11, 0x07, 0x07, 0x07, 0x08, 0x08, 
	0x00, 0x00, 0x00, 0x0d, 0x1c, 0x23, 0x19, 0x17, 
	0x04, 0x0f, 0x07, 0x07, 0x07, 0x07, 0x07, 0x06, 
	0x06, 0x06, 0x06, 0x07, 0x07, 0x07, 0x07, 0x07, 
	0x07, 0x07, 0x07, 0x07, 0x07, 0x07, 0x08, 0x07, 
	0x00, 0x00, 0x00, 0x0d, 0x22, 0x10, 0x19, 0x17, 
	0x04, 0x0f, 0x0f, 0x0f, 0x07, 0x07, 0x06, 0x06, 
	0x06, 0x06, 0x07, 0x07, 0x07, 0x07, 0x07, 0x07, 
	0x07, 0x07, 0x07, 0x07, 0x07, 0x07, 0x07, 0x07, 
	0x00, 0x00, 0x00, 0x00, 0x1c, 0x0e, 0x24, 0x19, 
	0x17, 0x17, 0x17, 0x0f, 0x07, 0x07, 0x07, 0x06, 
	0x07, 0x07, 0x07, 0x07, 0x07, 0x07, 0x07, 0x07, 
	0x07, 0x07, 0x0a, 0x0a, 0x07, 0x07, 0x07, 0x07, 
	0x00, 0x00, 0x00, 0x00, 0x1c, 0x02, 0x02, 0x1e, 
	0x1e, 0x16, 0x16, 0x04, 0x11, 0x11, 0x11, 0x06, 
	0x07, 0x07, 0x08, 0x08, 0x07, 0x07, 0x07, 0x07, 
	0x07, 0x07, 0x08, 0x08, 0x07, 0x08, 0x08, 0x08, 
	0x00, 0x00, 0x00, 0x00, 0x01, 0x1c, 0x1c, 0x02, 
	0x12, 0x1e, 0x16, 0x16, 0x1d, 0x11, 0x11, 0x11, 
	0x07, 0x08, 0x08, 0x08, 0x08, 0x07, 0x07, 0x07, 
	0x07, 0x08, 0x08, 0x08, 0x07, 0x08, 0x08, 0x08, 
	0x00, 0x00, 0x00, 0x00, 0x00, 0x1c, 0x1c, 0x1c, 
	0x02, 0x1e, 0x16, 0x04, 0x1d, 0x11, 0x11, 0x11, 
	0x07, 0x08, 0x08, 0x08, 0x08, 0x07, 0x07, 0x07, 
	0x07, 0x08, 0x08, 0x07, 0x07, 0x08, 0x08, 0x08, 
	0x00, 0x00, 0x00, 0x00, 0x00, 0x01, 0x1c, 0x1c, 
	0x25, 0x18, 0x04, 0x04, 0x1d, 0x11, 0x11, 0x11, 
	0x07, 0x07, 0x08, 0x08, 0x07, 0x07, 0x07, 0x07, 
	0x07, 0x08, 0x08, 0x07, 0x07, 0x08, 0x08, 0x08, 
	0x00, 0x00, 0x00, 0x00, 0x00, 0x00, 0x21, 0x21, 
	0x1c, 0x26, 0x27, 0x05, 0x0f, 0x0f, 0x0f, 0x0f, 
	0x07, 0x07, 0x08, 0x08, 0x08, 0x08, 0x08, 0x07, 
	0x07, 0x08, 0x08, 0x07, 0x07, 0x08, 0x08, 0x08, 
	0x00, 0x00, 0x00, 0x00, 0x00, 0x00, 0x21, 0x21, 
	0x1c, 0x1c, 0x28, 0x05, 0x0f, 0x0f, 0x04, 0x04, 
	0x0f, 0x07, 0x08, 0x08, 0x08, 0x08, 0x08, 0x08, 
	0x08, 0x08, 0x08, 0x07, 0x07, 0x08, 0x08, 0x08, 
	0x00, 0x00, 0x00, 0x00, 0x00, 0x00, 0x01, 0x21, 
	0x1c, 0x1c, 0x0e, 0x05, 0x04, 0x0f, 0x0f, 0x04, 
	0x04, 0x0f, 0x07, 0x08, 0x08, 0x08, 0x08, 0x08, 
	0x08, 0x08, 0x08, 0x07, 0x07, 0x08, 0x08, 0x08, 
	0x00, 0x00, 0x00, 0x00, 0x00, 0x01, 0x21, 0x1c, 
	0x1c, 0x1c, 0x0e, 0x05, 0x03, 0x0f, 0x04, 0x0f, 
	0x04, 0x0f, 0x07, 0x08, 0x08, 0x08, 0x08, 0x08, 
	0x08, 0x08, 0x08, 0x07, 0x07, 0x08, 0x08, 0x08, 
	0x00, 0x00, 0x00, 0x00, 0x01, 0x01, 0x1c, 0x22, 
	0x1c, 0x1c, 0x0e, 0x17, 0x03, 0x04, 0x04, 0x06, 
	0x06, 0x06, 0x09, 0x0a, 0x08, 0x08, 0x08, 0x08, 
	0x08, 0x08, 0x07, 0x07, 0x07, 0x08, 0x08, 0x08, 
	0x00, 0x00, 0x00, 0x00, 0x01, 0x22, 0x22, 0x22, 
	0x1c, 0x22, 0x10, 0x17, 0x03, 0x03, 0x04, 0x06, 
	0x06, 0x06, 0x09, 0x09, 0x07, 0x08, 0x08, 0x08, 
	0x08, 0x08, 0x07, 0x08, 0x08, 0x08, 0x08, 0x08, 
	0x00, 0x00, 0x00, 0x1f, 0x22, 0x19, 0x19, 0x19, 
	0x0e, 0x0e, 0x10, 0x19, 0x1e, 0x03, 0x04, 0x06, 
	0x06, 0x06, 0x06, 0x06, 0x07, 0x07, 0x07, 0x07, 
	0x07, 0x07, 0x07, 0x08, 0x08, 0x08, 0x08, 0x08, 
	0x00, 0x00, 0x00, 0x21, 0x22, 0x19, 0x19, 0x19, 
	0x22, 0x1c, 0x0e, 0x10, 0x02, 0x12, 0x04, 0x06, 
	0x06, 0x06, 0x09, 0x09, 0x07, 0x07, 0x07, 0x07, 
	0x07, 0x07, 0x07, 0x08, 0x08, 0x08, 0x08, 0x08, 
	0x00, 0x00, 0x00, 0x1c, 0x26, 0x29, 0x19, 0x22, 
	0x1c, 0x25, 0x20, 0x20, 0x1c, 0x02, 0x16, 0x11, 
	0x06, 0x07, 0x07, 0x07, 0x07, 0x07, 0x07, 0x07, 
	0x07, 0x07, 0x08, 0x08, 0x0b, 0x0b, 0x0b, 0x0b, 
	0x00, 0x00, 0x00, 0x1c, 0x0e, 0x19, 0x22, 0x1c, 
	0x01, 0x1c, 0x25, 0x1c, 0x1c, 0x02, 0x1e, 0x11, 
	0x06, 0x06, 0x06, 0x06, 0x07, 0x07, 0x07, 0x06, 
	0x07, 0x07, 0x08, 0x08, 0x0b, 0x0b, 0x0b, 0x0b, 
	0x00, 0x00, 0x00, 0x1c, 0x0e, 0x26, 0x1c, 0x1f, 
	0x01, 0x1c, 0x20, 0x20, 0x02, 0x12, 0x16, 0x11, 
	0x06, 0x06, 0x06, 0x06, 0x07, 0x07, 0x07, 0x07, 
	0x0f, 0x07, 0x08, 0x08, 0x0b, 0x0b, 0x0b, 0x0b, 
	0x00, 0x00, 0x00, 0x21, 0x22, 0x22, 0x1f, 0x1f, 
	0x01, 0x01, 0x20, 0x24, 0x1e, 0x16, 0x11, 0x11, 
	0x06, 0x06, 0x06, 0x07, 0x07, 0x07, 0x07, 0x06, 
	0x04, 0x0f, 0x08, 0x08, 0x0b, 0x0b, 0x0b, 0x0b, 
	0x00, 0x00, 0x00, 0x0d, 0x21, 0x21, 0x0d, 0x0d, 
	0x1f, 0x1c, 0x0e, 0x24, 0x1e, 0x03, 0x04, 0x06, 
	0x11, 0x09, 0x09, 0x09, 0x0a, 0x09, 0x09, 0x11, 
	0x0f, 0x0f, 0x09, 0x0a, 0x08, 0x07, 0x07, 0x08, 
	0x00, 0x00, 0x00, 0x00, 0x01, 0x01, 0x0d, 0x0d, 
	0x1f, 0x1c, 0x20, 0x24, 0x1e, 0x03, 0x03, 0x04, 
	0x11, 0x09, 0x09, 0x0a, 0x0a, 0x0a, 0x09, 0x09, 
	0x0f, 0x0f, 0x09, 0x09, 0x07, 0x07, 0x07, 0x07, 
	0x00, 0x00, 0x00, 0x00, 0x01, 0x21, 0x0d, 0x0d, 
	0x1f, 0x1c, 0x20, 0x24, 0x03, 0x03, 0x03, 0x06, 
	0x09, 0x09, 0x0a, 0x0a, 0x0a, 0x09, 0x0a, 0x09, 
	0x0f, 0x0a, 0x09, 0x09, 0x07, 0x07, 0x07, 0x07, 
	0x00, 0x00, 0x00, 0x00, 0x21, 0x21, 0x0d, 0x01, 
	0x1f, 0x1c, 0x20, 0x24, 0x03, 0x03, 0x04, 0x06, 
	0x09, 0x0a, 0x09, 0x0a, 0x0a, 0x09, 0x09, 0x11, 
	0x0a, 0x0a, 0x0a, 0x09, 0x07, 0x07, 0x07, 0x07, 
	0x00, 0x00, 0x00, 0x1f, 0x25, 0x20, 0x21, 0x21, 
	0x21, 0x21, 0x0e, 0x10, 0x1e, 0x17, 0x04, 0x04, 
	0x0f, 0x09, 0x0a, 0x0a, 0x0a, 0x07, 0x11, 0x07, 
	0x0b, 0x0b, 0x0b, 0x0b, 0x07, 0x07, 0x07, 0x07, 
	0x00, 0x00, 0x00, 0x22, 0x15, 0x15, 0x20, 0x21, 
	0x21, 0x22, 0x10, 0x19, 0x17, 0x04, 0x04, 0x04, 
	0x0f, 0x09, 0x09, 0x09, 0x07, 0x07, 0x07, 0x0a, 
	0x0b, 0x0b, 0x0b, 0x0b, 0x08, 0x08, 0x08, 0x07, 
	0x00, 0x00, 0x00, 0x10, 0x24, 0x24, 0x10, 0x20, 
	0x0e, 0x10, 0x19, 0x05, 0x17, 0x04, 0x04, 0x07, 
	0x09, 0x09, 0x0f, 0x0f, 0x07, 0x07, 0x07, 0x0a, 
	0x0b, 0x0b, 0x0b, 0x0b, 0x08, 0x07, 0x07, 0x08, 
	0x00, 0x00, 0x21, 0x20, 0x19, 0x19, 0x24, 0x24, 
	0x10, 0x10, 0x19, 0x19, 0x17, 0x04, 0x04, 0x07, 
	0x09, 0x09, 0x09, 0x09, 0x11, 0x07, 0x07, 0x07, 
	0x0b, 0x0b, 0x0b, 0x0b, 0x08, 0x07, 0x07, 0x07, 
	0x00, 0x1c, 0x22, 0x1e, 0x17, 0x17, 0x19, 0x19, 
	0x24, 0x24, 0x16, 0x29, 0x05, 0x06, 0x07, 0x07, 
	0x07, 0x07, 0x07, 0x07, 0x07, 0x07, 0x07, 0x07, 
	0x08, 0x08, 0x08, 0x08, 0x0a, 0x07, 0x07, 0x07, 
	0x00, 0x22, 0x0e, 0x1e, 0x17, 0x05, 0x19, 0x19, 
	0x29, 0x29, 0x29, 0x16, 0x05, 0x05, 0x06, 0x07, 
	0x07, 0x07, 0x07, 0x07, 0x07, 0x07, 0x07, 0x07, 
	0x08, 0x08, 0x08, 0x08, 0x07, 0x0a, 0x07, 0x07, 
	0x00, 0x1c, 0x22, 0x1e, 0x17, 0x17, 0x19, 0x19, 
	0x29, 0x29, 0x16, 0x04, 0x05, 0x06, 0x07, 0x07, 
	0x07, 0x07, 0x07, 0x07, 0x0a, 0x07, 0x11, 0x07, 
	0x07, 0x08, 0x08, 0x08, 0x0a, 0x07, 0x07, 0x07, 
	0x00, 0x00, 0x1c, 0x0e, 0x1e, 0x19, 0x19, 0x19, 
	0x29, 0x29, 0x16, 0x04, 0x05, 0x06, 0x06, 0x06, 
	0x06, 0x06, 0x07, 0x07, 0x0a, 0x0a, 0x07, 0x11, 
	0x08, 0x08, 0x08, 0x08, 0x07, 0x07, 0x07, 0x11, 
	0x00, 0x00, 0x00, 0x00, 0x2a, 0x1e, 0x2a, 0x2b, 
	0x1e, 0x17, 0x17, 0x17, 0x04, 0x04, 0x06, 0x06, 
	0x06, 0x06, 0x07, 0x07, 0x0a, 0x0a, 0x09, 0x11, 
	0x09, 0x09, 0x0a, 0x09, 0x06, 0x07, 0x06, 0x06, 
	0x00, 0x00, 0x00, 0x00, 0x00, 0x20, 0x15, 0x2b, 
	0x17, 0x17, 0x17, 0x17, 0x04, 0x04, 0x04, 0x06, 
	0x06, 0x06, 0x07, 0x07, 0x0a, 0x09, 0x09, 0x09, 
	0x09, 0x09, 0x09, 0x09, 0x06, 0x07, 0x07, 0x07, 
	0x00, 0x00, 0x00, 0x00, 0x00, 0x01, 0x20, 0x2b, 
	0x17, 0x17, 0x1d, 0x1d, 0x04, 0x04, 0x04, 0x04, 
	0x06, 0x07, 0x07, 0x07, 0x09, 0x09, 0x0a, 0x09, 
	0x0f, 0x0f, 0x0f, 0x09, 0x07, 0x07, 0x07, 0x07, 
	0x00, 0x00, 0x00, 0x00, 0x00, 0x00, 0x15, 0x2b, 
	0x1d, 0x1d, 0x1d, 0x17, 0x04, 0x04, 0x04, 0x06, 
	0x06, 0x06, 0x07, 0x07, 0x09, 0x09, 0x0a, 0x09, 
	0x0f, 0x0f, 0x0f, 0x09, 0x07, 0x07, 0x07, 0x07, 
	0x00, 0x00, 0x00, 0x00, 0x00, 0x01, 0x20, 0x05, 
	0x04, 0x04, 0x04, 0x04, 0x04, 0x04, 0x06, 0x07, 
	0x07, 0x07, 0x07, 0x07, 0x09, 0x09, 0x0a, 0x09, 
	0x07, 0x11, 0x07, 0x07, 0x07, 0x07, 0x07, 0x07, 
	0x00, 0x00, 0x00, 0x00, 0x00, 0x20, 0x27, 0x05, 
	0x04, 0x04, 0x04, 0x04, 0x04, 0x06, 0x07, 0x07, 
	0x07, 0x07, 0x07, 0x07, 0x0a, 0x09, 0x09, 0x09, 
	0x07, 0x07, 0x07, 0x07, 0x07, 0x07, 0x07, 0x07, 
	0x00, 0x00, 0x00, 0x00, 0x01, 0x20, 0x05, 0x05, 
	0x06, 0x06, 0x06, 0x04, 0x06, 0x06, 0x07, 0x07, 
	0x07, 0x07, 0x07, 0x08, 0x0a, 0x0a, 0x09, 0x11, 
	0x07, 0x07, 0x07, 0x07, 0x08, 0x08, 0x08, 0x08, 
	0x00, 0x00, 0x00, 0x0d, 0x20, 0x27, 0x05, 0x05, 
	0x06, 0x06, 0x06, 0x06, 0x07, 0x07, 0x07, 0x07, 
	0x07, 0x07, 0x07, 0x07, 0x0a, 0x0a, 0x09, 0x11, 
	0x11, 0x07, 0x0a, 0x0a, 0x08, 0x08, 0x08, 0x08, 
	
};

Gfx maple_treewway_dl__30_ci8_pal_rgba16_aligner[] = {gsSPEndDisplayList()};
u8 maple_treewway_dl__30_ci8_pal_rgba16[] = {
	0x00, 0x00, 0x31, 0x03, 0x82, 0x41, 0x9a, 0xc3, 
	0xb3, 0x49, 0xab, 0x07, 0xc3, 0xcd, 0xcc, 0x0f, 
	0xdc, 0x91, 0xcc, 0x4f, 0xd4, 0x91, 0xdc, 0x93, 
	0x8a, 0xc5, 0x28, 0xc3, 0x7a, 0x01, 0xc3, 0xcb, 
	0x82, 0x01, 0xbb, 0x8b, 0x8a, 0x41, 0xab, 0x49, 
	0x92, 0xc5, 0x79, 0xc1, 0xa2, 0xc5, 0xa3, 0x05, 
	0x9a, 0xc5, 0x92, 0x81, 0x7a, 0x41, 0xd4, 0x51, 
	0x41, 0x83, 0xab, 0x47, 0x92, 0x41, 0x29, 0x03, 
	0x71, 0xc1, 0x39, 0x43, 0x72, 0x01, 0x82, 0x83, 
	0x8a, 0x01, 0x69, 0xc1, 0x8a, 0x83, 0xa3, 0x07, 
	0x9b, 0x07, 0x9a, 0x81, 0x81, 0xc1, 0x9a, 0x83, 
	
};

Gfx maple_treewway_dl_tex1_128x128_61eab27110ebeccc_14_ci8_aligner[] = {gsSPEndDisplayList()};
u8 maple_treewway_dl_tex1_128x128_61eab27110ebeccc_14_ci8[] = {
	0x00, 0x01, 0x02, 0x03, 0x03, 0x01, 0x03, 0x03, 
	0x03, 0x03, 0x00, 0x02, 0x04, 0x04, 0x02, 0x02, 
	0x05, 0x03, 0x00, 0x02, 0x02, 0x06, 0x07, 0x04, 
	0x01, 0x02, 0x01, 0x03, 0x08, 0x05, 0x03, 0x05, 
	0x03, 0x01, 0x03, 0x00, 0x03, 0x03, 0x03, 0x00, 
	0x09, 0x09, 0x03, 0x0a, 0x0a, 0x01, 0x03, 0x03, 
	0x03, 0x03, 0x03, 0x02, 0x0a, 0x04, 0x0a, 0x02, 
	0x02, 0x00, 0x03, 0x09, 0x09, 0x09, 0x05, 0x03, 
	0x09, 0x0b, 0x08, 0x09, 0x08, 0x09, 0x08, 0x0c, 
	0x0d, 0x0d, 0x0b, 0x03, 0x00, 0x05, 0x08, 0x08, 
	0x0c, 0x0b, 0x08, 0x09, 0x09, 0x09, 0x08, 0x08, 
	0x0d, 0x0d, 0x0d, 0x0d, 0x0c, 0x08, 0x08, 0x08, 
	0x00, 0x00, 0x01, 0x01, 0x03, 0x02, 0x00, 0x02, 
	0x08, 0x05, 0x05, 0x02, 0x02, 0x02, 0x05, 0x05, 
	0x05, 0x03, 0x03, 0x03, 0x03, 0x03, 0x03, 0x09, 
	0x05, 0x09, 0x09, 0x09, 0x05, 0x03, 0x01, 0x00, 
	0x02, 0x0a, 0x02, 0x01, 0x01, 0x02, 0x01, 0x03, 
	0x05, 0x00, 0x01, 0x0a, 0x04, 0x02, 0x01, 0x02, 
	0x00, 0x03, 0x01, 0x03, 0x03, 0x03, 0x03, 0x01, 
	0x00, 0x00, 0x03, 0x00, 0x03, 0x00, 0x00, 0x0a, 
	0x08, 0x08, 0x0b, 0x08, 0x0e, 0x0d, 0x0d, 0x0c, 
	0x0f, 0x0b, 0x08, 0x03, 0x09, 0x0c, 0x0f, 0x0c, 
	0x0d, 0x0e, 0x0e, 0x0d, 0x0e, 0x0f, 0x0e, 0x0e, 
	0x0e, 0x0d, 0x10, 0x0e, 0x0e, 0x0d, 0x0c, 0x08, 
	0x0c, 0x0b, 0x0d, 0x0d, 0x10, 0x11, 0x11, 0x10, 
	0x11, 0x0e, 0x0b, 0x08, 0x0d, 0x10, 0x12, 0x10, 
	0x10, 0x10, 0x10, 0x0d, 0x10, 0x11, 0x11, 0x11, 
	0x13, 0x11, 0x14, 0x14, 0x11, 0x0d, 0x0f, 0x0d, 
	0x0d, 0x08, 0x0d, 0x0d, 0x0e, 0x0e, 0x10, 0x10, 
	0x14, 0x11, 0x10, 0x0e, 0x11, 0x10, 0x12, 0x0e, 
	0x10, 0x14, 0x11, 0x10, 0x14, 0x11, 0x10, 0x0e, 
	0x12, 0x13, 0x14, 0x10, 0x11, 0x0e, 0x0d, 0x0d, 
	0x08, 0x08, 0x0d, 0x0e, 0x0d, 0x0f, 0x10, 0x10, 
	0x11, 0x12, 0x14, 0x11, 0x14, 0x11, 0x11, 0x0e, 
	0x11, 0x11, 0x11, 0x11, 0x11, 0x11, 0x10, 0x11, 
	0x10, 0x14, 0x14, 0x11, 0x0d, 0x0c, 0x0b, 0x08, 
	0x00, 0x01, 0x03, 0x05, 0x08, 0x09, 0x05, 0x08, 
	0x0c, 0x0d, 0x0e, 0x0d, 0x0f, 0x0c, 0x0d, 0x0d, 
	0x0d, 0x0c, 0x0d, 0x0c, 0x0c, 0x0d, 0x0b, 0x08, 
	0x0c, 0x0d, 0x0d, 0x0d, 0x0c, 0x09, 0x09, 0x03, 
	0x08, 0x0c, 0x0b, 0x0b, 0x0c, 0x08, 0x10, 0x10, 
	0x13, 0x15, 0x14, 0x14, 0x14, 0x11, 0x13, 0x14, 
	0x14, 0x14, 0x14, 0x14, 0x14, 0x11, 0x12, 0x10, 
	0x10, 0x11, 0x14, 0x11, 0x11, 0x10, 0x10, 0x0d, 
	0x0a, 0x04, 0x07, 0x06, 0x06, 0x16, 0x02, 0x00, 
	0x05, 0x03, 0x00, 0x01, 0x03, 0x00, 0x03, 0x03, 
	0x03, 0x03, 0x02, 0x00, 0x03, 0x02, 0x02, 0x02, 
	0x02, 0x02, 0x03, 0x01, 0x03, 0x02, 0x02, 0x0a, 
	0x08, 0x08, 0x03, 0x02, 0x02, 0x01, 0x08, 0x0c, 
	0x0d, 0x0e, 0x08, 0x08, 0x08, 0x0e, 0x0c, 0x0d, 
	0x0c, 0x10, 0x0e, 0x0d, 0x0d, 0x0c, 0x09, 0x09, 
	0x05, 0x08, 0x0d, 0x0e, 0x0d, 0x0d, 0x0c, 0x09, 
	0x09, 0x08, 0x08, 0x05, 0x02, 0x02, 0x03, 0x08, 
	0x0d, 0x0f, 0x0c, 0x08, 0x09, 0x08, 0x0c, 0x08, 
	0x08, 0x0d, 0x0c, 0x0c, 0x0b, 0x08, 0x09, 0x09, 
	0x03, 0x05, 0x08, 0x08, 0x08, 0x0c, 0x0b, 0x08, 
	0x10, 0x14, 0x10, 0x0f, 0x08, 0x0d, 0x0e, 0x14, 
	0x14, 0x14, 0x10, 0x10, 0x10, 0x0e, 0x0e, 0x10, 
	0x11, 0x14, 0x10, 0x0e, 0x0e, 0x10, 0x0e, 0x10, 
	0x0c, 0x0d, 0x0d, 0x10, 0x10, 0x14, 0x10, 0x10, 
	0x0c, 0x0b, 0x0c, 0x0b, 0x08, 0x0c, 0x08, 0x0d, 
	0x0d, 0x0d, 0x08, 0x0c, 0x0c, 0x0d, 0x0d, 0x0d, 
	0x0c, 0x0d, 0x09, 0x05, 0x05, 0x0b, 0x08, 0x08, 
	0x08, 0x09, 0x09, 0x0d, 0x0c, 0x0d, 0x0d, 0x0c, 
	0x09, 0x08, 0x08, 0x08, 0x08, 0x0d, 0x0b, 0x0b, 
	0x08, 0x0c, 0x08, 0x09, 0x09, 0x09, 0x08, 0x08, 
	0x0c, 0x08, 0x05, 0x08, 0x05, 0x09, 0x03, 0x09, 
	0x08, 0x0d, 0x08, 0x08, 0x08, 0x08, 0x09, 0x09, 
	0x0d, 0x0e, 0x10, 0x0c, 0x0d, 0x0f, 0x0e, 0x0d, 
	0x0c, 0x0e, 0x0e, 0x0d, 0x0d, 0x0d, 0x0d, 0x0d, 
	0x0d, 0x0c, 0x08, 0x0b, 0x09, 0x08, 0x08, 0x0c, 
	0x0c, 0x0d, 0x0c, 0x0c, 0x0d, 0x0e, 0x0f, 0x0d, 
	0x11, 0x13, 0x13, 0x11, 0x10, 0x10, 0x11, 0x14, 
	0x13, 0x14, 0x14, 0x14, 0x11, 0x11, 0x10, 0x11, 
	0x11, 0x12, 0x0f, 0x08, 0x08, 0x0f, 0x0e, 0x0d, 
	0x0d, 0x0e, 0x0e, 0x10, 0x10, 0x10, 0x10, 0x10, 
	0x13, 0x14, 0x14, 0x12, 0x0e, 0x11, 0x11, 0x14, 
	0x13, 0x13, 0x10, 0x11, 0x11, 0x10, 0x10, 0x11, 
	0x0e, 0x0d, 0x0c, 0x08, 0x0c, 0x0d, 0x0d, 0x0f, 
	0x0f, 0x0d, 0x0d, 0x0e, 0x0d, 0x0e, 0x0e, 0x10, 
	0x14, 0x14, 0x10, 0x10, 0x0e, 0x10, 0x14, 0x14, 
	0x11, 0x11, 0x11, 0x14, 0x12, 0x10, 0x11, 0x10, 
	0x0e, 0x0f, 0x08, 0x0c, 0x08, 0x0c, 0x0d, 0x10, 
	0x0d, 0x0d, 0x0c, 0x0d, 0x0d, 0x10, 0x0f, 0x11, 
	0x0d, 0x0d, 0x0c, 0x0c, 0x0c, 0x0d, 0x0d, 0x0c, 
	0x0d, 0x0d, 0x0d, 0x0b, 0x0b, 0x08, 0x0d, 0x0c, 
	0x09, 0x05, 0x02, 0x02, 0x02, 0x01, 0x03, 0x08, 
	0x08, 0x08, 0x09, 0x08, 0x08, 0x0c, 0x0c, 0x0d, 
	0x10, 0x11, 0x10, 0x12, 0x10, 0x11, 0x10, 0x10, 
	0x11, 0x11, 0x13, 0x14, 0x0e, 0x12, 0x14, 0x12, 
	0x0e, 0x0c, 0x03, 0x05, 0x08, 0x0d, 0x0d, 0x0d, 
	0x0d, 0x10, 0x0e, 0x10, 0x12, 0x11, 0x11, 0x10, 
	0x02, 0x01, 0x00, 0x01, 0x01, 0x00, 0x01, 0x01, 
	0x02, 0x03, 0x03, 0x01, 0x00, 0x02, 0x01, 0x02, 
	0x01, 0x04, 0x06, 0x06, 0x07, 0x04, 0x0a, 0x0a, 
	0x02, 0x01, 0x00, 0x00, 0x03, 0x03, 0x03, 0x02, 
	0x0c, 0x0b, 0x0d, 0x0d, 0x0d, 0x0d, 0x0d, 0x0d, 
	0x0c, 0x0c, 0x10, 0x0d, 0x0f, 0x0d, 0x0d, 0x0d, 
	0x08, 0x00, 0x0a, 0x02, 0x00, 0x09, 0x08, 0x08, 
	0x0c, 0x0c, 0x0d, 0x0d, 0x0e, 0x0e, 0x0c, 0x08, 
	0x09, 0x08, 0x0d, 0x0c, 0x0c, 0x0b, 0x0c, 0x08, 
	0x0c, 0x08, 0x0b, 0x0c, 0x0c, 0x08, 0x08, 0x08, 
	0x03, 0x0a, 0x17, 0x02, 0x00, 0x05, 0x09, 0x09, 
	0x09, 0x08, 0x0d, 0x0d, 0x0d, 0x0b, 0x08, 0x09, 
	0x0e, 0x10, 0x10, 0x10, 0x10, 0x10, 0x11, 0x10, 
	0x11, 0x12, 0x11, 0x14, 0x12, 0x0e, 0x0d, 0x0b, 
	0x09, 0x03, 0x05, 0x05, 0x0b, 0x0d, 0x0f, 0x0e, 
	0x0e, 0x10, 0x11, 0x11, 0x11, 0x10, 0x0d, 0x0e, 
	0x0c, 0x0c, 0x0d, 0x08, 0x08, 0x08, 0x08, 0x08, 
	0x0d, 0x0c, 0x0d, 0x0c, 0x0c, 0x0b, 0x08, 0x03, 
	0x03, 0x03, 0x03, 0x05, 0x08, 0x0b, 0x0b, 0x0d, 
	0x0b, 0x0c, 0x0d, 0x0f, 0x0e, 0x0c, 0x0c, 0x08, 
	0x08, 0x0c, 0x05, 0x02, 0x01, 0x02, 0x03, 0x03, 
	0x09, 0x0b, 0x0d, 0x0b, 0x0c, 0x0b, 0x08, 0x00, 
	0x05, 0x03, 0x08, 0x0c, 0x05, 0x08, 0x03, 0x09, 
	0x08, 0x09, 0x08, 0x0d, 0x08, 0x08, 0x09, 0x08, 
	0x0c, 0x0c, 0x0b, 0x08, 0x05, 0x03, 0x03, 0x09, 
	0x0c, 0x0c, 0x0e, 0x0d, 0x0c, 0x08, 0x08, 0x08, 
	0x0c, 0x0d, 0x0d, 0x0c, 0x0c, 0x0c, 0x09, 0x08, 
	0x08, 0x0c, 0x0d, 0x0f, 0x0e, 0x0d, 0x0c, 0x08, 
	0x0f, 0x0d, 0x0d, 0x08, 0x09, 0x05, 0x08, 0x0b, 
	0x0d, 0x0d, 0x0f, 0x0d, 0x0c, 0x08, 0x0c, 0x0c, 
	0x0d, 0x0e, 0x0e, 0x0f, 0x0d, 0x0b, 0x03, 0x09, 
	0x0b, 0x0e, 0x0e, 0x10, 0x14, 0x10, 0x0c, 0x0f, 
	0x03, 0x02, 0x03, 0x00, 0x03, 0x00, 0x03, 0x00, 
	0x05, 0x03, 0x03, 0x00, 0x01, 0x04, 0x02, 0x04, 
	0x05, 0x09, 0x03, 0x00, 0x01, 0x0a, 0x07, 0x0a, 
	0x01, 0x03, 0x03, 0x08, 0x08, 0x09, 0x03, 0x03, 
	
};

Gfx maple_treewway_dl_tex1_128x128_61eab27110ebeccc_14_ci8_pal_rgba16_aligner[] = {gsSPEndDisplayList()};
u8 maple_treewway_dl_tex1_128x128_61eab27110ebeccc_14_ci8_pal_rgba16[] = {
	0x72, 0x07, 0x6a, 0x07, 0x6a, 0x05, 0x72, 0x47, 
	0x61, 0xc3, 0x72, 0x49, 0x59, 0x81, 0x61, 0x83, 
	0x7a, 0x89, 0x7a, 0x49, 0x69, 0xc5, 0x7a, 0x8b, 
	0x82, 0x8b, 0x82, 0xcb, 0x8a, 0xcd, 0x82, 0xcd, 
	0x8b, 0x0d, 0x93, 0x0f, 0x8b, 0x0f, 0x93, 0x51, 
	0x93, 0x4f, 0x9b, 0x51, 0x59, 0x83, 0x61, 0xc5, 
	
};

Gfx maple_treewway_dl__0E0051425_ci4_aligner[] = {gsSPEndDisplayList()};
u8 maple_treewway_dl__0E0051425_ci4[] = {
	0x01, 0x20, 0x33, 0x34, 0x54, 0x64, 0x40, 0x44, 
	0x40, 0x00, 0x44, 0x44, 0x02, 0x24, 0x44, 0x00, 
	0x36, 0x00, 0x03, 0x34, 0x30, 0x54, 0x44, 0x04, 
	0x20, 0x04, 0x44, 0x40, 0x40, 0x22, 0x22, 0x40, 
	0x04, 0x22, 0x03, 0x40, 0x04, 0x44, 0x26, 0x44, 
	0x14, 0x40, 0x44, 0x40, 0x44, 0x44, 0x40, 0x00, 
	0x02, 0x40, 0x20, 0x44, 0x46, 0x62, 0x22, 0x44, 
	0x42, 0x45, 0x44, 0x04, 0x44, 0x46, 0x21, 0x11, 
	0x40, 0x34, 0x46, 0x42, 0x46, 0x54, 0x22, 0x24, 
	0x05, 0x14, 0x40, 0x75, 0x42, 0x26, 0x22, 0x42, 
	0x06, 0x02, 0x40, 0x40, 0x45, 0x44, 0x42, 0x24, 
	0x05, 0x12, 0x20, 0x11, 0x24, 0x24, 0x52, 0x66, 
	0x00, 0x64, 0x00, 0x04, 0x22, 0x00, 0x44, 0x44, 
	0x24, 0x44, 0x54, 0x24, 0x20, 0x04, 0x51, 0x12, 
	0x12, 0x44, 0x44, 0x44, 0x52, 0x04, 0x24, 0x40, 
	0x24, 0x40, 0x00, 0x44, 0x00, 0x04, 0x46, 0x50, 
	0x04, 0x02, 0x44, 0x61, 0x42, 0x04, 0x60, 0x00, 
	0x44, 0x00, 0x44, 0x44, 0x24, 0x22, 0x22, 0x50, 
	0x03, 0x02, 0x16, 0x26, 0x44, 0x20, 0x03, 0x44, 
	0x04, 0x44, 0x40, 0x44, 0x50, 0x25, 0x20, 0x04, 
	0x44, 0x03, 0x41, 0x12, 0x44, 0x42, 0x03, 0x00, 
	0x04, 0x44, 0x44, 0x04, 0x00, 0x42, 0x42, 0x45, 
	0x42, 0x40, 0x02, 0x46, 0x45, 0x44, 0x24, 0x04, 
	0x44, 0x22, 0x40, 0x04, 0x14, 0x40, 0x30, 0x44, 
	0x02, 0x20, 0x00, 0x00, 0x24, 0x52, 0x22, 0x04, 
	0x54, 0x24, 0x00, 0x21, 0x81, 0x24, 0x00, 0x04, 
	0x12, 0x14, 0x04, 0x03, 0x44, 0x52, 0x24, 0x40, 
	0x42, 0x22, 0x00, 0x19, 0x81, 0x16, 0x00, 0x24, 
	0x66, 0x24, 0x45, 0x30, 0x40, 0x44, 0x44, 0x14, 
	0x04, 0x44, 0x43, 0x04, 0x22, 0x26, 0x44, 0x44, 
	0x42, 0x00, 0x56, 0x40, 0x40, 0x04, 0x42, 0x22, 
	0x44, 0x00, 0x40, 0x04, 0x44, 0x44, 0x44, 0x44, 
	0x42, 0x22, 0x56, 0x04, 0x60, 0x04, 0x24, 0x44, 
	0x40, 0x00, 0x04, 0x42, 0x44, 0x24, 0x40, 0x44, 
	0x40, 0x44, 0x14, 0x04, 0x00, 0x04, 0x44, 0x42, 
	0x40, 0x44, 0x04, 0x44, 0x42, 0x24, 0x40, 0x46, 
	0x54, 0x44, 0x04, 0x02, 0x00, 0x04, 0x44, 0x44, 
	0x44, 0x42, 0x04, 0x00, 0x42, 0x44, 0x40, 0x46, 
	0x24, 0x02, 0x24, 0x61, 0x44, 0x44, 0x40, 0x04, 
	0x41, 0x12, 0x04, 0x40, 0x24, 0x42, 0x40, 0x12, 
	0x40, 0x04, 0x44, 0x24, 0x42, 0x24, 0x00, 0x04, 
	0x28, 0x25, 0x22, 0x44, 0x44, 0x44, 0x44, 0x65, 
	0x44, 0x44, 0x04, 0x04, 0x22, 0x22, 0x44, 0x40, 
	0x26, 0x40, 0x44, 0x04, 0x44, 0x44, 0x44, 0x24, 
	0x14, 0x42, 0x00, 0x04, 0x22, 0x24, 0x42, 0x24, 
	0x24, 0x54, 0x04, 0x44, 0x44, 0x00, 0x22, 0x54, 
	0x24, 0x42, 0x44, 0x42, 0x44, 0x44, 0x42, 0x44, 
	0x40, 0x44, 0x24, 0x40, 0x44, 0x03, 0x00, 0x20, 
	0x04, 0x44, 0x24, 0x22, 0x24, 0x44, 0x54, 0x42, 
	0x40, 0x54, 0x42, 0x04, 0x64, 0x42, 0x42, 0x03, 
	0x44, 0x42, 0x62, 0x26, 0x25, 0x44, 0x44, 0x44, 
	0x04, 0x54, 0x12, 0x42, 0x12, 0x42, 0x41, 0x02, 
	0x24, 0x42, 0x12, 0x22, 0x25, 0x42, 0x24, 0x44, 
	0x44, 0x44, 0x24, 0x44, 0x12, 0x42, 0x44, 0x44, 
	0x21, 0x11, 0x62, 0x22, 0x22, 0x22, 0x24, 0x44, 
	0x44, 0x42, 0x24, 0x44, 0x22, 0x24, 0x24, 0x42, 
	0x11, 0x65, 0x24, 0x22, 0x11, 0x12, 0x42, 0x44, 
	0x45, 0x52, 0x22, 0x22, 0x22, 0x22, 0x52, 0x51, 
	0x11, 0x44, 0x22, 0x62, 0x24, 0x24, 0x42, 0x24, 
	0x45, 0x25, 0x22, 0x22, 0x24, 0x22, 0x42, 0x42, 
	0x24, 0x22, 0x26, 0x20, 0x04, 0x62, 0x22, 0x62, 
	0x22, 0x45, 0x52, 0x22, 0x64, 0x42, 0x40, 0x22, 
	0x24, 0x22, 0x72, 0x20, 0x00, 0x22, 0x42, 0x42, 
	0x25, 0x45, 0x55, 0x42, 0x22, 0x44, 0x44, 0x42, 
	
};

Gfx maple_treewway_dl__0E0051425_ci4_pal_rgba16_aligner[] = {gsSPEndDisplayList()};
u8 maple_treewway_dl__0E0051425_ci4_pal_rgba16[] = {
	0x51, 0x87, 0x30, 0x81, 0x41, 0x03, 0x59, 0xc9, 
	0x49, 0x45, 0x40, 0xc3, 0x38, 0xc1, 0x49, 0x47, 
	0x28, 0x41, 0x38, 0x81, 
};

Gfx maple_treewway_dl_tex1_128x128_087cccf528e017ab_14_ci8_aligner[] = {gsSPEndDisplayList()};
u8 maple_treewway_dl_tex1_128x128_087cccf528e017ab_14_ci8[] = {
	0x00, 0x01, 0x01, 0x02, 0x03, 0x04, 0x03, 0x05, 
	0x06, 0x03, 0x03, 0x07, 0x08, 0x03, 0x09, 0x00, 
	0x0a, 0x07, 0x0b, 0x09, 0x06, 0x0a, 0x01, 0x03, 
	0x0c, 0x04, 0x03, 0x00, 0x01, 0x01, 0x02, 0x06, 
	0x0d, 0x01, 0x05, 0x0d, 0x09, 0x04, 0x09, 0x03, 
	0x00, 0x03, 0x0e, 0x0c, 0x08, 0x0f, 0x04, 0x0d, 
	0x01, 0x0c, 0x0b, 0x09, 0x00, 0x03, 0x01, 0x04, 
	0x08, 0x07, 0x09, 0x00, 0x01, 0x03, 0x00, 0x06, 
	0x0d, 0x03, 0x01, 0x0a, 0x09, 0x04, 0x03, 0x09, 
	0x00, 0x0e, 0x0e, 0x0c, 0x07, 0x07, 0x04, 0x00, 
	0x01, 0x0c, 0x06, 0x04, 0x00, 0x03, 0x0a, 0x07, 
	0x10, 0x0c, 0x0e, 0x06, 0x00, 0x03, 0x0d, 0x06, 
	0x02, 0x03, 0x0d, 0x0a, 0x09, 0x09, 0x03, 0x09, 
	0x00, 0x09, 0x03, 0x0c, 0x07, 0x0c, 0x07, 0x00, 
	0x0a, 0x0f, 0x00, 0x04, 0x02, 0x04, 0x0a, 0x10, 
	0x08, 0x07, 0x03, 0x00, 0x00, 0x09, 0x00, 0x11, 
	0x01, 0x03, 0x00, 0x03, 0x09, 0x04, 0x03, 0x04, 
	0x11, 0x04, 0x05, 0x07, 0x04, 0x0f, 0x07, 0x06, 
	0x03, 0x07, 0x00, 0x0f, 0x02, 0x04, 0x0a, 0x08, 
	0x0c, 0x07, 0x05, 0x11, 0x0d, 0x04, 0x00, 0x00, 
	0x01, 0x09, 0x00, 0x0a, 0x09, 0x07, 0x03, 0x04, 
	0x11, 0x04, 0x0a, 0x0f, 0x07, 0x07, 0x0f, 0x00, 
	0x0e, 0x07, 0x0d, 0x04, 0x02, 0x07, 0x01, 0x10, 
	0x0c, 0x0c, 0x03, 0x0d, 0x0d, 0x04, 0x06, 0x06, 
	0x01, 0x09, 0x02, 0x03, 0x03, 0x0c, 0x09, 0x04, 
	0x06, 0x0f, 0x01, 0x04, 0x0c, 0x0f, 0x07, 0x02, 
	0x04, 0x04, 0x02, 0x09, 0x0d, 0x0c, 0x0a, 0x10, 
	0x10, 0x0c, 0x0a, 0x02, 0x01, 0x04, 0x0d, 0x00, 
	0x01, 0x09, 0x01, 0x03, 0x03, 0x04, 0x03, 0x0e, 
	0x00, 0x07, 0x03, 0x0f, 0x10, 0x07, 0x04, 0x01, 
	0x09, 0x07, 0x02, 0x03, 0x0d, 0x10, 0x01, 0x07, 
	0x08, 0x08, 0x0a, 0x02, 0x0d, 0x04, 0x06, 0x0d, 
	0x0d, 0x04, 0x0d, 0x03, 0x05, 0x04, 0x03, 0x0e, 
	0x06, 0x0c, 0x03, 0x07, 0x12, 0x04, 0x09, 0x01, 
	0x0e, 0x07, 0x0a, 0x04, 0x11, 0x08, 0x0a, 0x07, 
	0x08, 0x08, 0x0a, 0x0d, 0x02, 0x03, 0x06, 0x02, 
	0x02, 0x04, 0x00, 0x03, 0x05, 0x09, 0x03, 0x03, 
	0x06, 0x0c, 0x0e, 0x04, 0x13, 0x04, 0x0e, 0x05, 
	0x05, 0x07, 0x05, 0x04, 0x0b, 0x14, 0x0e, 0x04, 
	0x08, 0x08, 0x05, 0x02, 0x01, 0x0e, 0x00, 0x01, 
	0x0d, 0x04, 0x06, 0x0a, 0x05, 0x03, 0x0e, 0x03, 
	0x00, 0x0c, 0x0e, 0x04, 0x15, 0x04, 0x04, 0x05, 
	0x01, 0x04, 0x03, 0x04, 0x0b, 0x08, 0x03, 0x0e, 
	0x0c, 0x10, 0x03, 0x00, 0x01, 0x09, 0x00, 0x02, 
	0x02, 0x04, 0x0b, 0x02, 0x05, 0x05, 0x0e, 0x03, 
	0x06, 0x0c, 0x03, 0x07, 0x15, 0x03, 0x04, 0x03, 
	0x02, 0x0c, 0x0a, 0x0f, 0x0b, 0x10, 0x03, 0x0e, 
	0x0c, 0x12, 0x03, 0x06, 0x03, 0x0e, 0x00, 0x00, 
	0x0d, 0x07, 0x11, 0x0d, 0x03, 0x01, 0x03, 0x0a, 
	0x00, 0x07, 0x01, 0x0c, 0x14, 0x03, 0x04, 0x01, 
	0x00, 0x07, 0x0a, 0x04, 0x0b, 0x14, 0x09, 0x03, 
	0x0c, 0x14, 0x04, 0x0b, 0x05, 0x04, 0x02, 0x11, 
	0x0d, 0x07, 0x11, 0x0a, 0x0e, 0x01, 0x03, 0x05, 
	0x00, 0x0c, 0x01, 0x0c, 0x14, 0x03, 0x09, 0x0a, 
	0x00, 0x0c, 0x0a, 0x04, 0x0b, 0x08, 0x09, 0x03, 
	0x07, 0x10, 0x04, 0x0b, 0x03, 0x0e, 0x0d, 0x0b, 
	0x0d, 0x0c, 0x0b, 0x05, 0x04, 0x0a, 0x03, 0x03, 
	0x00, 0x0c, 0x02, 0x10, 0x14, 0x03, 0x0e, 0x0a, 
	0x0d, 0x04, 0x05, 0x03, 0x0b, 0x10, 0x04, 0x03, 
	0x07, 0x0f, 0x0f, 0x0b, 0x05, 0x03, 0x0a, 0x0b, 
	0x00, 0x07, 0x0b, 0x03, 0x04, 0x03, 0x03, 0x0e, 
	0x06, 0x0c, 0x01, 0x10, 0x14, 0x0e, 0x03, 0x01, 
	0x02, 0x0e, 0x05, 0x02, 0x11, 0x0c, 0x04, 0x03, 
	0x0c, 0x03, 0x07, 0x06, 0x05, 0x0a, 0x05, 0x0b, 
	0x00, 0x07, 0x0b, 0x03, 0x07, 0x03, 0x0a, 0x0e, 
	0x00, 0x0c, 0x0a, 0x0c, 0x10, 0x04, 0x05, 0x0d, 
	0x01, 0x01, 0x0a, 0x01, 0x00, 0x07, 0x09, 0x0e, 
	0x08, 0x05, 0x07, 0x00, 0x0a, 0x01, 0x03, 0x11, 
	0x00, 0x0c, 0x06, 0x03, 0x0c, 0x05, 0x05, 0x0e, 
	0x06, 0x0c, 0x03, 0x07, 0x08, 0x07, 0x03, 0x02, 
	0x0a, 0x05, 0x0a, 0x0a, 0x00, 0x04, 0x03, 0x04, 
	0x10, 0x01, 0x0c, 0x00, 0x0a, 0x01, 0x03, 0x11, 
	0x00, 0x07, 0x00, 0x03, 0x0f, 0x0a, 0x05, 0x09, 
	0x06, 0x07, 0x0e, 0x0f, 0x0c, 0x10, 0x05, 0x02, 
	0x03, 0x03, 0x02, 0x03, 0x0b, 0x04, 0x03, 0x07, 
	0x07, 0x01, 0x07, 0x00, 0x01, 0x01, 0x03, 0x00, 
	0x00, 0x0f, 0x0d, 0x03, 0x0f, 0x0a, 0x01, 0x0e, 
	0x06, 0x07, 0x0a, 0x04, 0x0c, 0x14, 0x05, 0x02, 
	0x03, 0x09, 0x00, 0x03, 0x11, 0x09, 0x03, 0x08, 
	0x07, 0x01, 0x04, 0x00, 0x02, 0x05, 0x03, 0x06, 
	0x01, 0x04, 0x0d, 0x03, 0x04, 0x0a, 0x0a, 0x09, 
	0x0b, 0x0c, 0x01, 0x07, 0x0c, 0x14, 0x05, 0x01, 
	0x03, 0x04, 0x06, 0x09, 0x11, 0x09, 0x09, 0x14, 
	0x07, 0x05, 0x03, 0x00, 0x06, 0x03, 0x05, 0x06, 
	0x01, 0x03, 0x0a, 0x0e, 0x07, 0x03, 0x01, 0x09, 
	0x11, 0x07, 0x01, 0x10, 0x07, 0x14, 0x05, 0x02, 
	0x03, 0x04, 0x11, 0x0e, 0x0b, 0x04, 0x0e, 0x14, 
	0x08, 0x03, 0x05, 0x00, 0x06, 0x0e, 0x05, 0x00, 
	0x0a, 0x05, 0x05, 0x03, 0x04, 0x04, 0x01, 0x0e, 
	0x0b, 0x0c, 0x01, 0x14, 0x07, 0x14, 0x0e, 0x01, 
	0x03, 0x04, 0x11, 0x03, 0x0b, 0x07, 0x09, 0x10, 
	0x0c, 0x04, 0x0a, 0x11, 0x00, 0x03, 0x01, 0x00, 
	0x01, 0x05, 0x03, 0x03, 0x04, 0x04, 0x05, 0x03, 
	0x0b, 0x07, 0x02, 0x14, 0x08, 0x10, 0x0e, 0x01, 
	0x09, 0x04, 0x00, 0x03, 0x0b, 0x07, 0x04, 0x10, 
	0x10, 0x04, 0x03, 0x11, 0x02, 0x05, 0x00, 0x02, 
	0x02, 0x05, 0x0e, 0x03, 0x04, 0x04, 0x03, 0x03, 
	0x06, 0x0c, 0x01, 0x14, 0x10, 0x0c, 0x04, 0x03, 
	0x0e, 0x04, 0x00, 0x03, 0x0b, 0x0f, 0x09, 0x10, 
	0x10, 0x04, 0x04, 0x0b, 0x0a, 0x03, 0x00, 0x01, 
	0x00, 0x03, 0x0e, 0x03, 0x03, 0x07, 0x05, 0x05, 
	0x00, 0x0c, 0x02, 0x14, 0x08, 0x08, 0x03, 0x03, 
	0x03, 0x04, 0x00, 0x03, 0x0b, 0x04, 0x09, 0x10, 
	0x0c, 0x07, 0x04, 0x0b, 0x05, 0x05, 0x00, 0x01, 
	0x00, 0x03, 0x03, 0x0e, 0x01, 0x07, 0x03, 0x05, 
	0x06, 0x14, 0x02, 0x08, 0x08, 0x0c, 0x03, 0x01, 
	0x05, 0x04, 0x06, 0x03, 0x0b, 0x04, 0x0e, 0x10, 
	0x07, 0x0c, 0x04, 0x11, 0x05, 0x01, 0x06, 0x0a, 
	0x00, 0x09, 0x05, 0x0e, 0x02, 0x0c, 0x03, 0x0a, 
	0x06, 0x14, 0x01, 0x0c, 0x10, 0x08, 0x03, 0x0d, 
	0x05, 0x0f, 0x06, 0x09, 0x11, 0x03, 0x09, 0x0c, 
	0x07, 0x0c, 0x04, 0x11, 0x05, 0x0a, 0x00, 0x0d, 
	0x00, 0x0f, 0x05, 0x05, 0x0d, 0x07, 0x03, 0x01, 
	0x0b, 0x12, 0x05, 0x0c, 0x10, 0x0c, 0x0e, 0x00, 
	0x05, 0x07, 0x00, 0x04, 0x00, 0x03, 0x0e, 0x0c, 
	0x07, 0x07, 0x04, 0x06, 0x03, 0x05, 0x02, 0x0d, 
	0x06, 0x04, 0x0a, 0x0a, 0x02, 0x04, 0x03, 0x01, 
	0x11, 0x14, 0x03, 0x04, 0x14, 0x07, 0x09, 0x00, 
	0x03, 0x07, 0x11, 0x0e, 0x00, 0x03, 0x03, 0x0f, 
	0x07, 0x07, 0x04, 0x06, 0x03, 0x0a, 0x01, 0x06, 
	0x06, 0x09, 0x0a, 0x01, 0x05, 0x09, 0x03, 0x0a, 
	0x11, 0x07, 0x05, 0x04, 0x14, 0x0f, 0x09, 0x00, 
	0x03, 0x0c, 0x11, 0x09, 0x02, 0x03, 0x0a, 0x04, 
	0x0c, 0x07, 0x04, 0x06, 0x03, 0x0a, 0x02, 0x00, 
	0x00, 0x05, 0x0a, 0x02, 0x03, 0x09, 0x03, 0x01, 
	0x06, 0x04, 0x03, 0x07, 0x14, 0x03, 0x0e, 0x0b, 
	0x0a, 0x07, 0x0b, 0x09, 0x00, 0x01, 0x02, 0x0f, 
	0x0c, 0x04, 0x0e, 0x0b, 0x01, 0x01, 0x00, 0x11, 
	
};

Gfx maple_treewway_dl_tex1_128x128_087cccf528e017ab_14_ci8_pal_rgba16_aligner[] = {gsSPEndDisplayList()};
u8 maple_treewway_dl_tex1_128x128_087cccf528e017ab_14_ci8_pal_rgba16[] = {
	0x51, 0x43, 0x59, 0x85, 0x51, 0x85, 0x61, 0xc7, 
	0x6a, 0x09, 0x59, 0xc7, 0x49, 0x43, 0x6a, 0x4b, 
	0x72, 0x4d, 0x62, 0x09, 0x59, 0x87, 0x49, 0x01, 
	0x72, 0x4b, 0x51, 0x45, 0x61, 0xc9, 0x6a, 0x0b, 
	0x72, 0x8d, 0x49, 0x03, 0x7a, 0x8f, 0x7a, 0xcf, 
	0x7a, 0x8d, 0x82, 0xcf, 
};

Gfx maple_treewway_dl_Hole_ci8_aligner[] = {gsSPEndDisplayList()};
u8 maple_treewway_dl_Hole_ci8[] = {
	0x00, 0x00, 0x00, 0x00, 0x00, 0x00, 0x00, 0x00, 
	0x00, 0x00, 0x00, 0x00, 0x00, 0x00, 0x00, 0x00, 
	0x00, 0x00, 0x00, 0x00, 0x00, 0x00, 0x00, 0x00, 
	0x00, 0x00, 0x00, 0x00, 0x00, 0x00, 0x00, 0x00, 
	0x00, 0x00, 0x00, 0x00, 0x00, 0x00, 0x00, 0x00, 
	0x00, 0x00, 0x00, 0x00, 0x00, 0x00, 0x00, 0x00, 
	0x00, 0x00, 0x00, 0x00, 0x00, 0x00, 0x00, 0x00, 
	0x00, 0x00, 0x00, 0x00, 0x00, 0x00, 0x00, 0x00, 
	0x00, 0x00, 0x00, 0x00, 0x00, 0x00, 0x00, 0x00, 
	0x00, 0x00, 0x00, 0x00, 0x00, 0x00, 0x00, 0x00, 
	0x00, 0x00, 0x00, 0x00, 0x00, 0x00, 0x00, 0x00, 
	0x00, 0x00, 0x00, 0x00, 0x00, 0x00, 0x00, 0x00, 
	0x00, 0x00, 0x00, 0x00, 0x00, 0x00, 0x00, 0x00, 
	0x00, 0x00, 0x00, 0x00, 0x00, 0x01, 0x02, 0x02, 
	0x02, 0x03, 0x04, 0x00, 0x00, 0x00, 0x00, 0x00, 
	0x00, 0x00, 0x00, 0x00, 0x00, 0x00, 0x00, 0x00, 
	0x00, 0x00, 0x00, 0x00, 0x00, 0x00, 0x00, 0x00, 
	0x00, 0x05, 0x05, 0x06, 0x07, 0x01, 0x08, 0x08, 
	0x08, 0x08, 0x09, 0x04, 0x04, 0x04, 0x00, 0x00, 
	0x00, 0x00, 0x00, 0x00, 0x00, 0x00, 0x00, 0x00, 
	0x00, 0x00, 0x00, 0x00, 0x00, 0x00, 0x00, 0x00, 
	0x0a, 0x0b, 0x08, 0x08, 0x08, 0x08, 0x08, 0x08, 
	0x08, 0x08, 0x08, 0x08, 0x08, 0x0a, 0x0c, 0x0c, 
	0x00, 0x00, 0x00, 0x00, 0x00, 0x00, 0x00, 0x00, 
	0x00, 0x00, 0x00, 0x00, 0x00, 0x00, 0x00, 0x0d, 
	0x0e, 0x08, 0x08, 0x08, 0x08, 0x08, 0x08, 0x08, 
	0x08, 0x08, 0x08, 0x08, 0x08, 0x08, 0x08, 0x0e, 
	0x0f, 0x00, 0x00, 0x00, 0x00, 0x00, 0x00, 0x00, 
	0x00, 0x00, 0x00, 0x00, 0x00, 0x00, 0x0d, 0x0d, 
	0x08, 0x08, 0x08, 0x08, 0x08, 0x08, 0x08, 0x08, 
	0x08, 0x08, 0x08, 0x08, 0x08, 0x08, 0x08, 0x08, 
	0x10, 0x0f, 0x00, 0x00, 0x00, 0x00, 0x00, 0x00, 
	0x00, 0x00, 0x00, 0x00, 0x00, 0x0a, 0x0d, 0x08, 
	0x08, 0x08, 0x08, 0x08, 0x08, 0x08, 0x08, 0x08, 
	0x08, 0x08, 0x08, 0x08, 0x08, 0x08, 0x08, 0x08, 
	0x08, 0x0f, 0x0f, 0x00, 0x00, 0x00, 0x00, 0x00, 
	0x00, 0x00, 0x00, 0x00, 0x00, 0x02, 0x08, 0x08, 
	0x08, 0x08, 0x08, 0x08, 0x08, 0x08, 0x08, 0x08, 
	0x08, 0x08, 0x08, 0x08, 0x08, 0x08, 0x08, 0x08, 
	0x08, 0x08, 0x0a, 0x00, 0x00, 0x00, 0x00, 0x00, 
	0x00, 0x00, 0x00, 0x00, 0x0b, 0x11, 0x08, 0x08, 
	0x08, 0x08, 0x08, 0x08, 0x08, 0x08, 0x08, 0x08, 
	0x08, 0x08, 0x08, 0x08, 0x08, 0x08, 0x08, 0x08, 
	0x08, 0x08, 0x12, 0x0e, 0x00, 0x00, 0x00, 0x00, 
	0x00, 0x00, 0x00, 0x00, 0x13, 0x08, 0x08, 0x08, 
	0x08, 0x08, 0x08, 0x08, 0x08, 0x08, 0x08, 0x08, 
	0x08, 0x08, 0x08, 0x08, 0x08, 0x08, 0x08, 0x08, 
	0x08, 0x08, 0x08, 0x09, 0x00, 0x00, 0x00, 0x00, 
	0x00, 0x00, 0x00, 0x00, 0x01, 0x08, 0x08, 0x08, 
	0x08, 0x08, 0x08, 0x08, 0x08, 0x08, 0x08, 0x08, 
	0x08, 0x08, 0x08, 0x08, 0x08, 0x08, 0x08, 0x08, 
	0x08, 0x08, 0x08, 0x0c, 0x00, 0x00, 0x00, 0x00, 
	0x00, 0x00, 0x00, 0x02, 0x01, 0x08, 0x08, 0x08, 
	0x08, 0x08, 0x08, 0x08, 0x08, 0x08, 0x08, 0x08, 
	0x08, 0x08, 0x08, 0x08, 0x08, 0x08, 0x08, 0x08, 
	0x08, 0x08, 0x08, 0x14, 0x14, 0x00, 0x00, 0x00, 
	0x00, 0x00, 0x00, 0x0a, 0x08, 0x08, 0x08, 0x08, 
	0x08, 0x08, 0x08, 0x08, 0x08, 0x08, 0x08, 0x08, 
	0x08, 0x08, 0x08, 0x08, 0x08, 0x08, 0x08, 0x08, 
	0x08, 0x08, 0x08, 0x08, 0x0d, 0x00, 0x00, 0x00, 
	0x00, 0x00, 0x00, 0x0b, 0x08, 0x08, 0x08, 0x08, 
	0x08, 0x08, 0x08, 0x08, 0x08, 0x08, 0x08, 0x08, 
	0x08, 0x08, 0x08, 0x08, 0x08, 0x08, 0x08, 0x08, 
	0x08, 0x08, 0x08, 0x08, 0x0b, 0x00, 0x00, 0x00, 
	0x00, 0x00, 0x00, 0x14, 0x08, 0x08, 0x08, 0x08, 
	0x08, 0x08, 0x08, 0x08, 0x08, 0x08, 0x08, 0x08, 
	0x08, 0x08, 0x08, 0x08, 0x08, 0x08, 0x08, 0x08, 
	0x08, 0x08, 0x08, 0x08, 0x11, 0x00, 0x00, 0x00, 
	0x00, 0x00, 0x00, 0x0b, 0x08, 0x08, 0x08, 0x08, 
	0x08, 0x08, 0x08, 0x08, 0x08, 0x08, 0x08, 0x08, 
	0x08, 0x08, 0x08, 0x08, 0x08, 0x08, 0x08, 0x08, 
	0x08, 0x08, 0x08, 0x08, 0x15, 0x00, 0x00, 0x00, 
	0x00, 0x00, 0x00, 0x0e, 0x0d, 0x08, 0x08, 0x08, 
	0x08, 0x08, 0x08, 0x08, 0x08, 0x08, 0x08, 0x08, 
	0x08, 0x08, 0x08, 0x08, 0x08, 0x08, 0x08, 0x08, 
	0x08, 0x08, 0x08, 0x0d, 0x0d, 0x00, 0x00, 0x00, 
	0x00, 0x00, 0x00, 0x00, 0x0c, 0x08, 0x08, 0x08, 
	0x08, 0x08, 0x08, 0x08, 0x08, 0x08, 0x08, 0x08, 
	0x08, 0x08, 0x08, 0x08, 0x08, 0x08, 0x08, 0x08, 
	0x08, 0x08, 0x08, 0x0c, 0x00, 0x00, 0x00, 0x00, 
	0x00, 0x00, 0x00, 0x00, 0x0c, 0x08, 0x08, 0x08, 
	0x08, 0x08, 0x08, 0x08, 0x08, 0x08, 0x08, 0x08, 
	0x08, 0x08, 0x08, 0x08, 0x08, 0x08, 0x08, 0x08, 
	0x08, 0x08, 0x08, 0x0a, 0x00, 0x00, 0x00, 0x00, 
	0x00, 0x00, 0x00, 0x00, 0x15, 0x15, 0x08, 0x08, 
	0x08, 0x08, 0x08, 0x08, 0x08, 0x08, 0x08, 0x08, 
	0x08, 0x08, 0x08, 0x08, 0x08, 0x08, 0x08, 0x08, 
	0x08, 0x08, 0x02, 0x11, 0x00, 0x00, 0x00, 0x00, 
	0x00, 0x00, 0x00, 0x00, 0x00, 0x0e, 0x08, 0x08, 
	0x08, 0x08, 0x08, 0x08, 0x08, 0x08, 0x08, 0x08, 
	0x08, 0x08, 0x08, 0x08, 0x08, 0x08, 0x08, 0x08, 
	0x08, 0x08, 0x0c, 0x00, 0x00, 0x00, 0x00, 0x00, 
	0x00, 0x00, 0x00, 0x00, 0x00, 0x05, 0x05, 0x08, 
	0x08, 0x08, 0x08, 0x08, 0x08, 0x08, 0x08, 0x08, 
	0x08, 0x08, 0x08, 0x08, 0x08, 0x08, 0x08, 0x08, 
	0x08, 0x09, 0x05, 0x00, 0x00, 0x00, 0x00, 0x00, 
	0x00, 0x00, 0x00, 0x00, 0x00, 0x00, 0x0a, 0x15, 
	0x08, 0x08, 0x08, 0x08, 0x08, 0x08, 0x08, 0x08, 
	0x08, 0x08, 0x08, 0x08, 0x08, 0x08, 0x08, 0x08, 
	0x15, 0x0b, 0x00, 0x00, 0x00, 0x00, 0x00, 0x00, 
	0x00, 0x00, 0x00, 0x00, 0x00, 0x00, 0x00, 0x11, 
	0x0b, 0x08, 0x08, 0x08, 0x08, 0x08, 0x08, 0x08, 
	0x08, 0x08, 0x08, 0x08, 0x08, 0x08, 0x08, 0x02, 
	0x02, 0x00, 0x00, 0x00, 0x00, 0x00, 0x00, 0x00, 
	0x00, 0x00, 0x00, 0x00, 0x00, 0x00, 0x00, 0x00, 
	0x0e, 0x10, 0x0e, 0x08, 0x08, 0x08, 0x08, 0x08, 
	0x08, 0x08, 0x08, 0x08, 0x08, 0x15, 0x0a, 0x0c, 
	0x00, 0x00, 0x00, 0x00, 0x00, 0x00, 0x00, 0x00, 
	0x00, 0x00, 0x00, 0x00, 0x00, 0x00, 0x00, 0x00, 
	0x00, 0x00, 0x15, 0x15, 0x15, 0x0b, 0x08, 0x08, 
	0x08, 0x08, 0x04, 0x03, 0x11, 0x0b, 0x00, 0x00, 
	0x00, 0x00, 0x00, 0x00, 0x00, 0x00, 0x00, 0x00, 
	0x00, 0x00, 0x00, 0x00, 0x00, 0x00, 0x00, 0x00, 
	0x00, 0x00, 0x00, 0x00, 0x00, 0x0b, 0x14, 0x05, 
	0x03, 0x03, 0x11, 0x00, 0x00, 0x00, 0x00, 0x00, 
	0x00, 0x00, 0x00, 0x00, 0x00, 0x00, 0x00, 0x00, 
	0x00, 0x00, 0x00, 0x00, 0x00, 0x00, 0x00, 0x00, 
	0x00, 0x00, 0x00, 0x00, 0x00, 0x00, 0x00, 0x00, 
	0x00, 0x00, 0x00, 0x00, 0x00, 0x00, 0x00, 0x00, 
	0x00, 0x00, 0x00, 0x00, 0x00, 0x00, 0x00, 0x00, 
	0x00, 0x00, 0x00, 0x00, 0x00, 0x00, 0x00, 0x00, 
	0x00, 0x00, 0x00, 0x00, 0x00, 0x00, 0x00, 0x00, 
	0x00, 0x00, 0x00, 0x00, 0x00, 0x00, 0x00, 0x00, 
	0x00, 0x00, 0x00, 0x00, 0x00, 0x00, 0x00, 0x00, 
	0x00, 0x00, 0x00, 0x00, 0x00, 0x00, 0x00, 0x00, 
	0x00, 0x00, 0x00, 0x00, 0x00, 0x00, 0x00, 0x00, 
	0x00, 0x00, 0x00, 0x00, 0x00, 0x00, 0x00, 0x00, 
	0x00, 0x00, 0x00, 0x00, 0x00, 0x00, 0x00, 0x00, 
	
};

Gfx maple_treewway_dl_Hole_ci8_pal_rgba16_aligner[] = {gsSPEndDisplayList()};
u8 maple_treewway_dl_Hole_ci8_pal_rgba16[] = {
	0x00, 0x00, 0x51, 0x43, 0x59, 0xc7, 0x59, 0xc5, 
	0x59, 0x85, 0x51, 0x85, 0x49, 0x43, 0x49, 0x41, 
	0x00, 0x01, 0x51, 0x83, 0x6a, 0x49, 0x62, 0x09, 
	0x6a, 0x4b, 0x72, 0x4b, 0x72, 0x8d, 0x7a, 0xcd, 
	0x72, 0x8b, 0x62, 0x07, 0x7a, 0x8d, 0x40, 0xc1, 
	0x61, 0xc7, 0x6a, 0x09, 
};

Gfx maple_treewway_dl_MARIOKART64_30B1D8F4_0_2_all_ci8_aligner[] = {gsSPEndDisplayList()};
u8 maple_treewway_dl_MARIOKART64_30B1D8F4_0_2_all_ci8[] = {
	0x00, 0x01, 0x02, 0x03, 0x04, 0x05, 0x06, 0x07, 
	0x07, 0x07, 0x06, 0x07, 0x08, 0x09, 0x0a, 0x0b, 
	0x0c, 0x0c, 0x01, 0x00, 0x01, 0x0c, 0x0a, 0x09, 
	0x07, 0x08, 0x07, 0x05, 0x0a, 0x0c, 0x00, 0x00, 
	0x01, 0x01, 0x02, 0x03, 0x05, 0x05, 0x05, 0x07, 
	0x07, 0x06, 0x05, 0x07, 0x0d, 0x07, 0x03, 0x0a, 
	0x0b, 0x02, 0x01, 0x01, 0x01, 0x0c, 0x03, 0x06, 
	0x0e, 0x0f, 0x0d, 0x07, 0x05, 0x04, 0x0a, 0x02, 
	0x04, 0x0b, 0x0b, 0x03, 0x03, 0x03, 0x05, 0x07, 
	0x07, 0x06, 0x04, 0x09, 0x07, 0x06, 0x09, 0x09, 
	0x04, 0x0a, 0x0b, 0x0c, 0x0c, 0x0b, 0x03, 0x05, 
	0x08, 0x0d, 0x0f, 0x0e, 0x07, 0x08, 0x07, 0x06, 
	0x0e, 0x06, 0x0a, 0x0a, 0x0b, 0x0a, 0x09, 0x08, 
	0x0e, 0x08, 0x05, 0x09, 0x05, 0x05, 0x07, 0x08, 
	0x07, 0x06, 0x06, 0x09, 0x04, 0x04, 0x09, 0x07, 
	0x07, 0x0e, 0x0f, 0x10, 0x11, 0x12, 0x12, 0x13, 
	0x14, 0x0e, 0x09, 0x0a, 0x02, 0x0b, 0x09, 0x07, 
	0x0e, 0x0e, 0x08, 0x07, 0x07, 0x08, 0x0e, 0x10, 
	0x11, 0x10, 0x10, 0x0d, 0x0e, 0x0e, 0x10, 0x12, 
	0x11, 0x10, 0x12, 0x15, 0x16, 0x17, 0x17, 0x16, 
	0x18, 0x13, 0x06, 0x0a, 0x0b, 0x0b, 0x04, 0x06, 
	0x07, 0x0e, 0x0d, 0x0d, 0x10, 0x11, 0x19, 0x18, 
	0x16, 0x18, 0x15, 0x1a, 0x1a, 0x15, 0x17, 0x1b, 
	0x1c, 0x16, 0x17, 0x1c, 0x1d, 0x1e, 0x1f, 0x1c, 
	0x1c, 0x15, 0x10, 0x06, 0x09, 0x04, 0x04, 0x06, 
	0x07, 0x0d, 0x11, 0x12, 0x19, 0x16, 0x1c, 0x1e, 
	0x1e, 0x1f, 0x1b, 0x1c, 0x1b, 0x1f, 0x20, 0x21, 
	0x20, 0x20, 0x20, 0x20, 0x20, 0x1d, 0x1f, 0x1f, 
	0x20, 0x1e, 0x16, 0x12, 0x0d, 0x08, 0x07, 0x08, 
	0x0d, 0x13, 0x19, 0x22, 0x1c, 0x1e, 0x21, 0x23, 
	0x23, 0x23, 0x20, 0x20, 0x20, 0x20, 0x24, 0x25, 
	0x25, 0x26, 0x26, 0x27, 0x23, 0x1e, 0x1d, 0x1e, 
	0x25, 0x25, 0x23, 0x1f, 0x1c, 0x18, 0x15, 0x16, 
	0x16, 0x16, 0x1c, 0x1e, 0x23, 0x24, 0x26, 0x27, 
	0x24, 0x24, 0x24, 0x24, 0x23, 0x28, 0x25, 0x29, 
	0x2a, 0x2a, 0x2b, 0x2c, 0x21, 0x1f, 0x20, 0x23, 
	0x29, 0x2d, 0x2e, 0x25, 0x24, 0x24, 0x24, 0x27, 
	0x26, 0x26, 0x25, 0x2f, 0x2c, 0x2c, 0x2f, 0x25, 
	0x25, 0x25, 0x2f, 0x25, 0x26, 0x25, 0x30, 0x2b, 
	0x31, 0x32, 0x32, 0x2e, 0x16, 0x10, 0x16, 0x20, 
	0x2f, 0x31, 0x31, 0x2a, 0x30, 0x2a, 0x2b, 0x2b, 
	0x2b, 0x2d, 0x31, 0x31, 0x2b, 0x2c, 0x2c, 0x2c, 
	0x2c, 0x2e, 0x2e, 0x30, 0x2c, 0x2e, 0x2b, 0x31, 
	0x32, 0x33, 0x32, 0x26, 0x0d, 0x02, 0x09, 0x14, 
	0x16, 0x2f, 0x31, 0x32, 0x31, 0x32, 0x32, 0x31, 
	0x2b, 0x32, 0x32, 0x29, 0x27, 0x20, 0x2c, 0x31, 
	0x2b, 0x2d, 0x31, 0x2d, 0x2d, 0x2d, 0x32, 0x33, 
	0x31, 0x2a, 0x26, 0x15, 0x0a, 0x00, 0x00, 0x09, 
	0x04, 0x18, 0x2f, 0x32, 0x33, 0x33, 0x32, 0x2c, 
	0x23, 0x25, 0x25, 0x1c, 0x0e, 0x13, 0x27, 0x31, 
	0x31, 0x33, 0x33, 0x33, 0x32, 0x31, 0x2b, 0x29, 
	0x25, 0x1c, 0x0d, 0x04, 0x0c, 0x0c, 0x01, 0x0c, 
	0x00, 0x0a, 0x15, 0x26, 0x2e, 0x2e, 0x2f, 0x1f, 
	0x22, 0x22, 0x11, 0x09, 0x0c, 0x0a, 0x15, 0x27, 
	0x30, 0x32, 0x33, 0x33, 0x32, 0x2c, 0x1e, 0x34, 
	0x1a, 0x07, 0x03, 0x09, 0x06, 0x04, 0x0c, 0x01, 
	0x00, 0x00, 0x02, 0x0d, 0x1a, 0x22, 0x1a, 0x11, 
	0x19, 0x0e, 0x05, 0x03, 0x03, 0x0a, 0x04, 0x0e, 
	0x16, 0x27, 0x2c, 0x30, 0x25, 0x1c, 0x0f, 0x08, 
	0x08, 0x07, 0x06, 0x0e, 0x10, 0x07, 0x0c, 0x00, 
	0x35, 0x35, 0x00, 0x01, 0x0b, 0x03, 0x05, 0x07, 
	0x0d, 0x0e, 0x07, 0x06, 0x07, 0x06, 0x03, 0x01, 
	0x02, 0x36, 0x0d, 0x13, 0x0d, 0x06, 0x05, 0x07, 
	0x07, 0x07, 0x07, 0x07, 0x08, 0x04, 0x0c, 0x00, 
	0x00, 0x00, 0x00, 0x00, 0x01, 0x0b, 0x03, 0x09, 
	0x05, 0x05, 0x07, 0x08, 0x0d, 0x0d, 0x07, 0x0a, 
	0x01, 0x01, 0x01, 0x0c, 0x0c, 0x0c, 0x0b, 0x03, 
	0x04, 0x04, 0x04, 0x04, 0x0a, 0x0c, 0x02, 0x0b, 
	0x01, 0x00, 0x00, 0x00, 0x00, 0x02, 0x0a, 0x03, 
	0x03, 0x09, 0x07, 0x0e, 0x0d, 0x0d, 0x08, 0x09, 
	0x0c, 0x01, 0x0c, 0x01, 0x35, 0x00, 0x00, 0x01, 
	0x0c, 0x0c, 0x0c, 0x0c, 0x01, 0x01, 0x0a, 0x06, 
	0x01, 0x00, 0x00, 0x00, 0x01, 0x0b, 0x0a, 0x03, 
	0x04, 0x07, 0x0d, 0x10, 0x11, 0x0f, 0x08, 0x06, 
	0x0a, 0x0a, 0x06, 0x0a, 0x01, 0x00, 0x35, 0x35, 
	0x00, 0x00, 0x00, 0x00, 0x00, 0x00, 0x0c, 0x0a, 
	0x0c, 0x00, 0x00, 0x01, 0x02, 0x0a, 0x04, 0x09, 
	0x07, 0x11, 0x18, 0x34, 0x18, 0x11, 0x08, 0x06, 
	0x04, 0x04, 0x06, 0x09, 0x09, 0x04, 0x01, 0x35, 
	0x00, 0x00, 0x35, 0x00, 0x00, 0x00, 0x01, 0x0c, 
	0x06, 0x02, 0x01, 0x0c, 0x04, 0x06, 0x06, 0x08, 
	0x10, 0x22, 0x1d, 0x20, 0x1f, 0x18, 0x10, 0x08, 
	0x06, 0x09, 0x04, 0x07, 0x10, 0x10, 0x06, 0x0a, 
	0x02, 0x01, 0x00, 0x01, 0x01, 0x0c, 0x02, 0x06, 
	0x12, 0x06, 0x0b, 0x04, 0x07, 0x08, 0x0e, 0x10, 
	0x19, 0x1c, 0x20, 0x20, 0x1e, 0x1c, 0x1a, 0x11, 
	0x0d, 0x08, 0x08, 0x10, 0x18, 0x1c, 0x16, 0x14, 
	0x0d, 0x06, 0x04, 0x0a, 0x04, 0x04, 0x07, 0x13, 
	0x16, 0x10, 0x07, 0x08, 0x0d, 0x13, 0x11, 0x15, 
	0x17, 0x1e, 0x20, 0x1e, 0x1e, 0x1e, 0x1c, 0x16, 
	0x15, 0x12, 0x12, 0x16, 0x1f, 0x20, 0x20, 0x1e, 
	0x1f, 0x16, 0x13, 0x0e, 0x08, 0x0d, 0x12, 0x16, 
	0x1e, 0x16, 0x11, 0x12, 0x15, 0x16, 0x1c, 0x1e, 
	0x37, 0x28, 0x28, 0x23, 0x23, 0x28, 0x24, 0x24, 
	0x20, 0x1e, 0x1e, 0x1e, 0x23, 0x24, 0x27, 0x25, 
	0x2f, 0x24, 0x1f, 0x1a, 0x14, 0x16, 0x1c, 0x1e, 
	0x23, 0x20, 0x1c, 0x1c, 0x1e, 0x23, 0x27, 0x25, 
	0x2f, 0x2c, 0x2f, 0x25, 0x2f, 0x2c, 0x30, 0x2c, 
	0x2f, 0x2f, 0x2f, 0x25, 0x25, 0x2f, 0x2c, 0x2b, 
	0x2d, 0x29, 0x24, 0x1f, 0x1c, 0x1e, 0x23, 0x23, 
	0x25, 0x25, 0x27, 0x27, 0x2f, 0x2c, 0x2e, 0x2a, 
	0x2b, 0x2b, 0x29, 0x29, 0x2b, 0x2d, 0x2d, 0x2d, 
	0x2b, 0x2b, 0x2b, 0x2a, 0x29, 0x2a, 0x2b, 0x2d, 
	0x32, 0x31, 0x30, 0x27, 0x23, 0x24, 0x25, 0x25, 
	0x2e, 0x2a, 0x2b, 0x2b, 0x2b, 0x2e, 0x29, 0x2d, 
	0x32, 0x32, 0x31, 0x31, 0x32, 0x33, 0x32, 0x31, 
	0x2d, 0x2d, 0x31, 0x31, 0x31, 0x32, 0x2b, 0x2f, 
	0x2c, 0x2e, 0x2e, 0x29, 0x30, 0x2c, 0x2c, 0x30, 
	0x31, 0x32, 0x32, 0x31, 0x2f, 0x1e, 0x24, 0x2d, 
	0x32, 0x33, 0x33, 0x33, 0x33, 0x33, 0x31, 0x31, 
	0x31, 0x32, 0x32, 0x33, 0x33, 0x31, 0x25, 0x16, 
	0x15, 0x22, 0x1e, 0x2c, 0x2d, 0x2b, 0x30, 0x29, 
	0x31, 0x33, 0x32, 0x2c, 0x16, 0x07, 0x19, 0x2f, 
	0x31, 0x33, 0x33, 0x33, 0x33, 0x2d, 0x2f, 0x2c, 
	0x31, 0x31, 0x2b, 0x30, 0x30, 0x26, 0x22, 0x06, 
	0x07, 0x05, 0x0d, 0x1b, 0x25, 0x27, 0x1e, 0x27, 
	0x26, 0x2e, 0x25, 0x17, 0x06, 0x0b, 0x09, 0x16, 
	0x25, 0x2e, 0x2b, 0x32, 0x32, 0x25, 0x15, 0x16, 
	0x25, 0x25, 0x1c, 0x14, 0x12, 0x0d, 0x04, 0x09, 
	0x0e, 0x06, 0x04, 0x07, 0x10, 0x0d, 0x06, 0x14, 
	0x0d, 0x1a, 0x12, 0x07, 0x03, 0x0b, 0x0b, 0x06, 
	0x19, 0x22, 0x1f, 0x25, 0x25, 0x15, 0x0a, 0x0a, 
	0x13, 0x0d, 0x04, 0x0c, 0x01, 0x01, 0x0c, 0x04, 
	0x07, 0x09, 0x0a, 0x0c, 0x01, 0x00, 0x35, 0x02, 
	0x01, 0x02, 0x0a, 0x03, 0x03, 0x03, 0x04, 0x05, 
	0x05, 0x05, 0x0e, 0x19, 0x12, 0x09, 0x0c, 0x0c, 
	0x0c, 0x0c, 0x01, 0x01, 0x00, 0x01, 0x0b, 0x0a, 
	0x09, 0x09, 0x04, 0x0b, 0x01, 0x00, 0x35, 0x00, 
	
};

Gfx maple_treewway_dl_MARIOKART64_30B1D8F4_0_2_all_ci8_pal_rgba16_aligner[] = {gsSPEndDisplayList()};
u8 maple_treewway_dl_MARIOKART64_30B1D8F4_0_2_all_ci8_pal_rgba16[] = {
	0x2a, 0x29, 0x32, 0x69, 0x3a, 0x6b, 0x42, 0xad, 
	0x42, 0xed, 0x4a, 0xef, 0x4b, 0x2f, 0x4b, 0x31, 
	0x53, 0x71, 0x42, 0xef, 0x3a, 0xad, 0x3a, 0xab, 
	0x32, 0x6b, 0x5b, 0x73, 0x53, 0x73, 0x5b, 0xb3, 
	0x5b, 0xb5, 0x63, 0xf5, 0x63, 0xf7, 0x63, 0xb5, 
	0x6b, 0xf7, 0x74, 0x39, 0x7c, 0x7b, 0x7c, 0xbd, 
	0x74, 0x7b, 0x6c, 0x37, 0x6c, 0x39, 0x84, 0xff, 
	0x84, 0xbd, 0x8d, 0x3f, 0x95, 0x3f, 0x8c, 0xff, 
	0x95, 0x7f, 0x9d, 0x7f, 0x74, 0x79, 0xa5, 0xbf, 
	0xad, 0xff, 0xb6, 0x7f, 0xb6, 0x3f, 0xae, 0x3f, 
	0xa5, 0xff, 0xd7, 0x3f, 0xd7, 0x7f, 0xdf, 0xbf, 
	0xc6, 0xff, 0xe7, 0xff, 0xcf, 0x3f, 0xbe, 0xbf, 
	0xce, 0xff, 0xef, 0xff, 0xf7, 0xff, 0xff, 0xff, 
	0x7c, 0xbb, 0x2a, 0x27, 0x53, 0x31, 0x9d, 0xbf, 
	
};

Gfx maple_treewway_dl_Green_Water_ci4_aligner[] = {gsSPEndDisplayList()};
u8 maple_treewway_dl_Green_Water_ci4[] = {
	0x01, 0x23, 0x40, 0x56, 0x63, 0x00, 0x12, 0x33, 
	0x23, 0x00, 0x03, 0x37, 0x73, 0x12, 0x33, 0x05, 
	0x02, 0x23, 0x33, 0x38, 0x10, 0x22, 0x32, 0x33, 
	0x07, 0x00, 0x31, 0x07, 0x57, 0x21, 0x02, 0x23, 
	0x33, 0x13, 0x29, 0x36, 0x23, 0x37, 0x32, 0x37, 
	0x03, 0x02, 0x11, 0x07, 0x77, 0x20, 0x73, 0x03, 
	0x32, 0x37, 0x99, 0x43, 0x10, 0x30, 0x10, 0x00, 
	0x33, 0x91, 0x33, 0x00, 0x52, 0x87, 0x43, 0x03, 
	0x11, 0x00, 0x03, 0x03, 0x23, 0x16, 0x12, 0x30, 
	0x30, 0x09, 0x00, 0x30, 0x03, 0x16, 0x32, 0x22, 
	0x62, 0x21, 0x21, 0x12, 0x02, 0x10, 0x00, 0x00, 
	0x03, 0x33, 0x00, 0x33, 0x00, 0x40, 0x01, 0x00, 
	0x63, 0x03, 0x33, 0x28, 0x88, 0x20, 0x03, 0x43, 
	0x32, 0x22, 0x09, 0x38, 0x30, 0x55, 0x36, 0x33, 
	0x23, 0x43, 0x00, 0x33, 0x05, 0x31, 0x00, 0x23, 
	0x32, 0x13, 0x30, 0x03, 0x31, 0x25, 0x01, 0x33, 
	0x70, 0x11, 0x18, 0x30, 0x35, 0x43, 0x22, 0x62, 
	0x31, 0x13, 0x33, 0x07, 0x02, 0x32, 0x21, 0x30, 
	0x77, 0x00, 0x26, 0x32, 0x13, 0x10, 0x07, 0x33, 
	0x33, 0x91, 0x22, 0x75, 0x23, 0x00, 0x31, 0x00, 
	0x55, 0x03, 0x77, 0x00, 0x01, 0x80, 0x50, 0x31, 
	0x33, 0x91, 0x13, 0x30, 0x31, 0x90, 0x31, 0x37, 
	0x55, 0x31, 0x35, 0x57, 0x73, 0x62, 0x32, 0x03, 
	0x31, 0x12, 0x20, 0x00, 0x31, 0x05, 0x06, 0x27, 
	0x00, 0x02, 0x05, 0x77, 0x08, 0x10, 0x36, 0x33, 
	0x31, 0x25, 0x33, 0x37, 0x01, 0x10, 0x43, 0x11, 
	0x13, 0x33, 0x21, 0x33, 0x26, 0x70, 0x31, 0x00, 
	0x01, 0x17, 0x00, 0x32, 0x33, 0x00, 0x75, 0x71, 
	0x00, 0x20, 0x00, 0x16, 0x11, 0x30, 0x31, 0x30, 
	0x43, 0x12, 0x03, 0x22, 0x30, 0x34, 0x30, 0x50, 
	0x30, 0x21, 0x05, 0x31, 0x30, 0x20, 0x03, 0x03, 
	0x05, 0x01, 0x20, 0x02, 0x30, 0x00, 0x02, 0x33, 
	0x70, 0x11, 0x13, 0x17, 0x75, 0x10, 0x03, 0x44, 
	0x47, 0x02, 0x33, 0x26, 0x33, 0x13, 0x11, 0x50, 
	0x70, 0x13, 0x07, 0x17, 0x57, 0x04, 0x00, 0x00, 
	0x00, 0x00, 0x70, 0x10, 0x02, 0x13, 0x16, 0x61, 
	0x20, 0x11, 0x00, 0x23, 0x77, 0x03, 0x70, 0x33, 
	0x31, 0x30, 0x47, 0x32, 0x21, 0x23, 0x35, 0x02, 
	0x64, 0x01, 0x13, 0x03, 0x12, 0x21, 0x30, 0x47, 
	0x31, 0x03, 0x33, 0x33, 0x32, 0x13, 0x00, 0x73, 
	0x10, 0x07, 0x53, 0x00, 0x03, 0x80, 0x53, 0x33, 
	0x30, 0x01, 0x33, 0x07, 0x75, 0x33, 0x40, 0x01, 
	0x37, 0x77, 0x00, 0x77, 0x70, 0x66, 0x13, 0x03, 
	0x00, 0x53, 0x37, 0x55, 0x70, 0x32, 0x13, 0x03, 
	0x07, 0x52, 0x27, 0x00, 0x07, 0x26, 0x26, 0x20, 
	0x32, 0x05, 0x55, 0x57, 0x53, 0x33, 0x30, 0x33, 
	0x22, 0x16, 0x32, 0x35, 0x77, 0x21, 0x16, 0x30, 
	0x73, 0x33, 0x21, 0x11, 0x12, 0x11, 0x32, 0x23, 
	0x33, 0x30, 0x31, 0x07, 0x77, 0x31, 0x66, 0x45, 
	0x32, 0x28, 0x10, 0x00, 0x07, 0x02, 0x11, 0x39, 
	0x68, 0x13, 0x01, 0x57, 0x77, 0x51, 0x11, 0x30, 
	0x32, 0x12, 0x31, 0x37, 0x00, 0x30, 0x00, 0x68, 
	0x61, 0x88, 0x12, 0x57, 0x77, 0x32, 0x01, 0x60, 
	0x03, 0x11, 0x31, 0x11, 0x63, 0x33, 0x00, 0x66, 
	0x33, 0x02, 0x61, 0x20, 0x02, 0x37, 0x36, 0x14, 
	0x00, 0x30, 0x30, 0x00, 0x16, 0x61, 0x69, 0x73, 
	0x30, 0x33, 0x12, 0x92, 0x32, 0x33, 0x22, 0x34, 
	0x30, 0x30, 0x00, 0x00, 0x72, 0x57, 0x31, 0x21, 
	0x33, 0x33, 0x81, 0x00, 0x77, 0x32, 0x32, 0x29, 
	0x21, 0x00, 0x01, 0x35, 0x03, 0x30, 0x20, 0x00, 
	0x01, 0x33, 0x13, 0x11, 0x73, 0x63, 0x50, 0x30, 
	0x01, 0x33, 0x33, 0x00, 0x86, 0x21, 0x17, 0x07, 
	0x91, 0x22, 0x05, 0x02, 0x12, 0x93, 0x00, 0x39, 
	0x26, 0x09, 0x93, 0x18, 0x82, 0x21, 0x63, 0x35, 
	
};

Gfx maple_treewway_dl_Green_Water_ci4_pal_rgba16_aligner[] = {gsSPEndDisplayList()};
u8 maple_treewway_dl_Green_Water_ci4_pal_rgba16[] = {
	0x3a, 0xab, 0x4b, 0x31, 0x42, 0xef, 0x42, 0xed, 
	0x32, 0x6b, 0x32, 0x29, 0x53, 0x73, 0x32, 0x69, 
	0x5b, 0xb5, 0x3a, 0xad, 
};

Gfx maple_treewway_dl_tex1_128x128_087cccf528e017ab_15_ci4_aligner[] = {gsSPEndDisplayList()};
u8 maple_treewway_dl_tex1_128x128_087cccf528e017ab_15_ci4[] = {
	0x01, 0x21, 0x34, 0x35, 0x03, 0x54, 0x63, 0x70, 
	0x54, 0x87, 0x05, 0x15, 0x64, 0x50, 0x11, 0x10, 
	0x12, 0x51, 0x77, 0x73, 0x05, 0x74, 0x64, 0x71, 
	0x14, 0x07, 0x05, 0x27, 0x64, 0x70, 0x15, 0x00, 
	0x15, 0x15, 0x77, 0x57, 0x07, 0x74, 0x44, 0x71, 
	0x24, 0x07, 0x15, 0x54, 0x64, 0x70, 0x05, 0x10, 
	0x13, 0x15, 0x77, 0x57, 0x07, 0x34, 0x44, 0x40, 
	0x54, 0x07, 0x17, 0x56, 0x64, 0x51, 0x17, 0x10, 
	0x13, 0x15, 0x77, 0x57, 0x04, 0x54, 0x44, 0x40, 
	0x54, 0x04, 0x17, 0x56, 0x44, 0x50, 0x14, 0x00, 
	0x27, 0x05, 0x74, 0x57, 0x07, 0x54, 0x44, 0x40, 
	0x74, 0x17, 0x14, 0x26, 0x44, 0x51, 0x17, 0x00, 
	0x17, 0x15, 0x34, 0x77, 0x04, 0x27, 0x64, 0x41, 
	0x74, 0x17, 0x14, 0x56, 0x64, 0x51, 0x17, 0x10, 
	0x17, 0x15, 0x54, 0x37, 0x04, 0x54, 0x64, 0x71, 
	0x74, 0x13, 0x16, 0x24, 0x66, 0x51, 0x17, 0x01, 
	0x17, 0x15, 0x57, 0x57, 0x04, 0x54, 0x94, 0x71, 
	0x74, 0x57, 0x06, 0x54, 0x66, 0x51, 0x13, 0x01, 
	0x17, 0x15, 0x57, 0x55, 0x04, 0x74, 0x97, 0x75, 
	0x54, 0x57, 0x06, 0x77, 0x66, 0x51, 0x17, 0x01, 
	0x14, 0x05, 0x55, 0x75, 0x04, 0x77, 0x97, 0x75, 
	0x24, 0x54, 0x86, 0x37, 0x66, 0x50, 0x27, 0x11, 
	0x17, 0x81, 0x55, 0x75, 0x04, 0x54, 0x95, 0x75, 
	0x14, 0x54, 0x86, 0x37, 0x69, 0x50, 0x57, 0x00, 
	0x14, 0x01, 0x51, 0x35, 0x04, 0x14, 0x95, 0x72, 
	0x04, 0x57, 0x86, 0x75, 0x46, 0x70, 0x57, 0x10, 
	0x14, 0x05, 0x71, 0x55, 0x04, 0x26, 0x95, 0x75, 
	0x16, 0x57, 0x86, 0x75, 0x46, 0x40, 0x57, 0x10, 
	0x14, 0x05, 0x75, 0x55, 0x14, 0x16, 0x65, 0x75, 
	0x14, 0x55, 0x86, 0x75, 0x44, 0x40, 0x53, 0x50, 
	0x14, 0x05, 0x45, 0x57, 0x04, 0x16, 0x67, 0x51, 
	0x17, 0x51, 0x06, 0x73, 0x45, 0x40, 0x55, 0x50, 
	0x04, 0x05, 0x45, 0x57, 0x14, 0x54, 0x67, 0x51, 
	0x11, 0x51, 0x04, 0x77, 0x65, 0x40, 0x51, 0x50, 
	0x16, 0x05, 0x45, 0x57, 0x04, 0x54, 0x64, 0x31, 
	0x55, 0x55, 0x07, 0x37, 0x62, 0x41, 0x52, 0x50, 
	0x04, 0x03, 0x45, 0x57, 0x04, 0x74, 0x46, 0x51, 
	0x55, 0x15, 0x07, 0x54, 0x41, 0x40, 0x22, 0x50, 
	0x04, 0x15, 0x45, 0x27, 0x04, 0x57, 0x46, 0x51, 
	0x57, 0x03, 0x07, 0x56, 0x41, 0x70, 0x15, 0x50, 
	0x17, 0x15, 0x75, 0x57, 0x04, 0x24, 0x46, 0x51, 
	0x57, 0x07, 0x07, 0x76, 0x45, 0x30, 0x03, 0x50, 
	0x13, 0x57, 0x43, 0x27, 0x04, 0x16, 0x49, 0x51, 
	0x37, 0x07, 0x07, 0x76, 0x65, 0x50, 0x07, 0x50, 
	0x55, 0x53, 0x47, 0x17, 0x04, 0x16, 0x46, 0x71, 
	0x57, 0x05, 0x04, 0x76, 0x67, 0x50, 0x05, 0x10, 
	0x15, 0x55, 0x77, 0x53, 0x04, 0x16, 0x66, 0x71, 
	0x77, 0x13, 0x84, 0x76, 0x67, 0x50, 0x15, 0x01, 
	0x15, 0x73, 0x74, 0x55, 0x04, 0x19, 0x66, 0x75, 
	0x77, 0x05, 0x84, 0x76, 0x64, 0x70, 0x55, 0x01, 
	0x13, 0x75, 0x34, 0x55, 0x04, 0x16, 0x66, 0x55, 
	0x57, 0x05, 0x04, 0x76, 0x44, 0x78, 0x55, 0x01, 
	0x05, 0x57, 0x24, 0x55, 0x06, 0x16, 0x64, 0x51, 
	0x57, 0x05, 0x07, 0x76, 0x44, 0x70, 0x52, 0x05, 
	0x07, 0x57, 0x14, 0x55, 0x06, 0x14, 0x66, 0x51, 
	0x54, 0x07, 0x03, 0x76, 0x44, 0x40, 0x55, 0x11, 
	0x04, 0x55, 0x14, 0x52, 0x09, 0x54, 0x66, 0x70, 
	0x54, 0x07, 0x03, 0x74, 0x44, 0x70, 0x55, 0x11, 
	0x07, 0x55, 0x17, 0x51, 0x06, 0x37, 0x94, 0x70, 
	0x54, 0x07, 0x05, 0x34, 0x44, 0x70, 0x55, 0x10, 
	0x07, 0x51, 0x57, 0x55, 0x04, 0x57, 0x64, 0x70, 
	0x54, 0x07, 0x15, 0x54, 0x44, 0x70, 0x55, 0x10, 
	0x05, 0x51, 0x57, 0x31, 0x07, 0x34, 0x63, 0x70, 
	0x54, 0x87, 0x11, 0x14, 0x47, 0x70, 0x21, 0x10, 
	
};

Gfx maple_treewway_dl_tex1_128x128_087cccf528e017ab_15_ci4_pal_rgba16_aligner[] = {gsSPEndDisplayList()};
u8 maple_treewway_dl_tex1_128x128_087cccf528e017ab_15_ci4_pal_rgba16[] = {
	0x9b, 0x0d, 0xa3, 0x4f, 0xab, 0x51, 0xb3, 0x93, 
	0xbc, 0x15, 0xab, 0x91, 0xc4, 0x57, 0xb3, 0xd3, 
	0x92, 0xcb, 0xcc, 0x99, 
};

Gfx maple_treewway_dl_Leaves_rgba16_aligner[] = {gsSPEndDisplayList()};
u8 maple_treewway_dl_Leaves_rgba16[] = {
	0xcc, 0x0d, 0xbb, 0xc9, 0xbb, 0xc9, 0xc3, 0xc9, 
	0xbb, 0x0b, 0xa1, 0xc9, 0xaa, 0x95, 0x99, 0x51, 
	0xbb, 0x49, 0xa1, 0xcf, 0x89, 0x11, 0xa1, 0x5b, 
	0xa0, 0xd9, 0xa1, 0x19, 0xa9, 0xdb, 0xaa, 0x53, 
	0xbb, 0x49, 0xbb, 0x49, 0xbb, 0x49, 0xba, 0xc9, 
	0x91, 0xd1, 0x89, 0x13, 0xb1, 0xc9, 0xb2, 0x49, 
	0xb2, 0x49, 0xb2, 0x49, 0x81, 0x13, 0xd5, 0x1b, 
	0x79, 0x13, 0xaa, 0xd3, 0xb3, 0x07, 0xbb, 0x49, 
	0xbb, 0x49, 0xbb, 0x89, 0xcc, 0x4d, 0xbb, 0x87, 
	0xb2, 0xcb, 0xc3, 0x49, 0xa2, 0x4d, 0xb3, 0x53, 
	0xbb, 0x49, 0xaa, 0x8f, 0xaa, 0xc9, 0x90, 0xd7, 
	0xa1, 0x19, 0xba, 0xd7, 0xa1, 0x57, 0xaa, 0x53, 
	0xbb, 0x09, 0xbb, 0x07, 0xcb, 0x4b, 0xba, 0xc9, 
	0xb2, 0x49, 0x99, 0x4b, 0xb1, 0x89, 0xb1, 0xc9, 
	0xba, 0x8b, 0xa9, 0xc7, 0x81, 0x13, 0xbc, 0x57, 
	0x91, 0x93, 0xba, 0xc9, 0xc3, 0x8b, 0xc3, 0x49, 
	0xbb, 0x09, 0xbb, 0x49, 0xbb, 0x49, 0xbb, 0x49, 
	0xaa, 0x4f, 0xcb, 0xcf, 0xc3, 0x4b, 0xcb, 0x8d, 
	0xbb, 0x09, 0xa1, 0x93, 0xc3, 0x4b, 0xb2, 0xcd, 
	0xaa, 0x53, 0xc3, 0x4b, 0x99, 0x19, 0xba, 0x89, 
	0xcb, 0x8b, 0xba, 0xc9, 0xb2, 0x49, 0xc2, 0xc9, 
	0xb2, 0x47, 0xa9, 0x87, 0xb1, 0x89, 0xb1, 0xc9, 
	0xb1, 0x89, 0xbb, 0x49, 0x89, 0x11, 0xb2, 0x95, 
	0xb2, 0x47, 0xc3, 0x0b, 0xba, 0xc7, 0xba, 0xc9, 
	0xcb, 0xcd, 0xbb, 0x07, 0xc3, 0x49, 0xbb, 0x09, 
	0xa2, 0x4f, 0xbb, 0x4b, 0xbb, 0x09, 0xc3, 0x8d, 
	0xba, 0xc9, 0x99, 0x51, 0xc3, 0x0b, 0xbb, 0x49, 
	0xbb, 0x4b, 0xbb, 0x09, 0xa1, 0x5b, 0xba, 0x89, 
	0xb2, 0x47, 0xba, 0xc9, 0xb2, 0x49, 0xb2, 0x09, 
	0xa9, 0x87, 0xb1, 0x49, 0xa9, 0x47, 0xb1, 0x49, 
	0xb1, 0x89, 0xbb, 0x49, 0xab, 0x49, 0x99, 0xcf, 
	0xba, 0x89, 0xb2, 0x07, 0xba, 0x49, 0xba, 0x89, 
	0xba, 0x89, 0xbb, 0x4b, 0xc3, 0x0d, 0xb2, 0xc7, 
	0xb2, 0x09, 0xba, 0x89, 0xba, 0xc9, 0xba, 0xc9, 
	0xba, 0x89, 0xa1, 0x8f, 0xba, 0xc9, 0xc3, 0x4b, 
	0xc3, 0x0b, 0xba, 0xc9, 0xb1, 0xd7, 0xb2, 0x49, 
	0xb2, 0x09, 0xba, 0x49, 0xba, 0x09, 0xa1, 0x53, 
	0xaa, 0x53, 0xa8, 0xcd, 0xa9, 0x0b, 0xb1, 0x49, 
	0xb9, 0xcb, 0xba, 0x4d, 0xc4, 0x0b, 0xbb, 0x89, 
	0xbb, 0xc9, 0xb2, 0xc9, 0xb2, 0x09, 0xba, 0x89, 
	0xba, 0x49, 0xcb, 0xcf, 0xb2, 0x47, 0xc2, 0xcb, 
	0xba, 0x4b, 0xba, 0xcb, 0xba, 0x87, 0xca, 0xc9, 
	0xb2, 0x47, 0xb2, 0x07, 0xba, 0xc9, 0xba, 0x89, 
	0xba, 0xc9, 0xba, 0x89, 0xa1, 0x53, 0xb2, 0x49, 
	0x99, 0x8d, 0xb1, 0xc9, 0xb1, 0xc7, 0x99, 0x11, 
	0xba, 0xd7, 0xa8, 0xcd, 0xa9, 0x0d, 0xa9, 0x07, 
	0xa9, 0x0b, 0xa9, 0x87, 0xc3, 0x8b, 0xc3, 0xcb, 
	0xc4, 0x0b, 0xc3, 0x4b, 0xb2, 0x09, 0xba, 0x49, 
	0xba, 0x09, 0xca, 0xcd, 0xb2, 0x09, 0xb2, 0x07, 
	0xba, 0x09, 0xc2, 0xc9, 0xba, 0x89, 0xba, 0x09, 
	0xc2, 0x89, 0xb1, 0xc7, 0xba, 0x47, 0xc2, 0xc9, 
	0xba, 0x89, 0xba, 0x89, 0xba, 0x0b, 0xb2, 0x4b, 
	0x81, 0x11, 0xa9, 0x8d, 0xb1, 0x87, 0x99, 0x15, 
	0xa9, 0xd7, 0x98, 0xd5, 0xa9, 0x4d, 0xa9, 0x0d, 
	0xa9, 0x0d, 0xa9, 0x0b, 0xbb, 0x49, 0xc3, 0x49, 
	0xbb, 0x49, 0xbb, 0x09, 0xb1, 0xc9, 0xb1, 0xc9, 
	0xba, 0x09, 0xba, 0x89, 0xb1, 0xcb, 0xb1, 0xcf, 
	0xba, 0x09, 0xb9, 0xc9, 0xc2, 0xcb, 0xb1, 0xc7, 
	0xb9, 0xc9, 0xb9, 0xc9, 0xc2, 0x89, 0xb2, 0x07, 
	0xb2, 0x07, 0xc2, 0x8b, 0xb1, 0xc9, 0xba, 0x09, 
	0x91, 0x53, 0xa1, 0x4b, 0xb1, 0x47, 0xa9, 0xcd, 
	0x99, 0x53, 0xa1, 0x17, 0xb2, 0x4b, 0xa9, 0x0d, 
	0x90, 0xcf, 0x91, 0x13, 0xb3, 0x07, 0xc3, 0x49, 
	0xc3, 0x49, 0xbb, 0x49, 0xb1, 0xc9, 0xb1, 0x49, 
	0xa9, 0x91, 0xb9, 0xc9, 0xa1, 0x19, 0xa9, 0x91, 
	0xa9, 0x53, 0xa9, 0xc7, 0xba, 0x4d, 0xb9, 0x89, 
	0xb1, 0x89, 0xb9, 0x89, 0xb1, 0x89, 0xb9, 0xc9, 
	0xb9, 0xc9, 0xb1, 0x87, 0xb9, 0xc9, 0xb1, 0x87, 
	0xa9, 0x89, 0x91, 0x19, 0xb1, 0x4d, 0xb2, 0x49, 
	0xa1, 0xcb, 0xb2, 0x0d, 0xb2, 0x09, 0x91, 0x13, 
	0x81, 0x15, 0xaa, 0x4d, 0xba, 0xc9, 0xb3, 0x07, 
	0xba, 0xc9, 0xc3, 0x0b, 0xb2, 0x49, 0xb1, 0x89, 
	0x99, 0x0d, 0xb1, 0x49, 0xa1, 0x19, 0xb2, 0x0d, 
	0x99, 0x19, 0xc2, 0x8d, 0xb9, 0x89, 0xb9, 0x89, 
	0xca, 0xcd, 0xb3, 0x09, 0xb1, 0x89, 0xb9, 0x89, 
	0xb9, 0xc9, 0xb1, 0x89, 0xb1, 0xc9, 0xb1, 0x89, 
	0xa9, 0x47, 0xa9, 0x09, 0xa9, 0x53, 0xb2, 0x09, 
	0xb2, 0x49, 0xb2, 0x09, 0xa9, 0xc7, 0x88, 0xd1, 
	0x91, 0x15, 0xb2, 0x4f, 0xc3, 0x09, 0xba, 0x49, 
	0xc3, 0x0b, 0xba, 0x49, 0xb2, 0x49, 0xa1, 0x4d, 
	0x81, 0x15, 0xa1, 0x0d, 0x90, 0xdd, 0xb2, 0x49, 
	0x99, 0x53, 0xb2, 0x93, 0xb1, 0x07, 0xaa, 0x05, 
	0xbb, 0xc9, 0xbb, 0x89, 0xa9, 0x0d, 0xb1, 0x49, 
	0xb1, 0x47, 0xba, 0x0b, 0xa9, 0xc7, 0xb1, 0xc9, 
	0xb1, 0x87, 0xa9, 0x07, 0xa1, 0x0d, 0xb1, 0xc9, 
	0xb2, 0x49, 0xb2, 0x09, 0xa9, 0x87, 0x98, 0xd1, 
	0x99, 0x13, 0xba, 0x49, 0xba, 0x09, 0xba, 0x49, 
	0xc2, 0xcb, 0xb2, 0x09, 0xa9, 0xcf, 0xa1, 0xcb, 
	0x81, 0x15, 0x81, 0x13, 0x89, 0x17, 0xb2, 0x49, 
	0xa9, 0xd7, 0xa1, 0xd7, 0xb1, 0x07, 0xca, 0xcb, 
	0xc4, 0x0b, 0xbb, 0x89, 0xa9, 0x0d, 0xb1, 0x0b, 
	0xb1, 0x07, 0xb1, 0xc9, 0xb1, 0x89, 0xa9, 0x49, 
	0xa9, 0x09, 0xa9, 0x0b, 0x91, 0x13, 0xa9, 0x87, 
	0xb1, 0x89, 0xb1, 0x89, 0xb1, 0x89, 0xa1, 0x13, 
	0x99, 0x13, 0x89, 0x53, 0x91, 0x91, 0xb1, 0xc9, 
	0xba, 0x49, 0xb2, 0x09, 0xb2, 0x49, 0xc3, 0x97, 
	0x81, 0x15, 0x92, 0x15, 0x91, 0x0d, 0xb2, 0x09, 
	0xaa, 0x49, 0xb2, 0x49, 0xaa, 0x47, 0xcb, 0x89, 
	0xbb, 0x49, 0xbb, 0x09, 0xa1, 0x47, 0x99, 0x19, 
	0xb1, 0x0b, 0xa9, 0x8b, 0xb9, 0x8b, 0xb1, 0xc9, 
	0xa9, 0x0d, 0x89, 0x15, 0xa9, 0x0d, 0xa9, 0x47, 
	0xb1, 0xc9, 0xb1, 0x49, 0xb9, 0xc9, 0xa9, 0x09, 
	0x91, 0x11, 0x79, 0x13, 0x91, 0x51, 0xb1, 0xc9, 
	0xb1, 0xc9, 0xba, 0x49, 0xaa, 0x07, 0xcc, 0xdb, 
	0x81, 0x15, 0xb3, 0x8d, 0x91, 0x8f, 0xa9, 0x87, 
	0xb2, 0x09, 0xb3, 0x0f, 0xc3, 0x0b, 0xc3, 0x47, 
	0xbb, 0x49, 0xbb, 0x09, 0xc2, 0x4f, 0x81, 0x13, 
	0x99, 0x0f, 0xa9, 0x07, 0xa9, 0x07, 0xba, 0x0b, 
	0xa9, 0x0d, 0x80, 0xd3, 0xa9, 0x0d, 0xb1, 0x89, 
	0xa9, 0x07, 0xa9, 0x07, 0xca, 0x51, 0xa9, 0x09, 
	0x99, 0x11, 0x89, 0x89, 0xa9, 0x09, 0xb1, 0x89, 
	0xb1, 0x89, 0xb2, 0x09, 0xb1, 0xc9, 0xb4, 0x15, 
	0xbb, 0x55, 0xbb, 0x49, 0xa9, 0x47, 0xb1, 0x89, 
	0xb1, 0xc9, 0xba, 0xcb, 0xb2, 0xc7, 0xbb, 0x09, 
	0xba, 0xc9, 0xc3, 0x49, 0xb2, 0x87, 0xa1, 0x8d, 
	0x91, 0x0f, 0xa9, 0x09, 0xa9, 0x0b, 0xa9, 0x0b, 
	0xa9, 0x0f, 0x99, 0x11, 0xa9, 0x0b, 0xa9, 0x0b, 
	0xa9, 0x0b, 0xa9, 0x09, 0xdb, 0x99, 0xa1, 0x11, 
	0xa2, 0x8d, 0xb2, 0x07, 0xb1, 0x49, 0xb9, 0xc9, 
	0xb1, 0x49, 0xbb, 0xc9, 0xaa, 0x07, 0xaa, 0x95, 
	0xc4, 0x0d, 0xbb, 0x49, 0xb9, 0xcb, 0xa9, 0xc5, 
	0xb1, 0x49, 0xba, 0xcb, 0xc3, 0x4b, 0xbb, 0x09, 
	0xbb, 0x09, 0xb2, 0x09, 0xba, 0x49, 0xa9, 0xcf, 
	0x91, 0x0f, 0xa8, 0xc9, 0xa1, 0x0d, 0xb1, 0x8f, 
	0xa9, 0x0f, 0xa1, 0x13, 0xa1, 0x11, 0xa1, 0x0f, 
	0xa9, 0x0d, 0xa9, 0x09, 0xa9, 0x0d, 0xa9, 0x53, 
	0xc3, 0x53, 0xc2, 0x89, 0xa9, 0x0d, 0xa9, 0x0b, 
	0xb1, 0x49, 0xb3, 0x89, 0xc4, 0x09, 0x9a, 0x8b, 
	0xcc, 0x4f, 0xbb, 0x0b, 0xa9, 0x0b, 0xbb, 0x89, 
	0xa9, 0x87, 0xb2, 0x45, 0xc3, 0x4b, 0xba, 0xcb, 
	0xc3, 0x0b, 0xb2, 0x09, 0x91, 0x4d, 0x98, 0xd3, 
	0x99, 0x11, 0x90, 0xd1, 0x90, 0xd3, 0xc3, 0x57, 
	0xa0, 0xcd, 0xa1, 0x15, 0x98, 0xd7, 0x89, 0x15, 
	0xa0, 0xcf, 0xa8, 0xcb, 0xa0, 0xd3, 0xaa, 0x57, 
	0xbb, 0xc9, 0xc3, 0x8b, 0x99, 0x15, 0xa9, 0x0d, 
	0xb1, 0x89, 0xba, 0x4d, 0xc4, 0x0d, 0xc3, 0xcb, 
	0xbb, 0x49, 0xbb, 0x0b, 0x91, 0x11, 0xc3, 0xcb, 
	0xb3, 0x89, 0xc3, 0x0b, 0xc4, 0x0b, 0xb2, 0x47, 
	0xc2, 0x8b, 0xa9, 0xcb, 0x81, 0x15, 0x98, 0xd5, 
	0x98, 0xd3, 0x99, 0x13, 0x98, 0xd3, 0xb2, 0xd3, 
	0xa1, 0x11, 0xb1, 0xd1, 0xa1, 0x19, 0xb2, 0x5f, 
	0xa0, 0xcf, 0xba, 0xcd, 0xba, 0xcf, 0xb2, 0xd3, 
	0xcc, 0x4d, 0xbb, 0x49, 0x89, 0x51, 0xa9, 0x0d, 
	0xa9, 0x09, 0xa1, 0xc9, 0xb3, 0x89, 0xbb, 0x89, 
	0xbb, 0x49, 0xbb, 0x09, 0x91, 0x89, 0xc3, 0x89, 
	0xbb, 0xc9, 0xbb, 0xc9, 0xc3, 0xcb, 0xb1, 0xcb, 
	0xba, 0x09, 0x89, 0x53, 0x88, 0xd5, 0x98, 0xd5, 
	0x98, 0xd5, 0xb2, 0x09, 0x99, 0x0f, 0xaa, 0x11, 
	0xa1, 0x55, 0xb2, 0x09, 0x99, 0x1d, 0xb2, 0x5d, 
	0x91, 0x19, 0xd3, 0x8d, 0xc4, 0x0b, 0xc3, 0xcb, 
	0xc3, 0xcb, 0xbb, 0x49, 0xba, 0xc9, 0xa9, 0x89, 
	0xa0, 0xcd, 0xa1, 0x0f, 0xbb, 0x09, 0xc3, 0x49, 
	0xc3, 0x4b, 0xbb, 0x07, 0xb2, 0x47, 0xbb, 0x47, 
	0xc3, 0xcb, 0xc3, 0x89, 0xb3, 0x47, 0xa1, 0x47, 
	0xb1, 0x89, 0x81, 0x11, 0x91, 0x17, 0x99, 0x17, 
	0x98, 0xd7, 0xb2, 0x09, 0xaa, 0x09, 0xa1, 0xcf, 
	0xb2, 0x4f, 0xb2, 0x09, 0x90, 0xdb, 0x90, 0xdd, 
	0x91, 0x19, 0xa2, 0x03, 0xc3, 0xcb, 0xc3, 0xcb, 
	0xbb, 0x49, 0xc3, 0x49, 0xb2, 0x89, 0xba, 0x49, 
	0xa0, 0xcd, 0xa9, 0xd3, 0xbb, 0x09, 0xc3, 0x49, 
	0xb2, 0x49, 0xba, 0x89, 0xb2, 0x47, 0xbb, 0x09, 
	0xc3, 0x49, 0xbb, 0x49, 0xbb, 0x09, 0x99, 0x89, 
	0xd4, 0xd7, 0x88, 0xd9, 0xa2, 0x8d, 0xa0, 0xd9, 
	0x98, 0xd7, 0xb1, 0xcb, 0xb2, 0x8b, 0xb2, 0x09, 
	0xba, 0x8b, 0xb2, 0x09, 0xa0, 0xdb, 0x90, 0xdb, 
	0x91, 0x93, 0xaa, 0x4b, 0xbb, 0x49, 0xbb, 0x09, 
	0xbb, 0x07, 0xbb, 0x09, 0xba, 0x89, 0xb1, 0x4b, 
	0xa0, 0xd1, 0xcb, 0x91, 0xcb, 0x4b, 0xb2, 0x87, 
	0xb2, 0x49, 0xb2, 0x09, 0xb2, 0x4d, 0xb3, 0x09, 
	0xbb, 0x49, 0xbb, 0x09, 0xbb, 0x49, 0xba, 0x91, 
	0xcc, 0xd5, 0x91, 0x1b, 0xc3, 0x53, 0xa1, 0x19, 
	0x99, 0x1b, 0xa9, 0xcb, 0xb2, 0x8b, 0xb2, 0x09, 
	0xb2, 0x09, 0xb1, 0x89, 0xba, 0xd3, 0xa2, 0x0d, 
	0xa2, 0x0b, 0xba, 0x8b, 0xc2, 0xcb, 0xc3, 0x4b, 
	0xc3, 0x09, 0xb2, 0x47, 0xba, 0x89, 0xb1, 0x4b, 
	0xa1, 0x17, 0xb2, 0xcb, 0xb2, 0x47, 0xba, 0x49, 
	0xb1, 0xc9, 0x91, 0x4b, 0xb2, 0x4d, 0xc3, 0x0b, 
	0xb2, 0x87, 0xba, 0x89, 0xcb, 0x4d, 0xb2, 0x87, 
	0xc3, 0x53, 0x81, 0x4f, 0xbb, 0xcb, 0xa1, 0x53, 
	0xa1, 0x1d, 0xa1, 0x4f, 0xa9, 0x87, 0xb1, 0xc9, 
	0xb3, 0x09, 0xb1, 0x8b, 0xc4, 0x17, 0xaa, 0x89, 
	0xb2, 0x09, 0xb2, 0x09, 0xba, 0xc9, 0xcb, 0x8b, 
	0xba, 0x89, 0xba, 0x49, 0xb2, 0x4d, 0xbb, 0xcb, 
	0xa9, 0x93, 0xaa, 0x49, 0xb2, 0x0b, 0xba, 0x49, 
	0xb1, 0xc9, 0xaa, 0x11, 0xba, 0x49, 0xb2, 0x07, 
	0xba, 0x49, 0xba, 0x89, 0xb2, 0x09, 0xba, 0x49, 
	0xb2, 0x09, 0xbb, 0x51, 0xbb, 0xc9, 0xa9, 0x95, 
	0x98, 0xdb, 0xa1, 0x4f, 0xb1, 0x89, 0xb1, 0x87, 
	0xcb, 0x8b, 0xa9, 0x49, 0xbb, 0xd3, 0xb1, 0xc7, 
	0xb2, 0x09, 0xb1, 0xc9, 0xb2, 0x87, 0xba, 0x89, 
	0xb2, 0x47, 0xba, 0x49, 0xb2, 0x4d, 0xc3, 0xcb, 
	0x9a, 0x4d, 0xcb, 0x9b, 0xbb, 0x4f, 0xb2, 0x07, 
	0xb1, 0x89, 0xb2, 0x09, 0xb2, 0x49, 0xb2, 0x09, 
	0xba, 0x09, 0xba, 0x09, 0xb1, 0xd3, 0xbb, 0x89, 
	0xbb, 0x89, 0xc3, 0xcb, 0xc3, 0x8b, 0xb2, 0x47, 
	0x91, 0x1d, 0xa9, 0x09, 0xb9, 0xcb, 0xa9, 0x49, 
	0xc3, 0x89, 0xb3, 0x47, 0xc3, 0x0d, 0xa9, 0x89, 
	0xba, 0x4b, 0xb1, 0x47, 0xba, 0x49, 0xb2, 0x07, 
	0xb1, 0xc9, 0xba, 0x09, 0xb2, 0x8d, 0xcc, 0x0d, 
	0xc3, 0xcb, 0xbc, 0x0b, 0xc4, 0x0b, 0x99, 0xcb, 
	0xa9, 0x4b, 0xb2, 0x09, 0xb2, 0x8b, 0xb2, 0x09, 
	0xb1, 0xc7, 0xb1, 0xc7, 0xa1, 0x4f, 0xc3, 0xcb, 
	0xc4, 0x4d, 0xbb, 0x89, 0xbb, 0x49, 0xba, 0xc9, 
	0xa1, 0x51, 0xa9, 0x09, 0xa9, 0x0b, 0xb1, 0x89, 
	0xc3, 0x89, 0xc4, 0x0b, 0xb2, 0x8b, 0xbb, 0x0d, 
	0xc3, 0xcb, 0xb1, 0x49, 0xb1, 0xc7, 0xa9, 0x4b, 
	0x99, 0x91, 0xb1, 0x87, 0xb2, 0x8d, 0xbb, 0x49, 
	0xbb, 0x89, 0xcc, 0x8f, 0xbb, 0x89, 0x89, 0x51, 
	0x99, 0x4f, 0xb1, 0xc9, 0xb2, 0x09, 0xb1, 0xc9, 
	0xb1, 0x89, 0xb1, 0x87, 0x90, 0xdd, 0xc3, 0x8d, 
	0xc3, 0x8b, 0xbb, 0x49, 0xbb, 0x49, 0xba, 0xc7, 
	0xb2, 0x47, 0xa9, 0x09, 0xa0, 0xcd, 0xb1, 0x4d, 
	0xc3, 0x8b, 0xcc, 0x4f, 0xbb, 0xc9, 0xc4, 0x0b, 
	0xc3, 0x0b, 0xa9, 0x09, 0xa8, 0xc9, 0xa9, 0x97, 
	0x78, 0xd3, 0xa9, 0xc7, 0xc3, 0x09, 0xbb, 0x09, 
	0xbb, 0x49, 0xbb, 0x49, 0xbb, 0x49, 0xaa, 0x0f, 
	0x89, 0x15, 0xa9, 0x87, 0xb1, 0x89, 0xb1, 0xc9, 
	0xb1, 0x89, 0xb1, 0x49, 0x90, 0xdd, 0xaa, 0xc9, 
	0xbb, 0x07, 0xc3, 0x49, 0xbb, 0x09, 0xc3, 0x09, 
	0xb2, 0x47, 0xb1, 0x8b, 0xa0, 0xcd, 0xa9, 0x0b, 
	0xbb, 0x49, 0xc3, 0x8b, 0xc3, 0xcb, 0xc4, 0x0b, 
	0xa2, 0x45, 0xa9, 0x0b, 0xb1, 0x0b, 0xa1, 0x55, 
	0x89, 0x13, 0xba, 0x4b, 0xba, 0xc7, 0xc3, 0x89, 
	0xc3, 0x49, 0xbb, 0x07, 0xbb, 0x09, 0x99, 0x8b, 
	0xa1, 0x0d, 0xb1, 0x49, 0xb9, 0xc9, 0xb1, 0x47, 
	0xc2, 0x0b, 0xa9, 0x07, 0xa9, 0x11, 0xb2, 0x4b, 
	0xc3, 0x4b, 0xba, 0xc7, 0xba, 0x89, 0xba, 0x49, 
	0xb1, 0x4b, 0xb3, 0x89, 0xa9, 0xcb, 0xba, 0x89, 
	0xbb, 0x07, 0xc3, 0x49, 0xc3, 0x49, 0xbb, 0x49, 
	0x99, 0x13, 0xa9, 0x0d, 0xb1, 0x0d, 0x99, 0x8b, 
	0xa1, 0x53, 0xba, 0x4b, 0xba, 0x89, 0xba, 0x89, 
	0xba, 0xc9, 0xd3, 0x8d, 0xba, 0xc9, 0x99, 0x09, 
	0xa1, 0x0d, 0xb9, 0x8b, 0xa9, 0x09, 0xba, 0x0d, 
	0xa9, 0x0b, 0xb1, 0x09, 0xdb, 0xdb, 0xba, 0x8d, 
	0xcb, 0x4b, 0xba, 0x89, 0xba, 0x89, 0xba, 0x09, 
	0xa9, 0x09, 0xc4, 0x0d, 0xba, 0x4f, 0xba, 0x89, 
	0xcb, 0x8b, 0xc3, 0x49, 0xcb, 0x8b, 0xbb, 0x49, 
	0x91, 0x11, 0xd4, 0x5f, 0xa9, 0x0d, 0xba, 0xd5, 
	0x99, 0x11, 0xa9, 0x4f, 0xba, 0x0b, 0xba, 0x49, 
	0xba, 0xc9, 0xc3, 0x0b, 0xba, 0xc9, 0xcb, 0xd7, 
	0xb1, 0x0d, 0xb9, 0x8b, 0xb1, 0x0b, 0xc2, 0x0d, 
	0xa9, 0x4b, 0xa9, 0x0d, 0xdd, 0x19, 0xba, 0x8d, 
	0xba, 0x89, 0xba, 0x49, 0xc2, 0xcb, 0xb1, 0xc9, 
	0xb2, 0x0d, 0xcc, 0x8d, 0xbb, 0x09, 0xc2, 0x4b, 
	0xba, 0x49, 0xbb, 0x09, 0xc2, 0xcb, 0xc3, 0x49, 
	0xb2, 0x4b, 0xdc, 0x1f, 0xa9, 0x11, 0xc4, 0x0b, 
	0xa1, 0x51, 0xb1, 0x0d, 0xb9, 0x8b, 0xba, 0x09, 
	0xba, 0x4b, 0xba, 0x49, 0xba, 0x89, 0xcb, 0x93, 
	0xa9, 0x13, 0xd3, 0x93, 0xb1, 0x0b, 0xb1, 0x89, 
	0xdb, 0x8d, 0x89, 0x0f, 0xbc, 0x53, 0xba, 0x49, 
	0xba, 0x49, 0xba, 0x09, 0xc2, 0x49, 0xca, 0xcd, 
	0xd3, 0xcb, 0xcc, 0x8d, 0xcb, 0x8b, 0xb1, 0xcf, 
	0xba, 0x49, 0xcb, 0x8d, 0xba, 0x89, 0xcb, 0x0b, 
	0xba, 0x8d, 0xa1, 0x93, 0xa9, 0x11, 0xcc, 0x4b, 
	0xb2, 0x15, 0xa1, 0x11, 0xb1, 0x0b, 0xc2, 0x09, 
	0xba, 0x49, 0xc2, 0x8b, 0xb9, 0xc9, 0xb2, 0xcf, 
	0xca, 0x57, 0xcc, 0x4b, 0xa9, 0x13, 0xb1, 0x0b, 
	0xcc, 0x49, 0xab, 0x07, 0xc3, 0x59, 0xa2, 0x13, 
	0xcc, 0x0b, 0xb1, 0x49, 0xb9, 0xc9, 0xcc, 0x0d, 
	0xcc, 0x09, 0xcc, 0x0b, 0xc3, 0x89, 0xc3, 0x09, 
	0xc2, 0x49, 0xcb, 0x0b, 0xba, 0x49, 0xba, 0x49, 
	0xc2, 0x89, 0xa1, 0x8d, 0xba, 0xd3, 0xcc, 0x8d, 
	0xbb, 0x4b, 0x99, 0x13, 0xa1, 0x51, 0xc1, 0xc9, 
	0xc2, 0x09, 0xd5, 0x11, 0xb2, 0x45, 0xd3, 0x13, 
	0xd4, 0x8b, 0xc4, 0x09, 0xa9, 0x13, 0xb1, 0x0b, 
	0xcc, 0x09, 0xcc, 0x8b, 0xbb, 0x4d, 0xd4, 0x8b, 
	0xc4, 0x09, 0xa9, 0x4f, 0xb9, 0x8d, 0xcc, 0x4d, 
	0xcc, 0x09, 0xcb, 0xc9, 0xcc, 0x09, 0xc3, 0x09, 
	0xc2, 0x49, 0xc2, 0xc9, 0xc2, 0x49, 0xb1, 0xcf, 
	0xcb, 0xcb, 0xc4, 0x0d, 0xcc, 0x49, 0xcc, 0x8d, 
	0xcb, 0x8d, 0xaa, 0x4f, 0xa1, 0x0f, 0xb9, 0x87, 
	0xb9, 0x49, 0xd5, 0x11, 0xcc, 0x89, 0xcb, 0xcb, 
	0xd4, 0xcb, 0xcc, 0x09, 0xa9, 0x17, 0xb1, 0x4d, 
	0xcc, 0x49, 0xd4, 0xcd, 0xcc, 0x49, 0xd4, 0xcd, 
	0xc3, 0x11, 0xa1, 0x4b, 0xa9, 0x11, 0xdd, 0x53, 
	0xc3, 0xc7, 0xcb, 0x89, 0xcb, 0x09, 0xc2, 0x89, 
	0xba, 0x0d, 0xc2, 0x09, 0xc2, 0x09, 0xc3, 0x15, 
	0xdc, 0x4d, 0xd4, 0xcd, 0xcc, 0x09, 0xcb, 0xc9, 
	0xcb, 0x49, 0xcb, 0x09, 0xc2, 0x4d, 0xb9, 0xc7, 
	0xb9, 0x09, 0xdc, 0x91, 0xd4, 0xcb, 0xcc, 0x89, 
	0xcc, 0x49, 0xcb, 0xc7, 0xa9, 0x17, 0xb1, 0x4d, 
	0xc4, 0x09, 0xc4, 0x49, 0xd4, 0x4b, 0xcc, 0x8b, 
	0xb2, 0x8d, 0xc3, 0x89, 0xb1, 0x53, 0xd4, 0xcf, 
	0xd4, 0x4b, 0xd3, 0xcd, 0xc2, 0xc7, 0xc2, 0x89, 
	0xc3, 0x09, 0xb9, 0x87, 0xc2, 0x47, 0xaa, 0x4f, 
	0xbb, 0x47, 0xcc, 0x49, 0xcc, 0x09, 0xd4, 0x09, 
	0xd4, 0x49, 0xcb, 0x09, 0xba, 0x0b, 0xdc, 0x0d, 
	0xb2, 0x03, 0xc3, 0xcb, 0xd4, 0x89, 0xcc, 0x89, 
	0xd4, 0x09, 0xcb, 0xc9, 0xd4, 0x0f, 0xa9, 0xcd, 
	0xd3, 0x87, 0xd4, 0x09, 0xcc, 0x07, 0xd4, 0x09, 
	0xba, 0x4b, 0xd4, 0xc9, 0xb1, 0xcb, 0xd3, 0xcb, 
	0xcb, 0x89, 0xd3, 0xcb, 0xca, 0x87, 0xc2, 0x87, 
	0xd3, 0xcb, 0xdb, 0x89, 0xba, 0x45, 0xb9, 0xc5, 
	0xc1, 0x47, 0xd4, 0x09, 0xd4, 0x09, 0xcb, 0xc7, 
	0xca, 0xc9, 0xca, 0xc9, 0xb1, 0x4f, 0xd4, 0x47, 
	0xcc, 0xc9, 0xd4, 0x4b, 0xcc, 0xc9, 0xd4, 0x89, 
	0xd4, 0x09, 0xcc, 0x07, 0xd3, 0x49, 0xcb, 0x0b, 
	0xd3, 0xc9, 0xd4, 0x47, 0xd3, 0xc9, 0xd4, 0x09, 
	0xd3, 0x11, 0xd4, 0xc9, 0xc4, 0x07, 0xcb, 0x49, 
	0xdc, 0x8b, 0xcc, 0x07, 0xca, 0x87, 0xc2, 0x87, 
	0xcb, 0x89, 0xd5, 0x0b, 0xc3, 0x83, 0xd2, 0x8d, 
	0xdc, 0x09, 0xcc, 0x07, 0xdc, 0x4b, 0xdc, 0x4b, 
	0xca, 0xc9, 0xca, 0xc9, 0xb1, 0x4f, 0xc3, 0xc5, 
	0xdd, 0x4d, 0xd4, 0xc9, 0xd5, 0x0b, 0xd4, 0x49, 
	0xcb, 0x47, 0xdb, 0x89, 0xcb, 0x47, 0xd3, 0x09, 
	0xdb, 0x89, 0xd3, 0x47, 0xd3, 0x89, 0xe4, 0x4b, 
	0xd3, 0x87, 0xdc, 0x89, 0xd5, 0x09, 0xd5, 0x07, 
	0xdd, 0x09, 0xd2, 0xcb, 0xd2, 0xc7, 0xba, 0x89, 
	0xcb, 0x49, 0xdd, 0x0b, 0xdd, 0x09, 0xd5, 0x07, 
	0xd5, 0x09, 0xd3, 0x89, 0xd3, 0x07, 0xd5, 0x0d, 
	0xd2, 0xc9, 0xcb, 0x07, 0xb9, 0xcb, 0xca, 0x8f, 
	0xd4, 0x89, 0xd4, 0x87, 0xd4, 0x47, 0xd4, 0x07, 
	0xd3, 0x89, 0xd3, 0x07, 0xc2, 0x87, 0xd2, 0xcd, 
	0xd3, 0x07, 0xed, 0x4f, 0xd3, 0x89, 0xd3, 0x07, 
	0xd3, 0x87, 0xd4, 0x47, 0xd4, 0xc7, 0xdd, 0x49, 
	0xd4, 0xc7, 0xc2, 0x47, 0xdb, 0x4b, 0xc2, 0xc9, 
	0xd3, 0x89, 0xdc, 0x89, 0xd4, 0xc7, 0xe5, 0x8b, 
	0xd4, 0xc7, 0xd3, 0x89, 0xd3, 0x07, 0xed, 0x91, 
	0xca, 0x87, 0xd3, 0x49, 0xca, 0x4f, 0xc2, 0x4b, 
	0xd4, 0x47, 0xdc, 0x89, 0xdc, 0x89, 0xd4, 0x07, 
	0xd3, 0x85, 0xd3, 0x07, 0xcb, 0x07, 0xd3, 0x47, 
	0xd2, 0x4d, 0xe5, 0x4b, 0xd3, 0x05, 0xe4, 0x89, 
	0xdc, 0x07, 0xdc, 0x47, 0xdc, 0x87, 0xdc, 0xc7, 
	0xdc, 0x87, 0xb2, 0x01, 0xed, 0x07, 0xd3, 0x87, 
	0xdc, 0x47, 0xd4, 0x47, 0xdc, 0xc7, 0xdc, 0x87, 
	0xd4, 0x87, 0xcc, 0x43, 0xd3, 0x07, 0xdd, 0x4b, 
	0xd2, 0x87, 0xd5, 0x07, 0xd2, 0x47, 0xd3, 0x89, 
	0xdc, 0x87, 0xd4, 0x45, 0xdb, 0xc7, 0xdc, 0x87, 
	0xd3, 0x45, 0xd3, 0x07, 0xd3, 0x49, 0xd4, 0x45, 
	0xc1, 0xc9, 0xdc, 0xc7, 0xdb, 0x47, 0xd4, 0x05, 
	0xdc, 0x05, 0xe5, 0x07, 0xdc, 0x87, 0xdc, 0x85, 
	0xdc, 0x87, 0xe4, 0x09, 0xdd, 0x87, 0xdb, 0xc9, 
	0xd4, 0x07, 0xe5, 0x07, 0xdc, 0x87, 0xdc, 0x87, 
	0xd4, 0x05, 0xe5, 0x09, 0xcb, 0xc3, 0xd5, 0x07, 
	0xe3, 0x09, 0xdd, 0x4b, 0xd2, 0x47, 0xdb, 0xc9, 
	0xdc, 0x87, 0xdb, 0xc7, 0xd3, 0x85, 0xdb, 0x47, 
	0xda, 0x83, 0xda, 0xc7, 0xdb, 0x47, 0xe5, 0x87, 
	0xcc, 0x45, 0xeb, 0xc7, 0xfd, 0x49, 0xd3, 0x81, 
	0xdb, 0xc7, 0xdb, 0xc7, 0xe4, 0x85, 0xed, 0x07, 
	0xdc, 0x05, 0xe5, 0x47, 0xdd, 0x87, 0xdc, 0x07, 
	0xe3, 0xc7, 0xdb, 0x85, 0xdc, 0x07, 0xe5, 0x09, 
	0xdc, 0x07, 0xe5, 0x03, 0xdd, 0x87, 0xdc, 0xc5, 
	0xed, 0x87, 0xdd, 0x87, 0xd2, 0xc3, 0xdb, 0x85, 
	0xd3, 0x45, 0xdb, 0x45, 0xdb, 0x45, 0xdb, 0x05, 
	0xda, 0x45, 0xda, 0x85, 0xda, 0x85, 0xdd, 0x45, 
	0xdd, 0xc7, 0xdd, 0x43, 0xe6, 0x07, 0xdd, 0x45, 
	0xdb, 0x45, 0xdb, 0x45, 0xed, 0x09, 0xdb, 0xc5, 
	0xe4, 0x47, 0xdd, 0x05, 0xdd, 0x05, 0xdc, 0x05, 
	0xdb, 0x45, 0xdb, 0x85, 0xdc, 0x07, 0xe4, 0x43, 
	0xdc, 0x07, 0xdc, 0xc3, 0xed, 0xc7, 0xe5, 0xc7, 
	0xe5, 0xc7, 0xdd, 0x45, 0xda, 0x85, 0xda, 0x83, 
	0xda, 0xc7, 0xdb, 0x05, 0xdb, 0x45, 0xda, 0xc5, 
	0xda, 0x05, 0xda, 0x45, 0xe3, 0x05, 0xec, 0x87, 
	0xed, 0xc7, 0xe5, 0x85, 0xe5, 0xc5, 0xe5, 0x45, 
	0xe3, 0x45, 0xe3, 0x45, 0xec, 0x43, 0xdb, 0x83, 
	0xe3, 0xc5, 0xe4, 0x07, 0xe5, 0x05, 0xdc, 0x83, 
	0xd3, 0x43, 0xe3, 0x45, 0xe3, 0x85, 0xe3, 0x85, 
	0xdb, 0xc5, 0xe4, 0x83, 0xe5, 0x85, 0xe5, 0x85, 
	0xe5, 0xc5, 0xe4, 0xc3, 0xd9, 0xc5, 0xe3, 0x45, 
	0xc9, 0xc9, 0xe3, 0x05, 0xdb, 0x03, 0xda, 0x05, 
	0xe2, 0x05, 0xeb, 0x45, 0xd2, 0x81, 0xe3, 0x81, 
	0xe5, 0x43, 0xe5, 0x85, 0xe5, 0x45, 0xe5, 0x05, 
	0xdb, 0x03, 0xe3, 0x45, 0xe3, 0x83, 0xe3, 0xc5, 
	0xe4, 0x83, 0xe4, 0x41, 0xf5, 0x45, 0xe5, 0x03, 
	0xe3, 0xc5, 0xe3, 0x45, 0xdb, 0x43, 0xe3, 0xc3, 
	0xe3, 0x07, 0xdc, 0x43, 0xe5, 0x03, 0xe5, 0x45, 
	0xdd, 0x03, 0xed, 0x05, 0xd9, 0xc1, 0xfe, 0x4f, 
	0xda, 0x89, 0xda, 0xc3, 0xe2, 0x83, 0xda, 0x05, 
	0xdb, 0x05, 0xe2, 0x01, 0xe2, 0x05, 0xe3, 0x45, 
	0xe5, 0x03, 0xed, 0x85, 0xed, 0x85, 0xe4, 0xc1, 
	0xec, 0x43, 0xe2, 0xc3, 0xe3, 0x03, 0xe4, 0x83, 
	0xf5, 0xc5, 0xed, 0x03, 0xe3, 0xc3, 0xec, 0x03, 
	0xe4, 0x03, 0xeb, 0x05, 0xdb, 0x81, 0xec, 0x85, 
	0xd9, 0xc7, 0xe4, 0xc3, 0xf5, 0x81, 0xe5, 0x03, 
	0xed, 0xc3, 0xe4, 0xc3, 0xda, 0x81, 0xfd, 0xc7, 
	0xdb, 0x01, 0xf4, 0xc5, 0xe2, 0x85, 0xd2, 0x05, 
	0xeb, 0x45, 0xea, 0xc3, 0xe2, 0x03, 0xfc, 0x89, 
	0xf5, 0xc3, 0xec, 0xc1, 0xe4, 0x81, 0xf5, 0x43, 
	0xec, 0x03, 0xe2, 0xc3, 0xf3, 0xc9, 0xe4, 0x83, 
	0xdc, 0x41, 0xec, 0xc1, 0xe3, 0xc3, 0xec, 0x05, 
	0xe5, 0x83, 0xda, 0x81, 0xfd, 0x89, 0xed, 0xc5, 
	0xdc, 0x01, 0xec, 0x81, 0xed, 0x03, 0xf5, 0x43, 
	0xec, 0x85, 0xf5, 0x01, 0xfb, 0xc3, 0xe5, 0x45, 
	0xe3, 0x45, 0xe5, 0x43, 0xda, 0x43, 0xd2, 0x05, 
	0xea, 0x41, 0xe5, 0x01, 0xdb, 0x01, 0xec, 0x43, 
	0xed, 0x03, 0xec, 0x83, 0xec, 0x41, 0xec, 0x03, 
	0xe3, 0xc1, 0xe4, 0x85, 0xfc, 0x47, 0xec, 0x41, 
	0xec, 0x03, 0xec, 0x01, 0xeb, 0x83, 0xed, 0x83, 
	0xf6, 0x83, 0xd3, 0x01, 0xfe, 0x07, 0xed, 0xc3, 
	0xec, 0x41, 0xec, 0x41, 0xec, 0x03, 0xfd, 0xc5, 
	0xe4, 0x41, 0xec, 0x03, 0xec, 0x43, 0xf5, 0x49, 
	0xdd, 0x81, 0xe5, 0x43, 0xd3, 0x81, 0xda, 0x03, 
	0xea, 0x01, 0xf5, 0x85, 0xe4, 0xc3, 0xec, 0x43, 
	0xec, 0x03, 0xec, 0x03, 0xec, 0x01, 0xeb, 0x81, 
	0xea, 0x41, 0xfd, 0x89, 0xed, 0x43, 0xed, 0xc1, 
	0xed, 0x01, 0xeb, 0x81, 0xeb, 0x83, 0xed, 0x83, 
	0xed, 0xc3, 0xfd, 0x09, 0xed, 0x81, 0xed, 0x83, 
	0xf5, 0xc5, 0xf5, 0x03, 0xec, 0x01, 0xf5, 0x83, 
	0xe3, 0xc1, 0xf4, 0x43, 0xf5, 0xc3, 0xed, 0xc3, 
	0xf6, 0x43, 0xed, 0x41, 0xd3, 0xc1, 0xe2, 0x81, 
	0xeb, 0x81, 0xec, 0xc1, 0xed, 0x81, 0xed, 0xc1, 
	0xed, 0x01, 0xeb, 0xc1, 0xf3, 0xc3, 0xec, 0x45, 
	0xfc, 0x49, 0xed, 0x81, 0xf6, 0x41, 0xf5, 0xc3, 
	0xf5, 0x81, 0xe3, 0x81, 0xeb, 0x41, 0xed, 0x41, 
	0xed, 0xc1, 0xed, 0xc1, 0xf5, 0xc1, 0xed, 0x01, 
	0xed, 0x01, 0xfe, 0x43, 0xe4, 0x81, 0xf4, 0x83, 
	0xec, 0x01, 0xec, 0x45, 0xed, 0x83, 0xe5, 0x81, 
	0xf6, 0x43, 0xed, 0x01, 0xdc, 0x41, 0xdc, 0x41, 
	0xe4, 0x41, 0xe4, 0xc1, 0xfe, 0x85, 0xed, 0xc1, 
	0xf6, 0x43, 0xeb, 0xc1, 0xeb, 0x81, 0xfe, 0x09, 
	0xed, 0x81, 0xfe, 0x01, 0xf6, 0x41, 0xed, 0x81, 
	0xf5, 0x41, 0xfd, 0x07, 0xf3, 0x41, 0xed, 0x41, 
	0xf6, 0x43, 0xf5, 0x41, 0xed, 0x01, 0xf5, 0x43, 
	0xec, 0x81, 0xfd, 0x43, 0xfd, 0x45, 0xf3, 0xc1, 
	0xf4, 0x83, 0xeb, 0x81, 0xed, 0x41, 0xed, 0x41, 
	0xed, 0x41, 0xf5, 0x43, 0xf4, 0xc1, 0xe4, 0xc1, 
	0xf5, 0x01, 0xf4, 0x81, 0xf5, 0x81, 0xed, 0xc1, 
	0xfe, 0xc3, 0xec, 0xc1, 0xf3, 0x01, 0xf6, 0x03, 
	0xee, 0x81, 0xf5, 0xc1, 0xfe, 0xc5, 0xfd, 0x83, 
	0xfd, 0x43, 0xfe, 0x01, 0xeb, 0xc3, 0xf5, 0x01, 
	0xf5, 0x01, 0xfd, 0xc5, 0xfc, 0x81, 0xec, 0x81, 
	0xf5, 0x01, 0xf5, 0x41, 0xf5, 0x81, 0xeb, 0x01, 
	0xf5, 0x41, 0xf5, 0x01, 0xf5, 0x41, 0xfd, 0x81, 
	0xf5, 0x81, 0xed, 0xc1, 0xfd, 0x01, 0xed, 0x01, 
	0xec, 0x01, 0xf4, 0xc1, 0xf5, 0x41, 0xf5, 0x81, 
	0xf5, 0x81, 0xfd, 0x85, 0xf3, 0x01, 0xf6, 0x03, 
	0xff, 0x05, 0xf5, 0xc1, 0xf5, 0xc1, 0xfd, 0x41, 
	0xfc, 0xc1, 0xfd, 0x01, 0xfc, 0x85, 0xfc, 0xc1, 
	0xf4, 0x81, 0xed, 0x83, 0xf4, 0x81, 0xfd, 0xc9, 
	0xed, 0x81, 0xfd, 0x81, 0xed, 0x81, 0xf3, 0x41, 
	0xfe, 0x05, 0xfd, 0x41, 0xfd, 0xc5, 0xf5, 0x41, 
	0xf5, 0x41, 0xf5, 0x03, 0xf4, 0xc1, 0xf4, 0x81, 
	0xf4, 0xc3, 0xfd, 0x43, 0xfe, 0x85, 0xf5, 0x81, 
	0xf6, 0x05, 0xfd, 0x81, 0xfc, 0x03, 0xfd, 0x43, 
	0xf5, 0x81, 0xfd, 0xc1, 0xf5, 0x81, 0xf5, 0x41, 
	0xf4, 0x81, 0xfc, 0xc1, 0xfd, 0x43, 0xfd, 0xc5, 
	0xf4, 0x81, 0xfc, 0x43, 0xfc, 0x01, 0xfe, 0x45, 
	0xf5, 0x41, 0xfe, 0x05, 0xfd, 0x41, 0xf5, 0x01, 
	0xf4, 0x81, 0xfd, 0x01, 0xf5, 0x01, 0xfd, 0x01, 
	0xfd, 0x01, 0xf4, 0x81, 0xfc, 0xc1, 0xf4, 0x41, 
	0xfd, 0x03, 0xfd, 0xc3, 0xf5, 0x41, 0xf5, 0xc3, 
	0xfe, 0x47, 0xfd, 0x81, 0xf4, 0x43, 0xfd, 0x85, 
	0xf5, 0xc3, 0xfd, 0xc1, 0xfe, 0x83, 0xfd, 0x81, 
	0xfd, 0x03, 0xfc, 0xc1, 0xf4, 0xc1, 0xfc, 0xc1, 
	0xfd, 0x41, 0xf4, 0x01, 0xfc, 0x01, 0xed, 0x81, 
	0xfd, 0x01, 0xf4, 0xc1, 0xfc, 0xc1, 0xfd, 0x41, 
	0xfc, 0x81, 0xfd, 0x01, 0xf4, 0x81, 0xfc, 0x81, 
	0xfd, 0x01, 0xfc, 0x81, 0xf3, 0xc1, 0xfc, 0x01, 
	0xfc, 0xc3, 0xfd, 0x41, 0xfd, 0x01, 0xfe, 0x89, 
	0xf4, 0xc1, 0xfd, 0x85, 0xfc, 0x85, 0xfd, 0x81, 
	0xfe, 0xc7, 0xf5, 0xc1, 0xfd, 0x01, 0xf5, 0x83, 
	0xf4, 0xc3, 0xfc, 0xc3, 0xf4, 0x81, 0xf4, 0x85, 
	0xf5, 0x03, 0xeb, 0xc1, 0xf4, 0x45, 0xfd, 0x81, 
	0xfd, 0xc3, 0xf5, 0x01, 0xfc, 0x83, 0xf5, 0x03, 
	0xcc, 0x8a, 0x00, 0x00, 0xfe, 0x98, 0xfc, 0x47, 
	0xfc, 0x81, 0xe4, 0x05, 0xe3, 0x81, 0xfc, 0x43, 
	0xfb, 0x81, 0xfc, 0xc5, 0xfc, 0xc1, 0xf5, 0x85, 
	0xfc, 0x81, 0xf5, 0x05, 0xfd, 0x07, 0xfd, 0x81, 
	0xf5, 0x01, 0xf6, 0x87, 0xfd, 0x01, 0xfc, 0xc1, 
	0xfd, 0x0c, 0xfc, 0x43, 0xf4, 0x43, 0x00, 0x00, 
	0xfe, 0x0d, 0xf5, 0x45, 0xfc, 0xc9, 0xf6, 0x85, 
	0xfd, 0x41, 0xfd, 0x43, 0xfc, 0x41, 0xfc, 0x43, 
	0x00, 0x00, 0x00, 0x00, 0x00, 0x00, 0xfc, 0x87, 
	0xfc, 0x03, 0x00, 0x00, 0xe3, 0x81, 0xf4, 0x03, 
	0xfb, 0x89, 0x00, 0x00, 0xfc, 0x47, 0xfc, 0xc3, 
	0xd4, 0xce, 0x00, 0x00, 0xfd, 0x8d, 0xfd, 0x05, 
	0xf4, 0xc3, 0xf5, 0x85, 0xfc, 0x81, 0xfd, 0x98, 
	0x00, 0x00, 0xfb, 0x89, 0xfe, 0x18, 0x00, 0x00, 
	0xec, 0xc7, 0xf5, 0x85, 0xfc, 0xc1, 0xf6, 0x87, 
	0xfc, 0xc1, 0xfd, 0x0c, 0xcc, 0xcc, 0xfb, 0xc5, 
	0x00, 0x00, 0x00, 0x00, 0x00, 0x00, 0xfe, 0x1c, 
	0xfb, 0x47, 0x00, 0x00, 0xfc, 0x98, 0xfb, 0x83, 
	0xfb, 0x8c, 0x00, 0x00, 0xfc, 0x87, 0xfc, 0x01, 
	0x00, 0x00, 0x00, 0x00, 0x00, 0x00, 0x00, 0x00, 
	0xd5, 0x12, 0xfc, 0x81, 0xf4, 0x41, 0x00, 0x00, 
	0x00, 0x00, 0xfb, 0xcf, 0x00, 0x00, 0x00, 0x00, 
	0xf5, 0x0a, 0xf5, 0x49, 0xfc, 0xc1, 0xf6, 0x45, 
	0xfc, 0x85, 0x00, 0x00, 0x00, 0x00, 0xdb, 0x43, 
	0x00, 0x00, 0x00, 0x00, 0x00, 0x00, 0x00, 0x00, 
	0xfc, 0x0d, 0x00, 0x00, 0x00, 0x00, 0xe3, 0x01, 
	0x00, 0x00, 0x00, 0x00, 0xcc, 0x8e, 0xbb, 0x45, 
	0x00, 0x00, 0x00, 0x00, 0x00, 0x00, 0x00, 0x00, 
	0x00, 0x00, 0xfc, 0x0d, 0xfc, 0x45, 0x00, 0x00, 
	0x00, 0x00, 0xfe, 0xa8, 0x00, 0x00, 0x00, 0x00, 
	0x00, 0x00, 0x00, 0x00, 0xc4, 0x87, 0xfd, 0x03, 
	0xcc, 0x52, 0x00, 0x00, 0x00, 0x00, 0xfc, 0xd8, 
	0x00, 0x00, 0x00, 0x00, 0x00, 0x00, 0x00, 0x00, 
	0xfe, 0xa4, 0x00, 0x00, 0x00, 0x00, 0xfa, 0xc7, 
	0x00, 0x00, 0x00, 0x00, 0x00, 0x00, 0xfe, 0x18, 
	0x00, 0x00, 0x00, 0x00, 0x00, 0x00, 0x00, 0x00, 
	0x00, 0x00, 0xfc, 0x0d, 0xfb, 0xd0, 0x00, 0x00, 
	0x00, 0x00, 0x00, 0x00, 0x00, 0x00, 0x00, 0x00, 
	0x00, 0x00, 0x00, 0x00, 0xfe, 0x1c, 0xfc, 0x01, 
	0xfe, 0x60, 0x00, 0x00, 0x00, 0x00, 0x00, 0x00, 
	0x00, 0x00, 0x00, 0x00, 0x00, 0x00, 0x00, 0x00, 
	0x00, 0x00, 0x00, 0x00, 0x00, 0x00, 0xfb, 0x09, 
	0x00, 0x00, 0x00, 0x00, 0x00, 0x00, 0x00, 0x00, 
	0x00, 0x00, 0x00, 0x00, 0x00, 0x00, 0x00, 0x00, 
	0x00, 0x00, 0xfe, 0xac, 0xfe, 0x18, 0x00, 0x00, 
	0x00, 0x00, 0x00, 0x00, 0x00, 0x00, 0x00, 0x00, 
	0x00, 0x00, 0x00, 0x00, 0x00, 0x00, 0xfb, 0x8d, 
	0x00, 0x00, 0x00, 0x00, 0x00, 0x00, 0x00, 0x00, 
	0x00, 0x00, 0x00, 0x00, 0x00, 0x00, 0x00, 0x00, 
	0x00, 0x00, 0x00, 0x00, 0x00, 0x00, 0x00, 0x00, 
	0x00, 0x00, 0x00, 0x00, 0x00, 0x00, 0x00, 0x00, 
	0x00, 0x00, 0x00, 0x00, 0x00, 0x00, 0x00, 0x00, 
	0x00, 0x00, 0x00, 0x00, 0x00, 0x00, 0x00, 0x00, 
	0x00, 0x00, 0x00, 0x00, 0x00, 0x00, 0x00, 0x00, 
	0x00, 0x00, 0x00, 0x00, 0x00, 0x00, 0xd4, 0x10, 
	0x00, 0x00, 0x00, 0x00, 0x00, 0x00, 0x00, 0x00, 
	0x00, 0x00, 0x00, 0x00, 0x00, 0x00, 0x00, 0x00, 
	0x00, 0x00, 0x00, 0x00, 0x00, 0x00, 0x00, 0x00, 
	
};

Gfx maple_treewway_dl_Skybox1_ci8_aligner[] = {gsSPEndDisplayList()};
u8 maple_treewway_dl_Skybox1_ci8[] = {
	0x00, 0x00, 0x00, 0x00, 0x00, 0x00, 0x00, 0x00, 
	0x00, 0x00, 0x00, 0x00, 0x00, 0x00, 0x00, 0x00, 
	0x00, 0x00, 0x00, 0x00, 0x00, 0x00, 0x00, 0x00, 
	0x00, 0x00, 0x00, 0x00, 0x00, 0x00, 0x00, 0x00, 
	0x00, 0x00, 0x00, 0x00, 0x00, 0x00, 0x00, 0x00, 
	0x00, 0x00, 0x00, 0x00, 0x00, 0x00, 0x00, 0x00, 
	0x00, 0x00, 0x00, 0x00, 0x00, 0x00, 0x00, 0x00, 
	0x00, 0x00, 0x00, 0x00, 0x00, 0x00, 0x00, 0x00, 
	0x00, 0x00, 0x00, 0x00, 0x00, 0x00, 0x00, 0x00, 
	0x00, 0x00, 0x00, 0x00, 0x00, 0x00, 0x00, 0x00, 
	0x00, 0x00, 0x00, 0x00, 0x00, 0x00, 0x00, 0x00, 
	0x00, 0x00, 0x00, 0x00, 0x00, 0x00, 0x00, 0x00, 
	0x00, 0x00, 0x00, 0x00, 0x00, 0x00, 0x00, 0x00, 
	0x00, 0x00, 0x00, 0x00, 0x00, 0x00, 0x00, 0x00, 
	0x00, 0x00, 0x00, 0x00, 0x00, 0x00, 0x00, 0x00, 
	0x00, 0x00, 0x00, 0x00, 0x00, 0x00, 0x00, 0x00, 
	0x00, 0x00, 0x00, 0x00, 0x00, 0x00, 0x00, 0x00, 
	0x00, 0x00, 0x00, 0x00, 0x00, 0x00, 0x00, 0x00, 
	0x00, 0x00, 0x00, 0x00, 0x00, 0x00, 0x00, 0x00, 
	0x00, 0x00, 0x00, 0x00, 0x00, 0x00, 0x00, 0x00, 
	0x01, 0x00, 0x00, 0x00, 0x01, 0x00, 0x00, 0x00, 
	0x00, 0x00, 0x00, 0x00, 0x01, 0x00, 0x00, 0x00, 
	0x00, 0x00, 0x00, 0x00, 0x00, 0x00, 0x00, 0x00, 
	0x00, 0x00, 0x00, 0x00, 0x00, 0x00, 0x00, 0x00, 
	0x00, 0x01, 0x00, 0x00, 0x00, 0x00, 0x00, 0x00, 
	0x00, 0x00, 0x00, 0x00, 0x00, 0x00, 0x00, 0x00, 
	0x00, 0x00, 0x00, 0x01, 0x00, 0x00, 0x00, 0x00, 
	0x00, 0x00, 0x00, 0x01, 0x00, 0x00, 0x00, 0x00, 
	0x01, 0x01, 0x00, 0x00, 0x01, 0x00, 0x00, 0x01, 
	0x00, 0x01, 0x00, 0x00, 0x00, 0x00, 0x00, 0x00, 
	0x00, 0x01, 0x01, 0x00, 0x00, 0x00, 0x01, 0x00, 
	0x00, 0x00, 0x01, 0x00, 0x00, 0x00, 0x00, 0x00, 
	0x01, 0x01, 0x01, 0x01, 0x00, 0x01, 0x00, 0x01, 
	0x00, 0x00, 0x00, 0x00, 0x00, 0x01, 0x00, 0x01, 
	0x00, 0x00, 0x01, 0x00, 0x00, 0x00, 0x01, 0x01, 
	0x00, 0x01, 0x00, 0x00, 0x00, 0x00, 0x00, 0x00, 
	0x01, 0x01, 0x01, 0x01, 0x01, 0x01, 0x01, 0x01, 
	0x01, 0x01, 0x01, 0x00, 0x00, 0x01, 0x00, 0x00, 
	0x00, 0x00, 0x00, 0x00, 0x00, 0x00, 0x00, 0x00, 
	0x00, 0x00, 0x00, 0x01, 0x01, 0x00, 0x00, 0x00, 
	0x01, 0x01, 0x01, 0x01, 0x01, 0x01, 0x01, 0x01, 
	0x01, 0x01, 0x01, 0x01, 0x01, 0x01, 0x00, 0x01, 
	0x01, 0x01, 0x01, 0x01, 0x01, 0x01, 0x01, 0x00, 
	0x01, 0x01, 0x01, 0x01, 0x01, 0x01, 0x01, 0x00, 
	0x02, 0x02, 0x01, 0x02, 0x01, 0x02, 0x01, 0x01, 
	0x01, 0x01, 0x01, 0x01, 0x01, 0x03, 0x01, 0x01, 
	0x00, 0x02, 0x01, 0x01, 0x01, 0x01, 0x00, 0x01, 
	0x00, 0x01, 0x01, 0x01, 0x01, 0x01, 0x01, 0x01, 
	0x02, 0x02, 0x02, 0x02, 0x02, 0x01, 0x02, 0x02, 
	0x02, 0x01, 0x02, 0x02, 0x02, 0x02, 0x02, 0x02, 
	0x02, 0x02, 0x02, 0x02, 0x02, 0x01, 0x01, 0x03, 
	0x01, 0x01, 0x01, 0x01, 0x01, 0x01, 0x01, 0x00, 
	0x02, 0x02, 0x02, 0x02, 0x02, 0x02, 0x02, 0x02, 
	0x02, 0x02, 0x02, 0x02, 0x02, 0x02, 0x02, 0x02, 
	0x02, 0x02, 0x02, 0x02, 0x01, 0x02, 0x02, 0x02, 
	0x01, 0x02, 0x02, 0x02, 0x01, 0x01, 0x01, 0x01, 
	0x02, 0x02, 0x02, 0x02, 0x02, 0x02, 0x02, 0x02, 
	0x02, 0x02, 0x02, 0x02, 0x02, 0x02, 0x02, 0x02, 
	0x02, 0x02, 0x02, 0x02, 0x02, 0x02, 0x01, 0x02, 
	0x02, 0x02, 0x02, 0x02, 0x01, 0x02, 0x01, 0x01, 
	0x04, 0x04, 0x02, 0x02, 0x02, 0x02, 0x02, 0x02, 
	0x02, 0x02, 0x02, 0x02, 0x02, 0x02, 0x02, 0x02, 
	0x02, 0x02, 0x02, 0x02, 0x02, 0x02, 0x02, 0x02, 
	0x02, 0x02, 0x02, 0x02, 0x02, 0x02, 0x01, 0x01, 
	0x05, 0x05, 0x02, 0x02, 0x02, 0x02, 0x02, 0x02, 
	0x02, 0x02, 0x02, 0x02, 0x02, 0x02, 0x02, 0x02, 
	0x02, 0x02, 0x02, 0x02, 0x02, 0x02, 0x02, 0x02, 
	0x02, 0x02, 0x02, 0x02, 0x02, 0x02, 0x02, 0x02, 
	0x05, 0x05, 0x06, 0x06, 0x06, 0x02, 0x02, 0x02, 
	0x02, 0x02, 0x02, 0x02, 0x02, 0x02, 0x02, 0x02, 
	0x02, 0x02, 0x02, 0x02, 0x02, 0x02, 0x02, 0x02, 
	0x02, 0x02, 0x02, 0x02, 0x02, 0x02, 0x02, 0x01, 
	0x05, 0x05, 0x05, 0x05, 0x05, 0x02, 0x02, 0x02, 
	0x02, 0x06, 0x02, 0x02, 0x02, 0x02, 0x02, 0x02, 
	0x02, 0x02, 0x02, 0x02, 0x02, 0x02, 0x02, 0x02, 
	0x02, 0x02, 0x02, 0x02, 0x02, 0x02, 0x02, 0x02, 
	0x05, 0x05, 0x05, 0x05, 0x07, 0x06, 0x06, 0x06, 
	0x06, 0x06, 0x02, 0x02, 0x02, 0x02, 0x02, 0x02, 
	0x02, 0x02, 0x02, 0x02, 0x02, 0x02, 0x02, 0x02, 
	0x02, 0x02, 0x02, 0x02, 0x02, 0x02, 0x02, 0x02, 
	0x05, 0x05, 0x05, 0x05, 0x05, 0x06, 0x06, 0x06, 
	0x06, 0x06, 0x02, 0x02, 0x06, 0x02, 0x02, 0x02, 
	0x02, 0x02, 0x02, 0x02, 0x02, 0x02, 0x02, 0x02, 
	0x02, 0x02, 0x02, 0x02, 0x02, 0x02, 0x02, 0x02, 
	0x07, 0x05, 0x07, 0x07, 0x07, 0x05, 0x05, 0x05, 
	0x05, 0x05, 0x05, 0x05, 0x05, 0x06, 0x06, 0x06, 
	0x06, 0x02, 0x02, 0x02, 0x02, 0x02, 0x02, 0x02, 
	0x02, 0x02, 0x02, 0x02, 0x02, 0x02, 0x02, 0x02, 
	0x08, 0x08, 0x07, 0x07, 0x05, 0x05, 0x05, 0x05, 
	0x05, 0x05, 0x05, 0x05, 0x06, 0x02, 0x06, 0x06, 
	0x06, 0x06, 0x02, 0x02, 0x02, 0x02, 0x02, 0x02, 
	0x02, 0x02, 0x02, 0x02, 0x02, 0x02, 0x02, 0x02, 
	0x08, 0x08, 0x08, 0x07, 0x05, 0x05, 0x05, 0x05, 
	0x05, 0x05, 0x05, 0x05, 0x05, 0x06, 0x06, 0x06, 
	0x06, 0x06, 0x05, 0x02, 0x04, 0x04, 0x02, 0x02, 
	0x02, 0x04, 0x04, 0x04, 0x04, 0x04, 0x02, 0x02, 
	0x08, 0x08, 0x08, 0x08, 0x08, 0x05, 0x05, 0x05, 
	0x05, 0x05, 0x05, 0x05, 0x05, 0x05, 0x05, 0x05, 
	0x05, 0x05, 0x05, 0x05, 0x05, 0x04, 0x09, 0x0a, 
	0x0a, 0x09, 0x09, 0x09, 0x0b, 0x0b, 0x0b, 0x0b, 
	0x0c, 0x0c, 0x0c, 0x0d, 0x0d, 0x0e, 0x0e, 0x05, 
	0x05, 0x05, 0x05, 0x05, 0x05, 0x05, 0x05, 0x05, 
	0x05, 0x05, 0x05, 0x05, 0x09, 0x09, 0x09, 0x09, 
	0x09, 0x09, 0x05, 0x09, 0x09, 0x09, 0x0a, 0x09, 
	0x0d, 0x0d, 0x0d, 0x0d, 0x0d, 0x0d, 0x0d, 0x08, 
	0x08, 0x08, 0x05, 0x05, 0x05, 0x05, 0x05, 0x05, 
	0x05, 0x05, 0x05, 0x05, 0x05, 0x05, 0x05, 0x09, 
	0x09, 0x09, 0x09, 0x09, 0x09, 0x09, 0x09, 0x09, 
	0x0d, 0x0d, 0x0d, 0x0d, 0x08, 0x0d, 0x0d, 0x0d, 
	0x08, 0x08, 0x08, 0x08, 0x05, 0x05, 0x05, 0x05, 
	0x05, 0x05, 0x05, 0x05, 0x08, 0x08, 0x05, 0x09, 
	0x09, 0x09, 0x09, 0x09, 0x0a, 0x09, 0x09, 0x0a, 
	0x0d, 0x0d, 0x0d, 0x0d, 0x0d, 0x0d, 0x0d, 0x0d, 
	0x0d, 0x0d, 0x08, 0x08, 0x08, 0x08, 0x08, 0x05, 
	0x05, 0x08, 0x08, 0x05, 0x08, 0x08, 0x08, 0x0f, 
	0x0f, 0x0f, 0x09, 0x09, 0x09, 0x09, 0x09, 0x09, 
	0x0d, 0x0d, 0x0d, 0x10, 0x0d, 0x0d, 0x0d, 0x0d, 
	0x0d, 0x0d, 0x08, 0x0f, 0x0f, 0x08, 0x08, 0x08, 
	0x08, 0x08, 0x0f, 0x0f, 0x0f, 0x0f, 0x0f, 0x0f, 
	0x0f, 0x0f, 0x09, 0x09, 0x09, 0x09, 0x09, 0x09, 
	0x10, 0x10, 0x10, 0x10, 0x10, 0x10, 0x10, 0x10, 
	0x10, 0x11, 0x12, 0x12, 0x0f, 0x08, 0x0f, 0x0f, 
	0x08, 0x0f, 0x0f, 0x0f, 0x0f, 0x0f, 0x0f, 0x0f, 
	0x0f, 0x0f, 0x09, 0x09, 0x09, 0x09, 0x09, 0x09, 
	0x10, 0x10, 0x10, 0x10, 0x11, 0x10, 0x11, 0x11, 
	0x11, 0x11, 0x11, 0x11, 0x12, 0x0f, 0x0f, 0x0f, 
	0x0f, 0x0f, 0x0f, 0x0f, 0x0f, 0x0f, 0x0f, 0x0f, 
	0x0f, 0x0f, 0x0f, 0x0f, 0x09, 0x09, 0x09, 0x09, 
	0x13, 0x10, 0x11, 0x11, 0x11, 0x11, 0x11, 0x11, 
	0x11, 0x11, 0x11, 0x11, 0x12, 0x12, 0x11, 0x14, 
	0x14, 0x12, 0x12, 0x11, 0x12, 0x12, 0x0f, 0x0f, 
	0x0f, 0x0f, 0x0f, 0x0f, 0x09, 0x09, 0x09, 0x09, 
	0x15, 0x15, 0x15, 0x11, 0x15, 0x11, 0x11, 0x11, 
	0x11, 0x11, 0x11, 0x11, 0x11, 0x11, 0x11, 0x11, 
	0x11, 0x11, 0x11, 0x11, 0x11, 0x11, 0x11, 0x14, 
	0x0f, 0x0f, 0x0f, 0x08, 0x05, 0x09, 0x09, 0x09, 
	0x16, 0x15, 0x15, 0x15, 0x15, 0x11, 0x11, 0x11, 
	0x11, 0x11, 0x11, 0x11, 0x11, 0x11, 0x11, 0x11, 
	0x11, 0x11, 0x11, 0x11, 0x11, 0x11, 0x11, 0x11, 
	0x14, 0x0f, 0x0f, 0x08, 0x08, 0x09, 0x09, 0x09, 
	0x16, 0x16, 0x16, 0x17, 0x17, 0x17, 0x17, 0x18, 
	0x11, 0x11, 0x15, 0x15, 0x15, 0x15, 0x15, 0x11, 
	0x11, 0x11, 0x11, 0x11, 0x11, 0x11, 0x11, 0x11, 
	0x14, 0x0f, 0x0f, 0x08, 0x08, 0x05, 0x05, 0x09, 
	0x19, 0x19, 0x19, 0x19, 0x19, 0x17, 0x17, 0x17, 
	0x17, 0x17, 0x17, 0x17, 0x17, 0x15, 0x15, 0x11, 
	0x11, 0x11, 0x11, 0x11, 0x11, 0x11, 0x11, 0x11, 
	0x11, 0x11, 0x11, 0x14, 0x08, 0x08, 0x08, 0x09, 
	0x19, 0x19, 0x19, 0x1a, 0x1a, 0x1b, 0x1b, 0x17, 
	0x17, 0x17, 0x17, 0x17, 0x17, 0x17, 0x17, 0x15, 
	0x15, 0x11, 0x11, 0x11, 0x11, 0x11, 0x11, 0x11, 
	0x11, 0x11, 0x11, 0x14, 0x08, 0x0f, 0x0f, 0x09, 
	0x19, 0x19, 0x1a, 0x1c, 0x1a, 0x1d, 0x1d, 0x1c, 
	0x1a, 0x1a, 0x17, 0x17, 0x19, 0x17, 0x17, 0x11, 
	0x11, 0x17, 0x17, 0x17, 0x15, 0x15, 0x11, 0x11, 
	0x11, 0x11, 0x11, 0x14, 0x14, 0x0f, 0x09, 0x09, 
	0x19, 0x19, 0x19, 0x1a, 0x1a, 0x1a, 0x1a, 0x1a, 
	0x1a, 0x1a, 0x1a, 0x1a, 0x1a, 0x17, 0x17, 0x17, 
	0x17, 0x19, 0x17, 0x17, 0x19, 0x15, 0x16, 0x11, 
	0x11, 0x11, 0x11, 0x11, 0x14, 0x08, 0x09, 0x09, 
	0x1e, 0x1e, 0x1e, 0x1c, 0x1c, 0x1c, 0x1c, 0x1c, 
	0x1a, 0x1a, 0x1a, 0x1a, 0x1a, 0x1a, 0x1a, 0x19, 
	0x19, 0x1a, 0x19, 0x19, 0x19, 0x17, 0x16, 0x1f, 
	0x11, 0x11, 0x11, 0x11, 0x14, 0x08, 0x0d, 0x09, 
	0x1e, 0x1e, 0x1e, 0x1c, 0x1c, 0x1c, 0x1c, 0x1c, 
	0x1a, 0x1a, 0x1a, 0x1a, 0x1a, 0x1a, 0x1a, 0x1a, 
	0x1a, 0x1a, 0x1a, 0x1a, 0x19, 0x19, 0x16, 0x16, 
	0x15, 0x15, 0x15, 0x11, 0x14, 0x08, 0x0d, 0x0f, 
	0x19, 0x19, 0x19, 0x1c, 0x1c, 0x1c, 0x1c, 0x1c, 
	0x1c, 0x1c, 0x1c, 0x1c, 0x1c, 0x1a, 0x1c, 0x1c, 
	0x1c, 0x1a, 0x1a, 0x1a, 0x1a, 0x17, 0x19, 0x16, 
	0x16, 0x11, 0x11, 0x11, 0x14, 0x14, 0x14, 0x14, 
	0x20, 0x20, 0x1e, 0x19, 0x1c, 0x1c, 0x1c, 0x1c, 
	0x21, 0x1c, 0x1c, 0x1c, 0x1c, 0x1c, 0x1c, 0x1c, 
	0x1c, 0x1a, 0x1a, 0x1a, 0x1c, 0x1e, 0x19, 0x15, 
	0x15, 0x11, 0x11, 0x11, 0x11, 0x11, 0x14, 0x14, 
	0x16, 0x16, 0x1e, 0x19, 0x1c, 0x22, 0x22, 0x1c, 
	0x1c, 0x1c, 0x1c, 0x1c, 0x1c, 0x1c, 0x1c, 0x1c, 
	0x1c, 0x1c, 0x1c, 0x1c, 0x1c, 0x1e, 0x19, 0x15, 
	0x15, 0x15, 0x15, 0x11, 0x11, 0x11, 0x14, 0x14, 
	0x1e, 0x1e, 0x1e, 0x1c, 0x1c, 0x1c, 0x1c, 0x23, 
	0x22, 0x22, 0x1c, 0x1c, 0x1c, 0x1c, 0x1c, 0x1c, 
	0x1c, 0x1c, 0x1c, 0x1c, 0x1c, 0x1e, 0x19, 0x15, 
	0x15, 0x15, 0x15, 0x11, 0x11, 0x11, 0x14, 0x14, 
	0x1e, 0x1e, 0x1e, 0x1c, 0x1c, 0x1c, 0x1c, 0x23, 
	0x22, 0x22, 0x1c, 0x1c, 0x1c, 0x1c, 0x1c, 0x1c, 
	0x1c, 0x1c, 0x1c, 0x1c, 0x1c, 0x1c, 0x19, 0x17, 
	0x15, 0x11, 0x11, 0x11, 0x11, 0x11, 0x14, 0x14, 
	0x1e, 0x1e, 0x1e, 0x19, 0x1c, 0x1c, 0x1c, 0x22, 
	0x1c, 0x1c, 0x22, 0x22, 0x22, 0x1c, 0x1c, 0x1c, 
	0x1c, 0x1c, 0x1c, 0x1c, 0x1c, 0x1d, 0x19, 0x18, 
	0x18, 0x18, 0x11, 0x11, 0x11, 0x11, 0x0f, 0x0f, 
	0x1e, 0x1e, 0x1e, 0x1e, 0x1c, 0x21, 0x21, 0x1c, 
	0x1c, 0x1c, 0x1c, 0x1c, 0x22, 0x1c, 0x1c, 0x1c, 
	0x1c, 0x1c, 0x1c, 0x1c, 0x1a, 0x1b, 0x1b, 0x17, 
	0x17, 0x18, 0x11, 0x11, 0x11, 0x11, 0x0f, 0x0f, 
	0x20, 0x1e, 0x1e, 0x19, 0x1c, 0x1c, 0x1c, 0x1c, 
	0x1c, 0x1c, 0x1c, 0x1c, 0x1c, 0x1c, 0x1c, 0x1c, 
	0x1c, 0x1c, 0x1c, 0x1d, 0x1b, 0x1b, 0x1b, 0x18, 
	0x18, 0x18, 0x11, 0x11, 0x11, 0x11, 0x0f, 0x0f, 
	0x20, 0x1e, 0x1e, 0x1e, 0x1c, 0x1c, 0x1c, 0x1c, 
	0x1c, 0x1c, 0x1c, 0x1c, 0x1c, 0x1c, 0x1c, 0x1c, 
	0x1c, 0x22, 0x22, 0x24, 0x24, 0x25, 0x1b, 0x18, 
	0x18, 0x18, 0x11, 0x11, 0x11, 0x11, 0x0f, 0x0f, 
	0x20, 0x1e, 0x1e, 0x1e, 0x1c, 0x1c, 0x1c, 0x1c, 
	0x1c, 0x1c, 0x1c, 0x1c, 0x1c, 0x1a, 0x1a, 0x1a, 
	0x1a, 0x22, 0x22, 0x24, 0x24, 0x25, 0x1b, 0x17, 
	0x17, 0x18, 0x11, 0x11, 0x12, 0x12, 0x0f, 0x0f, 
	0x20, 0x1e, 0x1e, 0x1e, 0x1c, 0x1e, 0x1e, 0x1c, 
	0x1c, 0x1c, 0x1c, 0x1c, 0x1c, 0x1a, 0x1a, 0x1b, 
	0x1b, 0x22, 0x24, 0x24, 0x24, 0x25, 0x1b, 0x18, 
	0x18, 0x18, 0x11, 0x11, 0x11, 0x11, 0x0f, 0x0f, 
	0x20, 0x20, 0x1e, 0x1e, 0x1e, 0x1c, 0x1c, 0x1e, 
	0x1c, 0x1c, 0x1c, 0x1c, 0x1c, 0x1c, 0x1a, 0x1b, 
	0x1b, 0x25, 0x24, 0x24, 0x26, 0x24, 0x1b, 0x1b, 
	0x1b, 0x18, 0x11, 0x11, 0x11, 0x11, 0x11, 0x11, 
	0x20, 0x20, 0x1e, 0x1e, 0x1e, 0x1c, 0x1c, 0x1c, 
	0x1c, 0x1c, 0x1c, 0x1c, 0x1c, 0x1c, 0x1b, 0x1b, 
	0x1b, 0x24, 0x24, 0x24, 0x26, 0x24, 0x1b, 0x27, 
	0x27, 0x18, 0x28, 0x11, 0x12, 0x12, 0x12, 0x12, 
	0x20, 0x20, 0x1e, 0x1e, 0x1e, 0x1c, 0x1c, 0x1c, 
	0x1c, 0x1c, 0x1a, 0x1a, 0x1a, 0x1a, 0x25, 0x25, 
	0x25, 0x25, 0x24, 0x24, 0x29, 0x25, 0x2a, 0x2b, 
	0x2b, 0x27, 0x28, 0x11, 0x11, 0x11, 0x11, 0x11, 
	0x20, 0x20, 0x1e, 0x1e, 0x1e, 0x1c, 0x1c, 0x1c, 
	0x1c, 0x1c, 0x1d, 0x1d, 0x25, 0x25, 0x25, 0x25, 
	0x25, 0x25, 0x25, 0x29, 0x26, 0x2c, 0x25, 0x27, 
	0x27, 0x28, 0x18, 0x28, 0x11, 0x11, 0x11, 0x11, 
	0x20, 0x20, 0x1e, 0x1c, 0x1c, 0x1c, 0x1c, 0x23, 
	0x24, 0x24, 0x24, 0x24, 0x24, 0x25, 0x25, 0x25, 
	0x25, 0x25, 0x25, 0x25, 0x25, 0x2d, 0x25, 0x2b, 
	0x2b, 0x2b, 0x27, 0x28, 0x11, 0x11, 0x11, 0x11, 
	0x20, 0x20, 0x1e, 0x1c, 0x1c, 0x1c, 0x2e, 0x23, 
	0x24, 0x24, 0x26, 0x26, 0x25, 0x25, 0x25, 0x25, 
	0x25, 0x25, 0x25, 0x25, 0x25, 0x2d, 0x25, 0x2b, 
	0x2b, 0x2f, 0x27, 0x27, 0x18, 0x18, 0x11, 0x11, 
	0x20, 0x20, 0x1e, 0x1c, 0x1c, 0x1b, 0x1b, 0x30, 
	0x24, 0x26, 0x26, 0x26, 0x29, 0x25, 0x25, 0x25, 
	0x25, 0x31, 0x2d, 0x2d, 0x2d, 0x2d, 0x32, 0x27, 
	0x27, 0x2b, 0x2b, 0x2b, 0x27, 0x18, 0x18, 0x18, 
	0x20, 0x20, 0x1e, 0x1c, 0x1d, 0x1b, 0x1b, 0x1d, 
	0x24, 0x25, 0x25, 0x25, 0x31, 0x32, 0x32, 0x32, 
	0x32, 0x31, 0x2d, 0x2d, 0x2d, 0x2d, 0x2d, 0x25, 
	0x25, 0x32, 0x32, 0x32, 0x31, 0x1b, 0x17, 0x17, 
	0x1e, 0x1e, 0x1e, 0x1c, 0x1c, 0x1d, 0x1d, 0x1b, 
	0x25, 0x25, 0x25, 0x31, 0x31, 0x32, 0x32, 0x32, 
	0x32, 0x32, 0x32, 0x29, 0x33, 0x25, 0x25, 0x25, 
	0x25, 0x32, 0x32, 0x2d, 0x25, 0x25, 0x27, 0x27, 
	0x1e, 0x1e, 0x1e, 0x1c, 0x1c, 0x1d, 0x1d, 0x1b, 
	0x24, 0x24, 0x25, 0x31, 0x32, 0x32, 0x32, 0x31, 
	0x31, 0x32, 0x32, 0x33, 0x33, 0x33, 0x25, 0x25, 
	0x25, 0x25, 0x25, 0x25, 0x25, 0x25, 0x31, 0x1b, 
	0x1e, 0x1e, 0x1e, 0x21, 0x21, 0x22, 0x22, 0x1b, 
	0x25, 0x25, 0x25, 0x31, 0x32, 0x32, 0x32, 0x32, 
	0x32, 0x32, 0x34, 0x33, 0x33, 0x35, 0x29, 0x26, 
	0x26, 0x29, 0x29, 0x2d, 0x33, 0x33, 0x29, 0x25, 
	
};

Gfx maple_treewway_dl_Skybox1_ci8_pal_rgba16_aligner[] = {gsSPEndDisplayList()};
u8 maple_treewway_dl_Skybox1_ci8_pal_rgba16[] = {
	0x94, 0x7f, 0x94, 0x3f, 0x8c, 0x3f, 0x8c, 0x7f, 
	0x8c, 0x3d, 0x8b, 0xfd, 0x8b, 0xff, 0x83, 0xfd, 
	0x8b, 0xfb, 0x93, 0xfd, 0x94, 0x3d, 0x93, 0xff, 
	0x83, 0xbb, 0x8b, 0xbb, 0x8b, 0xbd, 0x93, 0xfb, 
	0x8b, 0xb9, 0x93, 0xb9, 0x93, 0xf9, 0x8b, 0xb7, 
	0x93, 0xbb, 0x93, 0xb7, 0x93, 0x77, 0x9b, 0xb7, 
	0x9b, 0xb9, 0x9b, 0x77, 0xa3, 0x77, 0xa3, 0xb7, 
	0xa3, 0x75, 0xa3, 0xb5, 0x9b, 0x75, 0x93, 0x79, 
	0x93, 0x75, 0xa3, 0x73, 0xab, 0x75, 0xab, 0x73, 
	0xab, 0xb5, 0xab, 0xb7, 0xb3, 0xb5, 0xa3, 0xb9, 
	0x9b, 0xf9, 0xb3, 0xb7, 0xa3, 0xf7, 0xa3, 0xf9, 
	0xab, 0xf5, 0xab, 0xf7, 0xab, 0x77, 0xa3, 0xfb, 
	0xab, 0xb3, 0xab, 0xb9, 0xab, 0xf9, 0xb3, 0xf7, 
	0xb3, 0xf9, 0xb3, 0xf5, 
};

Gfx maple_treewway_dl_Skybox3_ci8_aligner[] = {gsSPEndDisplayList()};
u8 maple_treewway_dl_Skybox3_ci8[] = {
	0x00, 0x00, 0x00, 0x00, 0x00, 0x00, 0x00, 0x00, 
	0x00, 0x00, 0x00, 0x00, 0x00, 0x00, 0x00, 0x00, 
	0x00, 0x00, 0x00, 0x00, 0x00, 0x00, 0x00, 0x00, 
	0x00, 0x00, 0x00, 0x00, 0x00, 0x00, 0x00, 0x00, 
	0x00, 0x00, 0x00, 0x00, 0x00, 0x00, 0x00, 0x00, 
	0x00, 0x00, 0x00, 0x00, 0x00, 0x00, 0x00, 0x00, 
	0x00, 0x00, 0x00, 0x00, 0x00, 0x00, 0x00, 0x00, 
	0x00, 0x00, 0x00, 0x00, 0x00, 0x00, 0x00, 0x00, 
	0x00, 0x00, 0x00, 0x00, 0x00, 0x00, 0x00, 0x00, 
	0x00, 0x00, 0x00, 0x00, 0x00, 0x00, 0x00, 0x00, 
	0x00, 0x00, 0x00, 0x00, 0x00, 0x00, 0x00, 0x00, 
	0x00, 0x00, 0x00, 0x00, 0x00, 0x00, 0x00, 0x00, 
	0x00, 0x00, 0x00, 0x00, 0x00, 0x00, 0x00, 0x00, 
	0x00, 0x00, 0x00, 0x00, 0x00, 0x00, 0x00, 0x00, 
	0x00, 0x00, 0x00, 0x00, 0x00, 0x00, 0x00, 0x00, 
	0x00, 0x00, 0x00, 0x00, 0x00, 0x00, 0x00, 0x00, 
	0x00, 0x00, 0x00, 0x00, 0x00, 0x00, 0x00, 0x00, 
	0x00, 0x00, 0x00, 0x00, 0x00, 0x00, 0x00, 0x00, 
	0x00, 0x00, 0x00, 0x00, 0x00, 0x00, 0x00, 0x00, 
	0x00, 0x00, 0x00, 0x00, 0x00, 0x00, 0x00, 0x00, 
	0x00, 0x00, 0x00, 0x00, 0x00, 0x00, 0x00, 0x00, 
	0x00, 0x00, 0x00, 0x00, 0x00, 0x00, 0x00, 0x00, 
	0x00, 0x00, 0x00, 0x00, 0x00, 0x00, 0x00, 0x00, 
	0x00, 0x00, 0x00, 0x00, 0x00, 0x00, 0x00, 0x00, 
	0x00, 0x00, 0x00, 0x00, 0x00, 0x00, 0x00, 0x00, 
	0x00, 0x00, 0x00, 0x00, 0x00, 0x00, 0x00, 0x00, 
	0x00, 0x00, 0x00, 0x00, 0x00, 0x00, 0x00, 0x00, 
	0x00, 0x00, 0x00, 0x00, 0x00, 0x00, 0x00, 0x00, 
	0x00, 0x00, 0x00, 0x00, 0x00, 0x00, 0x00, 0x00, 
	0x00, 0x00, 0x00, 0x00, 0x00, 0x00, 0x00, 0x00, 
	0x00, 0x00, 0x00, 0x00, 0x00, 0x00, 0x00, 0x00, 
	0x00, 0x00, 0x00, 0x00, 0x00, 0x00, 0x00, 0x00, 
	0x00, 0x00, 0x00, 0x00, 0x00, 0x00, 0x00, 0x00, 
	0x00, 0x00, 0x00, 0x00, 0x00, 0x00, 0x00, 0x00, 
	0x00, 0x00, 0x00, 0x00, 0x00, 0x00, 0x00, 0x00, 
	0x00, 0x00, 0x00, 0x00, 0x00, 0x00, 0x00, 0x00, 
	0x00, 0x00, 0x00, 0x00, 0x00, 0x00, 0x00, 0x00, 
	0x00, 0x00, 0x00, 0x00, 0x00, 0x00, 0x00, 0x00, 
	0x00, 0x00, 0x00, 0x00, 0x00, 0x00, 0x00, 0x00, 
	0x00, 0x00, 0x00, 0x00, 0x00, 0x00, 0x00, 0x00, 
	0x00, 0x00, 0x00, 0x00, 0x00, 0x00, 0x00, 0x00, 
	0x00, 0x00, 0x00, 0x00, 0x00, 0x00, 0x00, 0x00, 
	0x01, 0x00, 0x00, 0x00, 0x00, 0x00, 0x00, 0x01, 
	0x00, 0x00, 0x00, 0x00, 0x00, 0x00, 0x00, 0x00, 
	0x00, 0x00, 0x00, 0x00, 0x00, 0x00, 0x00, 0x00, 
	0x00, 0x00, 0x00, 0x00, 0x00, 0x00, 0x00, 0x00, 
	0x00, 0x00, 0x00, 0x00, 0x01, 0x00, 0x01, 0x00, 
	0x00, 0x00, 0x00, 0x00, 0x00, 0x00, 0x00, 0x00, 
	0x00, 0x00, 0x00, 0x00, 0x00, 0x00, 0x00, 0x00, 
	0x00, 0x00, 0x00, 0x00, 0x00, 0x00, 0x00, 0x00, 
	0x00, 0x00, 0x00, 0x00, 0x00, 0x01, 0x00, 0x00, 
	0x00, 0x00, 0x00, 0x01, 0x00, 0x00, 0x00, 0x00, 
	0x00, 0x00, 0x00, 0x00, 0x00, 0x00, 0x00, 0x00, 
	0x00, 0x00, 0x00, 0x00, 0x00, 0x00, 0x00, 0x00, 
	0x00, 0x00, 0x00, 0x00, 0x01, 0x00, 0x00, 0x00, 
	0x00, 0x00, 0x00, 0x00, 0x01, 0x00, 0x00, 0x00, 
	0x00, 0x00, 0x00, 0x00, 0x00, 0x00, 0x00, 0x00, 
	0x00, 0x00, 0x00, 0x00, 0x00, 0x00, 0x00, 0x00, 
	0x00, 0x00, 0x00, 0x00, 0x00, 0x01, 0x00, 0x00, 
	0x00, 0x00, 0x00, 0x00, 0x00, 0x00, 0x01, 0x00, 
	0x00, 0x00, 0x00, 0x00, 0x00, 0x00, 0x00, 0x00, 
	0x00, 0x00, 0x00, 0x00, 0x00, 0x00, 0x00, 0x00, 
	0x00, 0x00, 0x00, 0x00, 0x00, 0x00, 0x00, 0x00, 
	0x00, 0x00, 0x00, 0x00, 0x01, 0x01, 0x01, 0x01, 
	0x00, 0x00, 0x00, 0x00, 0x00, 0x00, 0x00, 0x00, 
	0x00, 0x00, 0x00, 0x00, 0x00, 0x00, 0x00, 0x00, 
	0x00, 0x00, 0x00, 0x00, 0x00, 0x00, 0x00, 0x00, 
	0x00, 0x00, 0x00, 0x01, 0x01, 0x01, 0x01, 0x01, 
	0x00, 0x00, 0x00, 0x00, 0x00, 0x00, 0x00, 0x00, 
	0x00, 0x00, 0x00, 0x00, 0x00, 0x00, 0x00, 0x00, 
	0x00, 0x00, 0x00, 0x00, 0x00, 0x00, 0x00, 0x00, 
	0x00, 0x00, 0x01, 0x00, 0x00, 0x00, 0x01, 0x01, 
	0x00, 0x00, 0x00, 0x00, 0x00, 0x00, 0x00, 0x00, 
	0x00, 0x00, 0x00, 0x00, 0x00, 0x00, 0x00, 0x00, 
	0x00, 0x00, 0x00, 0x00, 0x00, 0x00, 0x00, 0x00, 
	0x00, 0x00, 0x00, 0x01, 0x00, 0x00, 0x01, 0x01, 
	0x00, 0x00, 0x00, 0x00, 0x00, 0x00, 0x00, 0x00, 
	0x00, 0x00, 0x00, 0x00, 0x00, 0x00, 0x00, 0x00, 
	0x00, 0x00, 0x00, 0x00, 0x00, 0x00, 0x02, 0x00, 
	0x00, 0x01, 0x00, 0x01, 0x00, 0x00, 0x01, 0x00, 
	0x00, 0x00, 0x00, 0x00, 0x00, 0x00, 0x00, 0x00, 
	0x00, 0x00, 0x00, 0x00, 0x00, 0x00, 0x00, 0x00, 
	0x00, 0x00, 0x02, 0x02, 0x02, 0x02, 0x02, 0x02, 
	0x02, 0x02, 0x00, 0x00, 0x02, 0x01, 0x01, 0x01, 
	0x00, 0x00, 0x00, 0x00, 0x00, 0x00, 0x00, 0x00, 
	0x00, 0x00, 0x00, 0x00, 0x00, 0x00, 0x02, 0x02, 
	0x02, 0x02, 0x02, 0x02, 0x02, 0x02, 0x02, 0x02, 
	0x02, 0x02, 0x02, 0x02, 0x02, 0x01, 0x01, 0x01, 
	0x00, 0x00, 0x00, 0x00, 0x02, 0x02, 0x02, 0x02, 
	0x00, 0x00, 0x00, 0x00, 0x00, 0x02, 0x02, 0x02, 
	0x02, 0x02, 0x02, 0x02, 0x02, 0x02, 0x02, 0x02, 
	0x02, 0x02, 0x02, 0x03, 0x01, 0x01, 0x01, 0x01, 
	0x00, 0x00, 0x04, 0x05, 0x05, 0x05, 0x05, 0x02, 
	0x00, 0x00, 0x00, 0x00, 0x02, 0x02, 0x02, 0x02, 
	0x02, 0x02, 0x02, 0x02, 0x02, 0x02, 0x02, 0x02, 
	0x02, 0x02, 0x02, 0x03, 0x03, 0x01, 0x01, 0x01, 
	0x04, 0x04, 0x05, 0x05, 0x05, 0x05, 0x05, 0x05, 
	0x02, 0x02, 0x00, 0x00, 0x02, 0x02, 0x02, 0x02, 
	0x02, 0x02, 0x02, 0x06, 0x06, 0x02, 0x02, 0x02, 
	0x02, 0x02, 0x02, 0x03, 0x03, 0x01, 0x01, 0x01, 
	0x05, 0x05, 0x05, 0x05, 0x05, 0x05, 0x05, 0x05, 
	0x05, 0x05, 0x05, 0x00, 0x02, 0x02, 0x02, 0x02, 
	0x02, 0x02, 0x02, 0x06, 0x06, 0x02, 0x02, 0x02, 
	0x02, 0x02, 0x03, 0x03, 0x03, 0x03, 0x03, 0x01, 
	0x05, 0x05, 0x05, 0x05, 0x05, 0x05, 0x05, 0x05, 
	0x05, 0x05, 0x05, 0x05, 0x02, 0x02, 0x02, 0x02, 
	0x02, 0x02, 0x02, 0x06, 0x06, 0x02, 0x02, 0x02, 
	0x02, 0x02, 0x03, 0x03, 0x03, 0x03, 0x03, 0x01, 
	0x05, 0x05, 0x05, 0x05, 0x05, 0x05, 0x05, 0x05, 
	0x05, 0x05, 0x05, 0x05, 0x05, 0x05, 0x05, 0x02, 
	0x02, 0x02, 0x02, 0x06, 0x06, 0x06, 0x02, 0x02, 
	0x02, 0x02, 0x03, 0x03, 0x03, 0x03, 0x03, 0x01, 
	0x05, 0x05, 0x05, 0x05, 0x05, 0x05, 0x05, 0x05, 
	0x05, 0x05, 0x05, 0x05, 0x05, 0x05, 0x05, 0x02, 
	0x02, 0x02, 0x06, 0x06, 0x06, 0x06, 0x02, 0x02, 
	0x02, 0x02, 0x02, 0x02, 0x03, 0x03, 0x02, 0x01, 
	0x05, 0x05, 0x05, 0x05, 0x05, 0x05, 0x05, 0x05, 
	0x05, 0x05, 0x05, 0x05, 0x07, 0x06, 0x06, 0x02, 
	0x06, 0x06, 0x06, 0x06, 0x06, 0x06, 0x02, 0x02, 
	0x02, 0x03, 0x03, 0x03, 0x03, 0x03, 0x03, 0x01, 
	0x05, 0x05, 0x05, 0x05, 0x05, 0x05, 0x05, 0x05, 
	0x05, 0x07, 0x07, 0x07, 0x06, 0x06, 0x06, 0x06, 
	0x06, 0x06, 0x06, 0x06, 0x06, 0x06, 0x02, 0x02, 
	0x02, 0x02, 0x03, 0x03, 0x03, 0x03, 0x03, 0x03, 
	0x07, 0x07, 0x05, 0x05, 0x05, 0x05, 0x05, 0x05, 
	0x07, 0x07, 0x07, 0x07, 0x06, 0x06, 0x06, 0x06, 
	0x06, 0x06, 0x06, 0x06, 0x06, 0x06, 0x02, 0x02, 
	0x02, 0x03, 0x03, 0x03, 0x03, 0x03, 0x03, 0x01, 
	0x07, 0x07, 0x07, 0x07, 0x07, 0x07, 0x07, 0x07, 
	0x07, 0x07, 0x07, 0x07, 0x06, 0x06, 0x06, 0x06, 
	0x02, 0x02, 0x02, 0x02, 0x02, 0x02, 0x03, 0x03, 
	0x03, 0x03, 0x03, 0x03, 0x03, 0x03, 0x01, 0x03, 
	0x07, 0x07, 0x07, 0x07, 0x07, 0x08, 0x07, 0x07, 
	0x07, 0x07, 0x07, 0x09, 0x07, 0x09, 0x06, 0x06, 
	0x06, 0x02, 0x02, 0x03, 0x03, 0x03, 0x03, 0x03, 
	0x03, 0x03, 0x03, 0x03, 0x03, 0x03, 0x03, 0x03, 
	0x08, 0x08, 0x08, 0x08, 0x08, 0x08, 0x08, 0x09, 
	0x08, 0x07, 0x07, 0x09, 0x09, 0x09, 0x06, 0x06, 
	0x06, 0x06, 0x02, 0x03, 0x03, 0x03, 0x03, 0x03, 
	0x03, 0x03, 0x03, 0x03, 0x03, 0x03, 0x03, 0x03, 
	0x08, 0x08, 0x08, 0x08, 0x08, 0x08, 0x0a, 0x08, 
	0x09, 0x08, 0x08, 0x08, 0x08, 0x09, 0x09, 0x06, 
	0x06, 0x06, 0x02, 0x03, 0x03, 0x03, 0x03, 0x03, 
	0x03, 0x03, 0x03, 0x03, 0x03, 0x03, 0x03, 0x03, 
	0x08, 0x08, 0x08, 0x08, 0x08, 0x08, 0x0a, 0x09, 
	0x08, 0x08, 0x08, 0x09, 0x09, 0x09, 0x09, 0x06, 
	0x06, 0x06, 0x02, 0x03, 0x03, 0x03, 0x03, 0x03, 
	0x03, 0x03, 0x03, 0x03, 0x03, 0x03, 0x03, 0x03, 
	0x08, 0x08, 0x08, 0x08, 0x08, 0x08, 0x08, 0x08, 
	0x07, 0x08, 0x06, 0x09, 0x09, 0x09, 0x06, 0x06, 
	0x06, 0x06, 0x02, 0x02, 0x02, 0x02, 0x02, 0x03, 
	0x03, 0x03, 0x03, 0x03, 0x03, 0x03, 0x03, 0x0b, 
	0x0a, 0x0a, 0x0a, 0x08, 0x08, 0x08, 0x07, 0x07, 
	0x07, 0x07, 0x06, 0x06, 0x06, 0x06, 0x06, 0x06, 
	0x06, 0x02, 0x02, 0x02, 0x06, 0x02, 0x02, 0x03, 
	0x03, 0x03, 0x03, 0x03, 0x03, 0x03, 0x03, 0x03, 
	0x0a, 0x0a, 0x0a, 0x08, 0x08, 0x08, 0x07, 0x06, 
	0x07, 0x07, 0x06, 0x06, 0x06, 0x06, 0x06, 0x06, 
	0x02, 0x02, 0x02, 0x02, 0x06, 0x06, 0x06, 0x02, 
	0x03, 0x03, 0x03, 0x03, 0x03, 0x03, 0x03, 0x0b, 
	0x0a, 0x0a, 0x0a, 0x09, 0x09, 0x09, 0x06, 0x06, 
	0x06, 0x06, 0x06, 0x06, 0x06, 0x06, 0x06, 0x06, 
	0x02, 0x02, 0x02, 0x02, 0x06, 0x06, 0x06, 0x02, 
	0x02, 0x02, 0x02, 0x02, 0x03, 0x03, 0x0b, 0x0b, 
	0x0a, 0x08, 0x08, 0x09, 0x09, 0x09, 0x09, 0x09, 
	0x06, 0x06, 0x06, 0x06, 0x06, 0x06, 0x06, 0x06, 
	0x02, 0x02, 0x02, 0x02, 0x06, 0x06, 0x06, 0x06, 
	0x02, 0x02, 0x02, 0x02, 0x03, 0x03, 0x03, 0x0c, 
	0x08, 0x08, 0x08, 0x08, 0x08, 0x09, 0x09, 0x09, 
	0x09, 0x09, 0x06, 0x06, 0x06, 0x06, 0x06, 0x06, 
	0x06, 0x06, 0x06, 0x06, 0x06, 0x06, 0x06, 0x06, 
	0x06, 0x02, 0x02, 0x02, 0x0b, 0x0b, 0x0c, 0x0c, 
	0x08, 0x08, 0x08, 0x08, 0x08, 0x08, 0x09, 0x09, 
	0x09, 0x09, 0x09, 0x09, 0x06, 0x06, 0x06, 0x06, 
	0x06, 0x06, 0x06, 0x06, 0x06, 0x06, 0x06, 0x06, 
	0x06, 0x06, 0x0d, 0x0d, 0x0c, 0x0c, 0x0c, 0x0c, 
	0x08, 0x08, 0x08, 0x08, 0x08, 0x08, 0x08, 0x09, 
	0x09, 0x09, 0x09, 0x09, 0x09, 0x06, 0x06, 0x06, 
	0x06, 0x06, 0x06, 0x06, 0x09, 0x06, 0x06, 0x06, 
	0x06, 0x0d, 0x0d, 0x0d, 0x0c, 0x0c, 0x0c, 0x0e, 
	0x0a, 0x0a, 0x0a, 0x08, 0x0a, 0x08, 0x08, 0x09, 
	0x09, 0x09, 0x06, 0x06, 0x06, 0x06, 0x06, 0x06, 
	0x09, 0x09, 0x09, 0x09, 0x09, 0x06, 0x06, 0x06, 
	0x06, 0x09, 0x0f, 0x0c, 0x10, 0x10, 0x10, 0x10, 
	0x0a, 0x0a, 0x0a, 0x0a, 0x0a, 0x08, 0x08, 0x09, 
	0x09, 0x09, 0x06, 0x06, 0x06, 0x09, 0x09, 0x09, 
	0x09, 0x09, 0x09, 0x09, 0x09, 0x09, 0x09, 0x09, 
	0x09, 0x0f, 0x0f, 0x10, 0x10, 0x10, 0x10, 0x10, 
	0x0a, 0x11, 0x11, 0x0a, 0x0a, 0x08, 0x08, 0x08, 
	0x09, 0x09, 0x09, 0x09, 0x09, 0x09, 0x09, 0x09, 
	0x09, 0x09, 0x09, 0x09, 0x09, 0x09, 0x09, 0x12, 
	0x12, 0x10, 0x10, 0x10, 0x10, 0x10, 0x13, 0x13, 
	0x0a, 0x11, 0x11, 0x0a, 0x0a, 0x08, 0x08, 0x08, 
	0x09, 0x09, 0x09, 0x09, 0x09, 0x09, 0x09, 0x09, 
	0x09, 0x09, 0x09, 0x09, 0x09, 0x09, 0x09, 0x12, 
	0x13, 0x10, 0x10, 0x10, 0x10, 0x10, 0x14, 0x14, 
	0x11, 0x11, 0x11, 0x0a, 0x0a, 0x0a, 0x0a, 0x08, 
	0x08, 0x08, 0x09, 0x15, 0x15, 0x09, 0x09, 0x15, 
	0x15, 0x15, 0x15, 0x15, 0x15, 0x15, 0x15, 0x16, 
	0x13, 0x13, 0x13, 0x13, 0x14, 0x14, 0x14, 0x14, 
	0x17, 0x11, 0x11, 0x11, 0x0a, 0x0a, 0x08, 0x08, 
	0x08, 0x15, 0x15, 0x15, 0x15, 0x15, 0x15, 0x16, 
	0x16, 0x16, 0x15, 0x15, 0x15, 0x13, 0x13, 0x13, 
	0x13, 0x13, 0x13, 0x13, 0x18, 0x18, 0x19, 0x1a, 
	0x17, 0x11, 0x11, 0x11, 0x11, 0x0a, 0x0a, 0x08, 
	0x0a, 0x15, 0x15, 0x15, 0x15, 0x15, 0x15, 0x16, 
	0x16, 0x16, 0x15, 0x15, 0x15, 0x16, 0x16, 0x13, 
	0x13, 0x18, 0x18, 0x18, 0x18, 0x18, 0x19, 0x1a, 
	0x17, 0x1b, 0x1b, 0x11, 0x11, 0x0a, 0x0a, 0x0a, 
	0x15, 0x15, 0x15, 0x1c, 0x1c, 0x1c, 0x1c, 0x16, 
	0x13, 0x13, 0x13, 0x13, 0x13, 0x18, 0x18, 0x18, 
	0x18, 0x18, 0x19, 0x19, 0x19, 0x19, 0x19, 0x1a, 
	0x17, 0x17, 0x17, 0x11, 0x11, 0x11, 0x0a, 0x15, 
	0x15, 0x1c, 0x1d, 0x1d, 0x1d, 0x1d, 0x1d, 0x1d, 
	0x18, 0x18, 0x18, 0x18, 0x18, 0x18, 0x18, 0x1d, 
	0x1d, 0x1d, 0x1e, 0x1e, 0x1f, 0x19, 0x19, 0x1a, 
	0x17, 0x17, 0x17, 0x11, 0x11, 0x11, 0x11, 0x15, 
	0x1c, 0x1c, 0x1d, 0x1d, 0x1d, 0x1d, 0x1d, 0x1d, 
	0x1d, 0x1d, 0x18, 0x18, 0x18, 0x1d, 0x1d, 0x20, 
	0x20, 0x20, 0x21, 0x21, 0x1f, 0x1f, 0x22, 0x22, 
	0x17, 0x17, 0x17, 0x11, 0x11, 0x1c, 0x23, 0x1d, 
	0x1d, 0x1d, 0x1d, 0x1d, 0x1d, 0x1d, 0x1d, 0x1d, 
	0x20, 0x20, 0x19, 0x19, 0x19, 0x21, 0x21, 0x20, 
	0x20, 0x21, 0x21, 0x21, 0x22, 0x22, 0x22, 0x22, 
	0x17, 0x17, 0x17, 0x11, 0x1c, 0x1c, 0x1d, 0x1d, 
	0x1d, 0x1d, 0x20, 0x1d, 0x1d, 0x1d, 0x1d, 0x1d, 
	0x21, 0x21, 0x21, 0x21, 0x20, 0x20, 0x20, 0x21, 
	0x21, 0x21, 0x21, 0x21, 0x24, 0x24, 0x25, 0x25, 
	0x17, 0x17, 0x17, 0x20, 0x20, 0x20, 0x20, 0x20, 
	0x21, 0x21, 0x21, 0x20, 0x20, 0x20, 0x20, 0x20, 
	0x20, 0x20, 0x20, 0x20, 0x20, 0x26, 0x26, 0x21, 
	0x21, 0x24, 0x27, 0x27, 0x27, 0x27, 0x28, 0x28, 
	0x29, 0x17, 0x17, 0x20, 0x20, 0x20, 0x21, 0x21, 
	0x21, 0x21, 0x2a, 0x21, 0x21, 0x21, 0x21, 0x20, 
	0x20, 0x20, 0x29, 0x29, 0x26, 0x26, 0x26, 0x2a, 
	0x2a, 0x27, 0x27, 0x27, 0x2b, 0x2b, 0x28, 0x28, 
	0x2c, 0x29, 0x2d, 0x2d, 0x20, 0x21, 0x21, 0x27, 
	0x27, 0x2a, 0x2e, 0x2e, 0x2e, 0x2a, 0x2a, 0x2a, 
	0x2e, 0x29, 0x29, 0x2c, 0x2e, 0x2e, 0x2e, 0x2f, 
	0x2f, 0x27, 0x2b, 0x2b, 0x30, 0x31, 0x30, 0x32, 
	0x33, 0x2f, 0x29, 0x29, 0x20, 0x34, 0x2a, 0x35, 
	0x35, 0x2f, 0x2f, 0x2f, 0x2f, 0x2f, 0x2f, 0x2f, 
	0x2f, 0x29, 0x29, 0x33, 0x2f, 0x2f, 0x2f, 0x36, 
	0x36, 0x37, 0x30, 0x30, 0x38, 0x39, 0x39, 0x39, 
	0x2f, 0x29, 0x29, 0x29, 0x2e, 0x2e, 0x2e, 0x36, 
	0x3a, 0x3a, 0x3a, 0x3b, 0x3b, 0x3c, 0x3d, 0x3c, 
	0x3a, 0x33, 0x33, 0x3d, 0x3d, 0x3a, 0x3a, 0x3e, 
	0x3e, 0x3e, 0x38, 0x38, 0x3e, 0x38, 0x3f, 0x40, 
	0x33, 0x29, 0x29, 0x29, 0x2e, 0x2f, 0x36, 0x3a, 
	0x3a, 0x3a, 0x3a, 0x3b, 0x3b, 0x3c, 0x3b, 0x3b, 
	0x3b, 0x3d, 0x3b, 0x41, 0x41, 0x3a, 0x3a, 0x3e, 
	0x3e, 0x42, 0x42, 0x42, 0x43, 0x3f, 0x40, 0x44, 
	0x29, 0x29, 0x29, 0x33, 0x2f, 0x3a, 0x3c, 0x45, 
	0x45, 0x45, 0x41, 0x41, 0x41, 0x3b, 0x46, 0x46, 
	0x46, 0x47, 0x41, 0x45, 0x48, 0x45, 0x49, 0x43, 
	0x43, 0x43, 0x43, 0x43, 0x4a, 0x44, 0x4b, 0x44, 
	
};

Gfx maple_treewway_dl_Skybox3_ci8_pal_rgba16_aligner[] = {gsSPEndDisplayList()};
u8 maple_treewway_dl_Skybox3_ci8_pal_rgba16[] = {
	0x94, 0x7f, 0x94, 0x3f, 0x9c, 0x7f, 0x9c, 0x3f, 
	0x94, 0xbf, 0x9c, 0xbf, 0xa4, 0x7f, 0xa4, 0xbf, 
	0xac, 0xbf, 0xac, 0x7f, 0xb4, 0xbf, 0x9c, 0x3d, 
	0xa4, 0x3d, 0xa4, 0x3f, 0xa3, 0xfd, 0xac, 0x3f, 
	0xac, 0x3d, 0xbc, 0xbf, 0xac, 0x7d, 0xb4, 0x3d, 
	0xb4, 0x3b, 0xb4, 0x7f, 0xb4, 0x7d, 0xc4, 0xbf, 
	0xbc, 0x3d, 0xbc, 0x3b, 0xbc, 0x39, 0xc4, 0xff, 
	0xbc, 0x7f, 0xbc, 0x7d, 0xc4, 0x3d, 0xc4, 0x3b, 
	0xc4, 0x7d, 0xc4, 0x7b, 0xc4, 0x39, 0xbc, 0xbd, 
	0xc4, 0x79, 0xcc, 0x39, 0xcc, 0x7d, 0xcc, 0x79, 
	0xcc, 0x37, 0xcc, 0xbd, 0xcc, 0x7b, 0xcc, 0x77, 
	0xcc, 0xbf, 0xc4, 0xbd, 0xcc, 0xbb, 0xd4, 0xbb, 
	0xd4, 0x77, 0xd4, 0x75, 0xd4, 0x35, 0xd4, 0xbd, 
	0xc4, 0xbb, 0xd4, 0x79, 0xd4, 0xb9, 0xd4, 0xb7, 
	0xdc, 0x77, 0xdc, 0x75, 0xdc, 0xb9, 0xdc, 0xfb, 
	0xdc, 0xf9, 0xdc, 0xbb, 0xdc, 0xb7, 0xe4, 0x75, 
	0xe4, 0x73, 0xe4, 0xf9, 0xdc, 0xb5, 0xe4, 0xb5, 
	0xec, 0x73, 0xe4, 0xf7, 0xdc, 0xfd, 0xe4, 0xfb, 
	0xec, 0xf7, 0xe4, 0xb7, 0xe4, 0xb3, 0xec, 0xb3, 
	
};

Gfx maple_treewway_dl_Skybox4_ci8_aligner[] = {gsSPEndDisplayList()};
u8 maple_treewway_dl_Skybox4_ci8[] = {
	0x00, 0x00, 0x00, 0x00, 0x00, 0x00, 0x00, 0x00, 
	0x00, 0x00, 0x00, 0x00, 0x00, 0x00, 0x00, 0x00, 
	0x00, 0x00, 0x00, 0x00, 0x00, 0x00, 0x00, 0x00, 
	0x00, 0x00, 0x00, 0x00, 0x00, 0x00, 0x00, 0x00, 
	0x00, 0x00, 0x00, 0x00, 0x00, 0x00, 0x00, 0x00, 
	0x00, 0x00, 0x00, 0x00, 0x00, 0x00, 0x00, 0x00, 
	0x00, 0x00, 0x00, 0x00, 0x00, 0x00, 0x00, 0x00, 
	0x00, 0x00, 0x00, 0x00, 0x00, 0x00, 0x00, 0x00, 
	0x00, 0x00, 0x00, 0x00, 0x00, 0x00, 0x00, 0x00, 
	0x00, 0x00, 0x00, 0x00, 0x00, 0x00, 0x00, 0x00, 
	0x00, 0x00, 0x00, 0x00, 0x00, 0x00, 0x00, 0x00, 
	0x00, 0x00, 0x00, 0x00, 0x00, 0x00, 0x00, 0x00, 
	0x00, 0x00, 0x00, 0x00, 0x00, 0x00, 0x00, 0x00, 
	0x00, 0x00, 0x00, 0x00, 0x00, 0x00, 0x00, 0x00, 
	0x00, 0x00, 0x00, 0x00, 0x00, 0x00, 0x00, 0x00, 
	0x00, 0x00, 0x00, 0x00, 0x00, 0x00, 0x00, 0x00, 
	0x00, 0x00, 0x00, 0x00, 0x00, 0x00, 0x00, 0x00, 
	0x00, 0x00, 0x00, 0x00, 0x00, 0x00, 0x00, 0x00, 
	0x00, 0x00, 0x00, 0x00, 0x00, 0x00, 0x00, 0x00, 
	0x00, 0x00, 0x00, 0x00, 0x00, 0x00, 0x00, 0x00, 
	0x00, 0x00, 0x00, 0x00, 0x00, 0x00, 0x00, 0x00, 
	0x00, 0x00, 0x00, 0x00, 0x00, 0x00, 0x00, 0x00, 
	0x00, 0x00, 0x00, 0x00, 0x00, 0x00, 0x00, 0x00, 
	0x00, 0x00, 0x00, 0x00, 0x00, 0x00, 0x00, 0x00, 
	0x00, 0x00, 0x00, 0x00, 0x00, 0x00, 0x00, 0x00, 
	0x00, 0x00, 0x00, 0x00, 0x00, 0x00, 0x00, 0x00, 
	0x00, 0x00, 0x00, 0x00, 0x00, 0x00, 0x00, 0x00, 
	0x00, 0x00, 0x00, 0x00, 0x00, 0x00, 0x00, 0x00, 
	0x00, 0x00, 0x00, 0x00, 0x00, 0x00, 0x00, 0x00, 
	0x00, 0x00, 0x00, 0x00, 0x00, 0x00, 0x00, 0x00, 
	0x00, 0x00, 0x00, 0x00, 0x00, 0x00, 0x00, 0x00, 
	0x00, 0x00, 0x00, 0x00, 0x00, 0x00, 0x00, 0x00, 
	0x00, 0x00, 0x00, 0x00, 0x00, 0x00, 0x00, 0x00, 
	0x00, 0x00, 0x00, 0x00, 0x00, 0x00, 0x00, 0x00, 
	0x00, 0x00, 0x00, 0x00, 0x00, 0x00, 0x00, 0x00, 
	0x00, 0x00, 0x00, 0x00, 0x00, 0x00, 0x00, 0x00, 
	0x00, 0x00, 0x00, 0x00, 0x00, 0x00, 0x00, 0x00, 
	0x00, 0x00, 0x00, 0x00, 0x00, 0x00, 0x00, 0x00, 
	0x00, 0x00, 0x00, 0x00, 0x00, 0x00, 0x00, 0x00, 
	0x00, 0x00, 0x00, 0x00, 0x00, 0x00, 0x00, 0x00, 
	0x01, 0x01, 0x00, 0x00, 0x00, 0x00, 0x00, 0x00, 
	0x00, 0x00, 0x00, 0x00, 0x00, 0x00, 0x00, 0x00, 
	0x00, 0x00, 0x00, 0x00, 0x00, 0x00, 0x00, 0x00, 
	0x00, 0x00, 0x00, 0x00, 0x00, 0x00, 0x00, 0x00, 
	0x00, 0x00, 0x00, 0x00, 0x01, 0x00, 0x00, 0x00, 
	0x00, 0x00, 0x01, 0x01, 0x00, 0x00, 0x00, 0x00, 
	0x00, 0x00, 0x00, 0x00, 0x00, 0x00, 0x00, 0x00, 
	0x00, 0x00, 0x00, 0x00, 0x00, 0x00, 0x00, 0x00, 
	0x00, 0x00, 0x00, 0x00, 0x00, 0x00, 0x00, 0x01, 
	0x00, 0x00, 0x00, 0x00, 0x00, 0x00, 0x00, 0x01, 
	0x00, 0x01, 0x00, 0x00, 0x00, 0x00, 0x00, 0x00, 
	0x00, 0x00, 0x00, 0x00, 0x00, 0x00, 0x00, 0x00, 
	0x01, 0x00, 0x00, 0x00, 0x00, 0x00, 0x00, 0x00, 
	0x00, 0x00, 0x01, 0x00, 0x00, 0x00, 0x00, 0x01, 
	0x00, 0x00, 0x00, 0x00, 0x00, 0x00, 0x00, 0x00, 
	0x00, 0x00, 0x00, 0x00, 0x00, 0x00, 0x00, 0x00, 
	0x00, 0x01, 0x01, 0x00, 0x01, 0x00, 0x00, 0x01, 
	0x01, 0x01, 0x01, 0x01, 0x01, 0x00, 0x01, 0x01, 
	0x01, 0x00, 0x00, 0x01, 0x00, 0x00, 0x00, 0x00, 
	0x00, 0x00, 0x00, 0x00, 0x00, 0x00, 0x00, 0x00, 
	0x01, 0x01, 0x01, 0x01, 0x00, 0x01, 0x01, 0x01, 
	0x01, 0x01, 0x01, 0x01, 0x01, 0x01, 0x00, 0x01, 
	0x01, 0x01, 0x01, 0x01, 0x00, 0x00, 0x00, 0x00, 
	0x00, 0x00, 0x00, 0x00, 0x00, 0x00, 0x00, 0x00, 
	0x01, 0x01, 0x01, 0x01, 0x01, 0x01, 0x01, 0x01, 
	0x01, 0x01, 0x01, 0x01, 0x01, 0x01, 0x02, 0x01, 
	0x01, 0x01, 0x01, 0x01, 0x01, 0x01, 0x00, 0x00, 
	0x00, 0x00, 0x00, 0x00, 0x00, 0x00, 0x00, 0x00, 
	0x01, 0x01, 0x01, 0x01, 0x01, 0x01, 0x01, 0x01, 
	0x01, 0x01, 0x01, 0x01, 0x01, 0x02, 0x02, 0x01, 
	0x02, 0x01, 0x01, 0x01, 0x00, 0x01, 0x00, 0x00, 
	0x00, 0x00, 0x00, 0x00, 0x00, 0x03, 0x00, 0x00, 
	0x01, 0x01, 0x01, 0x01, 0x01, 0x01, 0x01, 0x01, 
	0x01, 0x01, 0x01, 0x01, 0x01, 0x01, 0x02, 0x02, 
	0x01, 0x01, 0x01, 0x02, 0x02, 0x02, 0x00, 0x00, 
	0x00, 0x00, 0x03, 0x00, 0x00, 0x00, 0x00, 0x00, 
	0x01, 0x01, 0x01, 0x01, 0x01, 0x01, 0x01, 0x01, 
	0x01, 0x01, 0x01, 0x01, 0x01, 0x01, 0x01, 0x01, 
	0x04, 0x04, 0x02, 0x02, 0x02, 0x02, 0x00, 0x00, 
	0x00, 0x03, 0x03, 0x03, 0x00, 0x03, 0x00, 0x00, 
	0x01, 0x01, 0x01, 0x01, 0x01, 0x01, 0x01, 0x01, 
	0x01, 0x01, 0x01, 0x01, 0x01, 0x01, 0x01, 0x02, 
	0x02, 0x04, 0x04, 0x02, 0x02, 0x02, 0x02, 0x00, 
	0x00, 0x03, 0x03, 0x03, 0x03, 0x00, 0x00, 0x00, 
	0x01, 0x01, 0x01, 0x01, 0x01, 0x01, 0x01, 0x01, 
	0x01, 0x01, 0x01, 0x05, 0x01, 0x01, 0x01, 0x01, 
	0x01, 0x01, 0x02, 0x02, 0x02, 0x02, 0x03, 0x03, 
	0x03, 0x03, 0x03, 0x03, 0x00, 0x00, 0x00, 0x00, 
	0x01, 0x01, 0x02, 0x01, 0x01, 0x01, 0x01, 0x01, 
	0x05, 0x01, 0x01, 0x01, 0x01, 0x01, 0x01, 0x01, 
	0x01, 0x01, 0x02, 0x02, 0x02, 0x03, 0x02, 0x03, 
	0x03, 0x03, 0x03, 0x00, 0x00, 0x00, 0x00, 0x00, 
	0x01, 0x01, 0x02, 0x01, 0x01, 0x01, 0x01, 0x01, 
	0x05, 0x01, 0x01, 0x01, 0x01, 0x01, 0x01, 0x01, 
	0x05, 0x01, 0x05, 0x02, 0x02, 0x02, 0x02, 0x03, 
	0x03, 0x03, 0x03, 0x03, 0x03, 0x03, 0x00, 0x00, 
	0x01, 0x01, 0x01, 0x05, 0x05, 0x01, 0x01, 0x01, 
	0x05, 0x01, 0x01, 0x01, 0x01, 0x05, 0x05, 0x01, 
	0x05, 0x01, 0x01, 0x02, 0x02, 0x03, 0x03, 0x03, 
	0x03, 0x03, 0x03, 0x03, 0x03, 0x03, 0x03, 0x00, 
	0x01, 0x01, 0x01, 0x01, 0x01, 0x01, 0x05, 0x05, 
	0x05, 0x04, 0x05, 0x01, 0x01, 0x01, 0x05, 0x05, 
	0x05, 0x02, 0x01, 0x02, 0x02, 0x03, 0x03, 0x03, 
	0x03, 0x03, 0x03, 0x03, 0x03, 0x03, 0x03, 0x03, 
	0x01, 0x01, 0x01, 0x01, 0x01, 0x05, 0x05, 0x05, 
	0x05, 0x04, 0x05, 0x05, 0x05, 0x05, 0x05, 0x05, 
	0x05, 0x04, 0x02, 0x02, 0x02, 0x03, 0x03, 0x03, 
	0x03, 0x03, 0x03, 0x03, 0x03, 0x03, 0x03, 0x03, 
	0x01, 0x01, 0x01, 0x01, 0x02, 0x01, 0x05, 0x05, 
	0x05, 0x04, 0x05, 0x01, 0x01, 0x01, 0x05, 0x05, 
	0x04, 0x04, 0x02, 0x02, 0x02, 0x02, 0x03, 0x03, 
	0x03, 0x03, 0x03, 0x03, 0x03, 0x03, 0x03, 0x03, 
	0x01, 0x01, 0x01, 0x01, 0x01, 0x01, 0x01, 0x01, 
	0x05, 0x05, 0x05, 0x01, 0x01, 0x05, 0x05, 0x05, 
	0x04, 0x04, 0x04, 0x02, 0x02, 0x02, 0x02, 0x03, 
	0x03, 0x03, 0x03, 0x03, 0x03, 0x03, 0x03, 0x03, 
	0x01, 0x01, 0x01, 0x01, 0x01, 0x01, 0x01, 0x01, 
	0x05, 0x05, 0x05, 0x01, 0x01, 0x05, 0x04, 0x05, 
	0x04, 0x04, 0x04, 0x02, 0x02, 0x02, 0x02, 0x03, 
	0x03, 0x03, 0x03, 0x03, 0x06, 0x03, 0x03, 0x03, 
	0x01, 0x01, 0x01, 0x01, 0x05, 0x05, 0x01, 0x01, 
	0x05, 0x05, 0x05, 0x01, 0x01, 0x05, 0x04, 0x05, 
	0x04, 0x04, 0x04, 0x02, 0x02, 0x02, 0x02, 0x07, 
	0x03, 0x03, 0x03, 0x03, 0x06, 0x06, 0x06, 0x03, 
	0x01, 0x01, 0x01, 0x01, 0x05, 0x05, 0x05, 0x05, 
	0x05, 0x04, 0x04, 0x05, 0x05, 0x04, 0x04, 0x04, 
	0x04, 0x04, 0x02, 0x04, 0x02, 0x04, 0x02, 0x07, 
	0x06, 0x06, 0x06, 0x06, 0x06, 0x06, 0x03, 0x03, 
	0x01, 0x01, 0x01, 0x05, 0x05, 0x05, 0x05, 0x05, 
	0x04, 0x04, 0x04, 0x04, 0x04, 0x04, 0x04, 0x02, 
	0x02, 0x02, 0x02, 0x04, 0x02, 0x04, 0x07, 0x07, 
	0x06, 0x06, 0x06, 0x06, 0x06, 0x06, 0x06, 0x03, 
	0x05, 0x01, 0x01, 0x05, 0x05, 0x05, 0x04, 0x04, 
	0x04, 0x08, 0x04, 0x04, 0x04, 0x04, 0x04, 0x04, 
	0x02, 0x02, 0x04, 0x04, 0x04, 0x07, 0x07, 0x07, 
	0x07, 0x06, 0x06, 0x06, 0x06, 0x06, 0x06, 0x06, 
	0x05, 0x01, 0x01, 0x05, 0x05, 0x05, 0x04, 0x04, 
	0x04, 0x08, 0x08, 0x04, 0x04, 0x04, 0x04, 0x04, 
	0x02, 0x02, 0x04, 0x04, 0x09, 0x09, 0x07, 0x07, 
	0x07, 0x06, 0x06, 0x06, 0x06, 0x06, 0x06, 0x06, 
	0x05, 0x01, 0x01, 0x05, 0x05, 0x05, 0x04, 0x04, 
	0x08, 0x08, 0x08, 0x04, 0x04, 0x04, 0x04, 0x04, 
	0x07, 0x07, 0x09, 0x04, 0x09, 0x09, 0x09, 0x07, 
	0x07, 0x0a, 0x06, 0x06, 0x06, 0x06, 0x06, 0x06, 
	0x04, 0x04, 0x04, 0x04, 0x04, 0x04, 0x08, 0x08, 
	0x08, 0x08, 0x08, 0x08, 0x04, 0x04, 0x04, 0x04, 
	0x09, 0x09, 0x09, 0x09, 0x09, 0x09, 0x09, 0x09, 
	0x0b, 0x0a, 0x0c, 0x06, 0x06, 0x06, 0x06, 0x06, 
	0x04, 0x04, 0x04, 0x04, 0x04, 0x04, 0x08, 0x08, 
	0x08, 0x08, 0x08, 0x08, 0x04, 0x04, 0x04, 0x04, 
	0x09, 0x09, 0x09, 0x09, 0x09, 0x0b, 0x0b, 0x0b, 
	0x0b, 0x0d, 0x0c, 0x06, 0x0c, 0x06, 0x06, 0x06, 
	0x04, 0x04, 0x04, 0x04, 0x04, 0x04, 0x08, 0x08, 
	0x04, 0x04, 0x04, 0x08, 0x09, 0x04, 0x04, 0x04, 
	0x09, 0x09, 0x09, 0x09, 0x07, 0x0b, 0x0b, 0x0b, 
	0x0c, 0x0c, 0x0c, 0x0c, 0x0c, 0x0c, 0x0c, 0x0e, 
	0x04, 0x04, 0x04, 0x04, 0x04, 0x04, 0x04, 0x04, 
	0x08, 0x09, 0x0f, 0x09, 0x0f, 0x04, 0x09, 0x09, 
	0x09, 0x09, 0x09, 0x09, 0x0b, 0x0b, 0x0b, 0x0b, 
	0x0b, 0x0d, 0x0c, 0x0c, 0x0c, 0x0e, 0x0e, 0x10, 
	0x04, 0x04, 0x04, 0x04, 0x04, 0x04, 0x04, 0x08, 
	0x0f, 0x0f, 0x0f, 0x09, 0x09, 0x09, 0x09, 0x09, 
	0x09, 0x09, 0x09, 0x0b, 0x0b, 0x0b, 0x0b, 0x0b, 
	0x0b, 0x11, 0x0c, 0x12, 0x0c, 0x0c, 0x0c, 0x0c, 
	0x04, 0x04, 0x04, 0x04, 0x09, 0x09, 0x0f, 0x0f, 
	0x0f, 0x0f, 0x0f, 0x09, 0x09, 0x0f, 0x09, 0x09, 
	0x0b, 0x0b, 0x0b, 0x0b, 0x0b, 0x0b, 0x0b, 0x0b, 
	0x0b, 0x11, 0x12, 0x12, 0x0c, 0x12, 0x12, 0x0c, 
	0x04, 0x04, 0x04, 0x04, 0x0f, 0x0f, 0x0f, 0x0f, 
	0x0f, 0x0f, 0x0f, 0x0f, 0x09, 0x09, 0x09, 0x09, 
	0x09, 0x09, 0x0b, 0x0b, 0x0b, 0x0b, 0x0b, 0x0b, 
	0x11, 0x11, 0x12, 0x12, 0x12, 0x12, 0x12, 0x0c, 
	0x0f, 0x0f, 0x0f, 0x0f, 0x0f, 0x0f, 0x0f, 0x0f, 
	0x13, 0x13, 0x13, 0x0f, 0x0b, 0x0b, 0x0b, 0x0b, 
	0x0b, 0x0b, 0x0b, 0x14, 0x14, 0x14, 0x14, 0x14, 
	0x11, 0x11, 0x11, 0x11, 0x12, 0x12, 0x12, 0x12, 
	0x0f, 0x0f, 0x0f, 0x0f, 0x0f, 0x0f, 0x0f, 0x0f, 
	0x0f, 0x15, 0x15, 0x15, 0x0b, 0x0b, 0x0b, 0x0b, 
	0x0b, 0x0b, 0x14, 0x14, 0x14, 0x14, 0x14, 0x14, 
	0x11, 0x11, 0x16, 0x16, 0x17, 0x17, 0x17, 0x12, 
	0x0f, 0x18, 0x18, 0x18, 0x18, 0x18, 0x18, 0x18, 
	0x18, 0x15, 0x15, 0x15, 0x15, 0x0b, 0x14, 0x14, 
	0x14, 0x14, 0x14, 0x14, 0x19, 0x19, 0x19, 0x16, 
	0x16, 0x16, 0x16, 0x16, 0x16, 0x1a, 0x16, 0x11, 
	0x15, 0x18, 0x18, 0x18, 0x18, 0x18, 0x18, 0x18, 
	0x18, 0x18, 0x1b, 0x1c, 0x1c, 0x1c, 0x1c, 0x1c, 
	0x19, 0x19, 0x1d, 0x1d, 0x1d, 0x1e, 0x1e, 0x1a, 
	0x1a, 0x1a, 0x1f, 0x1a, 0x1a, 0x1a, 0x1a, 0x16, 
	0x15, 0x1b, 0x1b, 0x1b, 0x1b, 0x1b, 0x1b, 0x1b, 
	0x1b, 0x1b, 0x1b, 0x1d, 0x1d, 0x1d, 0x20, 0x1d, 
	0x1d, 0x1e, 0x21, 0x1f, 0x1f, 0x1e, 0x1f, 0x1f, 
	0x22, 0x22, 0x22, 0x22, 0x1f, 0x22, 0x23, 0x1a, 
	0x1b, 0x1b, 0x1b, 0x1b, 0x1b, 0x1b, 0x20, 0x20, 
	0x20, 0x20, 0x20, 0x1d, 0x1d, 0x21, 0x24, 0x21, 
	0x24, 0x1f, 0x25, 0x25, 0x25, 0x25, 0x26, 0x26, 
	0x26, 0x26, 0x22, 0x22, 0x22, 0x22, 0x23, 0x1a, 
	0x1b, 0x20, 0x20, 0x27, 0x27, 0x27, 0x27, 0x27, 
	0x27, 0x27, 0x28, 0x21, 0x21, 0x24, 0x24, 0x29, 
	0x29, 0x26, 0x26, 0x26, 0x26, 0x2a, 0x26, 0x26, 
	0x2b, 0x2b, 0x2b, 0x2b, 0x2c, 0x26, 0x22, 0x1f, 
	0x28, 0x27, 0x27, 0x2d, 0x27, 0x27, 0x27, 0x28, 
	0x28, 0x24, 0x24, 0x2d, 0x2e, 0x2f, 0x2f, 0x30, 
	0x30, 0x30, 0x30, 0x30, 0x30, 0x31, 0x31, 0x32, 
	0x33, 0x33, 0x34, 0x34, 0x35, 0x2c, 0x22, 0x22, 
	0x28, 0x27, 0x27, 0x2d, 0x2d, 0x2d, 0x2d, 0x24, 
	0x24, 0x29, 0x29, 0x29, 0x2f, 0x30, 0x30, 0x30, 
	0x36, 0x36, 0x37, 0x36, 0x36, 0x37, 0x37, 0x38, 
	0x38, 0x38, 0x38, 0x38, 0x33, 0x33, 0x2b, 0x26, 
	0x28, 0x24, 0x24, 0x24, 0x39, 0x39, 0x3a, 0x2f, 
	0x29, 0x29, 0x29, 0x3b, 0x30, 0x30, 0x36, 0x36, 
	0x3c, 0x3c, 0x3d, 0x3d, 0x3d, 0x3d, 0x3d, 0x3d, 
	0x3c, 0x3c, 0x3c, 0x3c, 0x3c, 0x33, 0x33, 0x2b, 
	0x28, 0x24, 0x24, 0x2e, 0x24, 0x24, 0x2f, 0x2f, 
	0x2f, 0x3e, 0x3e, 0x31, 0x31, 0x37, 0x3f, 0x3d, 
	0x3d, 0x3d, 0x40, 0x40, 0x40, 0x40, 0x40, 0x40, 
	0x40, 0x40, 0x40, 0x40, 0x41, 0x3c, 0x3c, 0x36, 
	0x24, 0x24, 0x24, 0x2e, 0x29, 0x29, 0x2f, 0x2f, 
	0x3e, 0x37, 0x37, 0x37, 0x37, 0x37, 0x3f, 0x3d, 
	0x40, 0x40, 0x42, 0x43, 0x43, 0x43, 0x43, 0x44, 
	0x44, 0x44, 0x44, 0x44, 0x43, 0x43, 0x41, 0x3c, 
	0x24, 0x2e, 0x2e, 0x2e, 0x2f, 0x2f, 0x45, 0x3e, 
	0x45, 0x37, 0x37, 0x46, 0x37, 0x3f, 0x3f, 0x40, 
	0x40, 0x40, 0x43, 0x43, 0x43, 0x44, 0x44, 0x47, 
	0x47, 0x47, 0x47, 0x47, 0x48, 0x49, 0x43, 0x40, 
	0x29, 0x29, 0x29, 0x2f, 0x2f, 0x2f, 0x30, 0x31, 
	0x37, 0x46, 0x46, 0x46, 0x3f, 0x4a, 0x4b, 0x42, 
	0x42, 0x43, 0x43, 0x4c, 0x4c, 0x47, 0x47, 0x47, 
	0x47, 0x47, 0x47, 0x47, 0x47, 0x47, 0x47, 0x4d, 
	0x2f, 0x2f, 0x2f, 0x3e, 0x3e, 0x31, 0x37, 0x46, 
	0x4a, 0x4a, 0x4a, 0x4a, 0x4a, 0x42, 0x42, 0x42, 
	0x4d, 0x4d, 0x4d, 0x44, 0x44, 0x47, 0x47, 0x47, 
	0x47, 0x47, 0x47, 0x47, 0x47, 0x47, 0x47, 0x4e, 
	0x2f, 0x3e, 0x3e, 0x3e, 0x3e, 0x37, 0x46, 0x4a, 
	0x4a, 0x4a, 0x4a, 0x4a, 0x42, 0x42, 0x4d, 0x4d, 
	0x4e, 0x4d, 0x4c, 0x47, 0x47, 0x4c, 0x4c, 0x47, 
	0x47, 0x47, 0x47, 0x47, 0x47, 0x47, 0x47, 0x4f, 
	0x45, 0x50, 0x50, 0x37, 0x37, 0x37, 0x46, 0x4a, 
	0x4a, 0x4b, 0x51, 0x42, 0x42, 0x4d, 0x4e, 0x4e, 
	0x4e, 0x4d, 0x4d, 0x4c, 0x4c, 0x4c, 0x4c, 0x47, 
	0x47, 0x47, 0x47, 0x47, 0x47, 0x52, 0x52, 0x53, 
	0x37, 0x3f, 0x3f, 0x4a, 0x46, 0x46, 0x46, 0x46, 
	0x46, 0x4a, 0x51, 0x4e, 0x4e, 0x4e, 0x4e, 0x4e, 
	0x4e, 0x4d, 0x4d, 0x4d, 0x4d, 0x4d, 0x4d, 0x4c, 
	0x47, 0x47, 0x47, 0x47, 0x52, 0x4f, 0x54, 0x55, 
	0x4a, 0x4a, 0x4a, 0x4a, 0x56, 0x56, 0x46, 0x46, 
	0x46, 0x4a, 0x42, 0x4e, 0x4e, 0x57, 0x4e, 0x4e, 
	0x4d, 0x4d, 0x4e, 0x4e, 0x4e, 0x4d, 0x4d, 0x4c, 
	0x57, 0x57, 0x4c, 0x52, 0x4f, 0x4f, 0x54, 0x58, 
	0x4a, 0x4a, 0x4a, 0x56, 0x59, 0x59, 0x56, 0x56, 
	0x56, 0x56, 0x51, 0x4e, 0x4e, 0x5a, 0x51, 0x4e, 
	0x4d, 0x4d, 0x4d, 0x4e, 0x4e, 0x4d, 0x4d, 0x57, 
	0x52, 0x52, 0x52, 0x4f, 0x4f, 0x54, 0x54, 0x55, 
	0x59, 0x4a, 0x4a, 0x56, 0x59, 0x59, 0x59, 0x59, 
	0x59, 0x51, 0x5b, 0x51, 0x51, 0x59, 0x5c, 0x4d, 
	0x4d, 0x4d, 0x4d, 0x4e, 0x4e, 0x52, 0x52, 0x52, 
	0x52, 0x52, 0x54, 0x54, 0x5d, 0x5e, 0x54, 0x54, 
	
};

Gfx maple_treewway_dl_Skybox4_ci8_pal_rgba16_aligner[] = {gsSPEndDisplayList()};
u8 maple_treewway_dl_Skybox4_ci8_pal_rgba16[] = {
	0x94, 0x7f, 0x94, 0x3f, 0x9c, 0x3f, 0x9c, 0x7f, 
	0x9c, 0x3d, 0x94, 0x3d, 0xa4, 0x7f, 0xa4, 0x3f, 
	0x9b, 0xfd, 0xa4, 0x3d, 0xac, 0x3f, 0xac, 0x3d, 
	0xac, 0x7f, 0xac, 0x7d, 0xac, 0xbf, 0xa3, 0xfd, 
	0xa4, 0xbf, 0xb4, 0x7d, 0xb4, 0x7f, 0xa3, 0xfb, 
	0xb4, 0x3d, 0xab, 0xfd, 0xbc, 0x7d, 0xbc, 0x7f, 
	0xab, 0xfb, 0xbc, 0x3d, 0xc4, 0x7d, 0xb3, 0xfb, 
	0xb4, 0x3b, 0xbc, 0x3b, 0xbc, 0x7b, 0xc4, 0x7b, 
	0xbb, 0xfb, 0xc4, 0x3b, 0xcc, 0x7b, 0xcc, 0x7d, 
	0xc4, 0x39, 0xc4, 0x79, 0xcc, 0x79, 0xbb, 0xf9, 
	0xbc, 0x39, 0xcc, 0x39, 0xcc, 0x77, 0xd4, 0x79, 
	0xd4, 0x7b, 0xc3, 0xf9, 0xc4, 0x37, 0xcc, 0x37, 
	0xd4, 0x77, 0xd4, 0x75, 0xdc, 0x79, 0xdc, 0xb9, 
	0xd4, 0xb9, 0xd4, 0xbb, 0xdc, 0x77, 0xdc, 0x75, 
	0xdc, 0xb7, 0xcb, 0xf9, 0xc3, 0xf7, 0xd4, 0x39, 
	0xe4, 0xb7, 0xe4, 0xb5, 0xd4, 0x37, 0xe4, 0x75, 
	0xec, 0xb5, 0xec, 0xb7, 0xec, 0xb3, 0xf4, 0xb5, 
	0xf4, 0xf3, 0xd4, 0x35, 0xdc, 0x73, 0xfc, 0xf3, 
	0xfc, 0xf5, 0xfc, 0xb5, 0xe4, 0x73, 0xe4, 0xb3, 
	0xfc, 0xb3, 0xf4, 0xb3, 0xf4, 0xb1, 0xfc, 0xef, 
	0xdc, 0x35, 0xec, 0xb1, 0xfc, 0xf1, 0xfc, 0xaf, 
	0xfc, 0xed, 0xfc, 0xad, 0xe4, 0x71, 0xfc, 0xb1, 
	0xf4, 0xad, 0xec, 0x71, 0xf4, 0x71, 0xec, 0xaf, 
	0xec, 0x73, 0xfd, 0x2f, 0xfd, 0x2d, 
};

Gfx maple_treewway_dl_Skybox2_ci8_aligner[] = {gsSPEndDisplayList()};
u8 maple_treewway_dl_Skybox2_ci8[] = {
	0x00, 0x00, 0x00, 0x00, 0x00, 0x00, 0x00, 0x00, 
	0x00, 0x00, 0x00, 0x00, 0x00, 0x00, 0x00, 0x00, 
	0x00, 0x00, 0x00, 0x00, 0x00, 0x00, 0x00, 0x00, 
	0x00, 0x00, 0x00, 0x00, 0x00, 0x00, 0x00, 0x00, 
	0x00, 0x00, 0x00, 0x00, 0x00, 0x00, 0x00, 0x00, 
	0x00, 0x00, 0x00, 0x00, 0x00, 0x00, 0x00, 0x00, 
	0x00, 0x00, 0x00, 0x00, 0x00, 0x00, 0x00, 0x00, 
	0x00, 0x00, 0x00, 0x00, 0x00, 0x00, 0x00, 0x00, 
	0x00, 0x00, 0x00, 0x00, 0x00, 0x00, 0x00, 0x00, 
	0x00, 0x00, 0x00, 0x00, 0x00, 0x00, 0x00, 0x00, 
	0x00, 0x00, 0x00, 0x00, 0x00, 0x00, 0x00, 0x00, 
	0x00, 0x00, 0x00, 0x00, 0x00, 0x00, 0x00, 0x00, 
	0x00, 0x00, 0x00, 0x00, 0x00, 0x00, 0x00, 0x00, 
	0x00, 0x00, 0x00, 0x00, 0x00, 0x00, 0x00, 0x00, 
	0x00, 0x00, 0x00, 0x00, 0x00, 0x00, 0x00, 0x00, 
	0x00, 0x00, 0x00, 0x00, 0x00, 0x00, 0x00, 0x00, 
	0x00, 0x00, 0x00, 0x00, 0x00, 0x00, 0x00, 0x00, 
	0x00, 0x00, 0x00, 0x00, 0x00, 0x00, 0x00, 0x00, 
	0x00, 0x00, 0x00, 0x00, 0x00, 0x00, 0x00, 0x00, 
	0x00, 0x00, 0x00, 0x00, 0x00, 0x00, 0x00, 0x00, 
	0x00, 0x00, 0x00, 0x00, 0x00, 0x00, 0x00, 0x00, 
	0x00, 0x00, 0x00, 0x00, 0x00, 0x00, 0x00, 0x00, 
	0x00, 0x00, 0x00, 0x00, 0x00, 0x00, 0x00, 0x00, 
	0x00, 0x00, 0x00, 0x00, 0x00, 0x00, 0x00, 0x00, 
	0x00, 0x00, 0x00, 0x00, 0x00, 0x00, 0x00, 0x00, 
	0x00, 0x00, 0x00, 0x00, 0x00, 0x00, 0x00, 0x00, 
	0x00, 0x00, 0x00, 0x00, 0x00, 0x00, 0x00, 0x00, 
	0x00, 0x00, 0x00, 0x00, 0x00, 0x00, 0x00, 0x00, 
	0x00, 0x00, 0x00, 0x00, 0x01, 0x00, 0x00, 0x00, 
	0x00, 0x00, 0x00, 0x00, 0x00, 0x00, 0x00, 0x00, 
	0x00, 0x00, 0x00, 0x00, 0x00, 0x00, 0x00, 0x00, 
	0x00, 0x00, 0x00, 0x00, 0x00, 0x00, 0x00, 0x00, 
	0x00, 0x00, 0x00, 0x00, 0x00, 0x00, 0x01, 0x00, 
	0x01, 0x01, 0x00, 0x00, 0x00, 0x01, 0x00, 0x00, 
	0x00, 0x00, 0x00, 0x00, 0x00, 0x00, 0x00, 0x00, 
	0x00, 0x00, 0x00, 0x00, 0x00, 0x00, 0x00, 0x00, 
	0x00, 0x00, 0x00, 0x00, 0x01, 0x00, 0x00, 0x00, 
	0x00, 0x00, 0x00, 0x00, 0x00, 0x00, 0x00, 0x00, 
	0x00, 0x00, 0x00, 0x00, 0x00, 0x00, 0x00, 0x00, 
	0x00, 0x00, 0x00, 0x00, 0x00, 0x00, 0x00, 0x00, 
	0x00, 0x00, 0x00, 0x01, 0x00, 0x00, 0x00, 0x00, 
	0x00, 0x00, 0x00, 0x00, 0x01, 0x01, 0x00, 0x00, 
	0x00, 0x00, 0x00, 0x00, 0x00, 0x00, 0x00, 0x00, 
	0x00, 0x00, 0x00, 0x00, 0x00, 0x00, 0x00, 0x00, 
	0x01, 0x01, 0x01, 0x00, 0x00, 0x00, 0x00, 0x00, 
	0x00, 0x00, 0x00, 0x00, 0x00, 0x00, 0x00, 0x00, 
	0x00, 0x00, 0x00, 0x00, 0x00, 0x00, 0x00, 0x00, 
	0x00, 0x00, 0x00, 0x00, 0x00, 0x00, 0x00, 0x00, 
	0x01, 0x01, 0x01, 0x01, 0x01, 0x00, 0x00, 0x00, 
	0x00, 0x00, 0x00, 0x00, 0x00, 0x00, 0x00, 0x00, 
	0x00, 0x00, 0x00, 0x00, 0x00, 0x00, 0x00, 0x00, 
	0x00, 0x00, 0x00, 0x00, 0x00, 0x00, 0x00, 0x00, 
	0x01, 0x01, 0x01, 0x01, 0x01, 0x00, 0x01, 0x00, 
	0x00, 0x00, 0x00, 0x00, 0x00, 0x00, 0x01, 0x00, 
	0x00, 0x00, 0x00, 0x00, 0x00, 0x00, 0x00, 0x00, 
	0x00, 0x00, 0x00, 0x00, 0x00, 0x00, 0x00, 0x00, 
	0x01, 0x01, 0x01, 0x01, 0x01, 0x01, 0x01, 0x00, 
	0x00, 0x01, 0x00, 0x01, 0x00, 0x00, 0x01, 0x00, 
	0x00, 0x00, 0x00, 0x00, 0x00, 0x00, 0x00, 0x00, 
	0x00, 0x00, 0x00, 0x00, 0x00, 0x00, 0x00, 0x00, 
	0x02, 0x01, 0x01, 0x01, 0x01, 0x00, 0x01, 0x00, 
	0x01, 0x00, 0x00, 0x00, 0x00, 0x00, 0x01, 0x00, 
	0x00, 0x00, 0x00, 0x00, 0x00, 0x00, 0x00, 0x00, 
	0x00, 0x00, 0x00, 0x00, 0x00, 0x00, 0x00, 0x00, 
	0x01, 0x02, 0x01, 0x01, 0x01, 0x01, 0x01, 0x01, 
	0x01, 0x01, 0x01, 0x01, 0x00, 0x01, 0x01, 0x00, 
	0x00, 0x00, 0x00, 0x00, 0x00, 0x00, 0x00, 0x00, 
	0x00, 0x00, 0x00, 0x00, 0x00, 0x00, 0x00, 0x00, 
	0x02, 0x02, 0x02, 0x01, 0x01, 0x01, 0x01, 0x01, 
	0x01, 0x01, 0x01, 0x01, 0x01, 0x01, 0x01, 0x01, 
	0x00, 0x00, 0x00, 0x00, 0x00, 0x00, 0x00, 0x00, 
	0x00, 0x00, 0x00, 0x00, 0x00, 0x00, 0x00, 0x00, 
	0x01, 0x02, 0x02, 0x01, 0x01, 0x01, 0x01, 0x01, 
	0x01, 0x01, 0x01, 0x01, 0x01, 0x00, 0x01, 0x01, 
	0x01, 0x00, 0x00, 0x00, 0x00, 0x00, 0x00, 0x00, 
	0x00, 0x00, 0x00, 0x00, 0x00, 0x00, 0x00, 0x00, 
	0x02, 0x02, 0x02, 0x01, 0x01, 0x01, 0x01, 0x01, 
	0x01, 0x01, 0x01, 0x01, 0x01, 0x00, 0x01, 0x01, 
	0x01, 0x00, 0x00, 0x00, 0x00, 0x00, 0x00, 0x00, 
	0x00, 0x00, 0x00, 0x00, 0x00, 0x00, 0x00, 0x00, 
	0x02, 0x01, 0x01, 0x01, 0x01, 0x01, 0x01, 0x01, 
	0x01, 0x01, 0x01, 0x01, 0x00, 0x01, 0x01, 0x01, 
	0x01, 0x00, 0x00, 0x00, 0x00, 0x00, 0x00, 0x00, 
	0x00, 0x00, 0x00, 0x00, 0x00, 0x00, 0x00, 0x00, 
	0x02, 0x01, 0x01, 0x01, 0x01, 0x01, 0x01, 0x01, 
	0x01, 0x01, 0x01, 0x01, 0x01, 0x01, 0x01, 0x01, 
	0x01, 0x01, 0x00, 0x00, 0x00, 0x00, 0x00, 0x00, 
	0x00, 0x00, 0x00, 0x00, 0x00, 0x00, 0x00, 0x00, 
	0x02, 0x02, 0x02, 0x02, 0x01, 0x01, 0x02, 0x01, 
	0x01, 0x01, 0x01, 0x01, 0x01, 0x01, 0x01, 0x01, 
	0x00, 0x00, 0x00, 0x00, 0x00, 0x00, 0x00, 0x00, 
	0x00, 0x00, 0x03, 0x00, 0x00, 0x00, 0x00, 0x00, 
	0x02, 0x02, 0x02, 0x01, 0x01, 0x01, 0x01, 0x01, 
	0x01, 0x01, 0x01, 0x01, 0x01, 0x01, 0x01, 0x01, 
	0x00, 0x00, 0x00, 0x00, 0x00, 0x00, 0x00, 0x00, 
	0x03, 0x00, 0x00, 0x00, 0x00, 0x00, 0x00, 0x00, 
	0x01, 0x01, 0x01, 0x01, 0x01, 0x01, 0x01, 0x01, 
	0x01, 0x01, 0x01, 0x01, 0x01, 0x01, 0x01, 0x01, 
	0x00, 0x00, 0x00, 0x00, 0x00, 0x00, 0x00, 0x03, 
	0x03, 0x03, 0x00, 0x00, 0x00, 0x00, 0x00, 0x00, 
	0x04, 0x01, 0x01, 0x01, 0x01, 0x01, 0x01, 0x01, 
	0x01, 0x01, 0x01, 0x01, 0x01, 0x01, 0x01, 0x01, 
	0x00, 0x00, 0x00, 0x00, 0x00, 0x00, 0x00, 0x03, 
	0x03, 0x03, 0x00, 0x00, 0x00, 0x05, 0x05, 0x06, 
	0x01, 0x01, 0x01, 0x01, 0x01, 0x01, 0x01, 0x01, 
	0x01, 0x01, 0x01, 0x01, 0x01, 0x01, 0x01, 0x01, 
	0x00, 0x00, 0x00, 0x00, 0x00, 0x00, 0x03, 0x03, 
	0x03, 0x03, 0x00, 0x00, 0x00, 0x05, 0x06, 0x06, 
	0x01, 0x01, 0x01, 0x01, 0x01, 0x01, 0x01, 0x01, 
	0x01, 0x01, 0x01, 0x01, 0x01, 0x01, 0x01, 0x01, 
	0x01, 0x00, 0x00, 0x00, 0x03, 0x03, 0x03, 0x03, 
	0x03, 0x03, 0x03, 0x03, 0x03, 0x06, 0x06, 0x06, 
	0x01, 0x01, 0x01, 0x01, 0x01, 0x01, 0x01, 0x01, 
	0x01, 0x01, 0x01, 0x01, 0x01, 0x01, 0x00, 0x01, 
	0x01, 0x00, 0x00, 0x00, 0x03, 0x03, 0x03, 0x03, 
	0x03, 0x03, 0x03, 0x03, 0x06, 0x06, 0x06, 0x06, 
	0x07, 0x01, 0x01, 0x01, 0x01, 0x01, 0x01, 0x01, 
	0x01, 0x01, 0x01, 0x01, 0x01, 0x01, 0x00, 0x08, 
	0x01, 0x03, 0x03, 0x03, 0x03, 0x03, 0x03, 0x09, 
	0x09, 0x09, 0x03, 0x03, 0x06, 0x06, 0x06, 0x06, 
	0x01, 0x01, 0x01, 0x01, 0x01, 0x01, 0x01, 0x01, 
	0x01, 0x01, 0x01, 0x01, 0x01, 0x01, 0x03, 0x08, 
	0x08, 0x03, 0x03, 0x03, 0x03, 0x03, 0x09, 0x09, 
	0x09, 0x09, 0x09, 0x09, 0x0a, 0x0a, 0x0a, 0x0a, 
	0x07, 0x01, 0x01, 0x01, 0x01, 0x01, 0x01, 0x01, 
	0x01, 0x01, 0x01, 0x01, 0x01, 0x08, 0x08, 0x08, 
	0x08, 0x08, 0x03, 0x03, 0x03, 0x09, 0x09, 0x09, 
	0x09, 0x09, 0x09, 0x09, 0x0a, 0x0a, 0x0a, 0x0a, 
	0x07, 0x01, 0x01, 0x01, 0x01, 0x01, 0x01, 0x01, 
	0x01, 0x01, 0x01, 0x01, 0x01, 0x08, 0x08, 0x03, 
	0x03, 0x08, 0x08, 0x03, 0x03, 0x09, 0x09, 0x09, 
	0x0b, 0x09, 0x09, 0x09, 0x0a, 0x0a, 0x0a, 0x0a, 
	0x0c, 0x07, 0x01, 0x01, 0x01, 0x01, 0x01, 0x01, 
	0x01, 0x01, 0x01, 0x01, 0x00, 0x08, 0x08, 0x08, 
	0x08, 0x08, 0x03, 0x03, 0x03, 0x09, 0x09, 0x0b, 
	0x0b, 0x0b, 0x09, 0x0a, 0x0a, 0x0a, 0x0a, 0x0a, 
	0x0c, 0x07, 0x01, 0x01, 0x01, 0x01, 0x01, 0x01, 
	0x01, 0x01, 0x01, 0x01, 0x00, 0x08, 0x08, 0x08, 
	0x08, 0x08, 0x03, 0x03, 0x03, 0x09, 0x09, 0x0b, 
	0x0b, 0x0b, 0x0b, 0x0a, 0x0a, 0x0a, 0x0d, 0x0d, 
	0x0c, 0x07, 0x01, 0x01, 0x01, 0x01, 0x01, 0x01, 
	0x01, 0x01, 0x01, 0x01, 0x00, 0x08, 0x08, 0x08, 
	0x08, 0x03, 0x09, 0x09, 0x09, 0x09, 0x09, 0x0b, 
	0x0b, 0x0b, 0x0d, 0x0d, 0x0d, 0x0d, 0x0d, 0x0d, 
	0x0c, 0x04, 0x04, 0x04, 0x01, 0x01, 0x01, 0x01, 
	0x01, 0x01, 0x08, 0x08, 0x08, 0x08, 0x08, 0x03, 
	0x03, 0x03, 0x09, 0x09, 0x09, 0x09, 0x09, 0x0b, 
	0x0b, 0x0d, 0x0d, 0x0d, 0x0d, 0x0d, 0x0d, 0x0d, 
	0x0c, 0x0c, 0x0c, 0x04, 0x01, 0x01, 0x01, 0x01, 
	0x01, 0x01, 0x08, 0x08, 0x08, 0x08, 0x08, 0x03, 
	0x03, 0x03, 0x09, 0x09, 0x09, 0x09, 0x09, 0x0b, 
	0x0b, 0x0b, 0x0b, 0x0d, 0x0d, 0x0d, 0x0d, 0x0e, 
	0x0c, 0x0c, 0x0c, 0x04, 0x01, 0x01, 0x01, 0x01, 
	0x01, 0x01, 0x08, 0x08, 0x08, 0x00, 0x00, 0x03, 
	0x03, 0x03, 0x09, 0x09, 0x09, 0x09, 0x09, 0x09, 
	0x0b, 0x0b, 0x0b, 0x0e, 0x0d, 0x0d, 0x0e, 0x0e, 
	0x0c, 0x0c, 0x04, 0x01, 0x01, 0x01, 0x01, 0x01, 
	0x01, 0x01, 0x08, 0x08, 0x08, 0x03, 0x03, 0x03, 
	0x03, 0x03, 0x03, 0x09, 0x03, 0x09, 0x09, 0x0b, 
	0x0f, 0x0b, 0x0b, 0x0b, 0x0e, 0x0e, 0x0e, 0x0e, 
	0x0c, 0x0c, 0x0c, 0x01, 0x01, 0x01, 0x01, 0x01, 
	0x01, 0x01, 0x01, 0x01, 0x08, 0x03, 0x03, 0x03, 
	0x03, 0x03, 0x08, 0x03, 0x09, 0x09, 0x09, 0x0b, 
	0x0f, 0x0f, 0x0f, 0x0f, 0x0e, 0x0e, 0x0e, 0x0e, 
	0x0c, 0x0c, 0x0c, 0x01, 0x01, 0x01, 0x01, 0x01, 
	0x01, 0x01, 0x01, 0x01, 0x08, 0x03, 0x03, 0x03, 
	0x03, 0x03, 0x03, 0x03, 0x09, 0x09, 0x0b, 0x0b, 
	0x0f, 0x0f, 0x0f, 0x0f, 0x0e, 0x0e, 0x0e, 0x0e, 
	0x10, 0x10, 0x0c, 0x0c, 0x01, 0x01, 0x01, 0x01, 
	0x01, 0x00, 0x03, 0x03, 0x03, 0x03, 0x03, 0x03, 
	0x03, 0x03, 0x09, 0x09, 0x09, 0x09, 0x0b, 0x0b, 
	0x0f, 0x0f, 0x0f, 0x0f, 0x0f, 0x0f, 0x0e, 0x0e, 
	0x11, 0x10, 0x10, 0x10, 0x0c, 0x0c, 0x01, 0x01, 
	0x01, 0x08, 0x08, 0x08, 0x08, 0x03, 0x03, 0x03, 
	0x03, 0x03, 0x09, 0x09, 0x09, 0x09, 0x0b, 0x0b, 
	0x0e, 0x0e, 0x0d, 0x0e, 0x0e, 0x0e, 0x0e, 0x0e, 
	0x11, 0x11, 0x10, 0x10, 0x10, 0x0c, 0x04, 0x12, 
	0x08, 0x08, 0x03, 0x03, 0x03, 0x03, 0x03, 0x03, 
	0x03, 0x09, 0x09, 0x09, 0x09, 0x0b, 0x0b, 0x0b, 
	0x0d, 0x0e, 0x0d, 0x0e, 0x0e, 0x0e, 0x0e, 0x0e, 
	0x11, 0x11, 0x11, 0x10, 0x0c, 0x0c, 0x04, 0x04, 
	0x08, 0x08, 0x08, 0x08, 0x03, 0x03, 0x03, 0x03, 
	0x03, 0x09, 0x09, 0x09, 0x09, 0x09, 0x0b, 0x0d, 
	0x0d, 0x0d, 0x0d, 0x0d, 0x0e, 0x0e, 0x0e, 0x0e, 
	0x11, 0x11, 0x11, 0x10, 0x0c, 0x0c, 0x04, 0x04, 
	0x04, 0x08, 0x08, 0x08, 0x08, 0x08, 0x08, 0x13, 
	0x09, 0x0b, 0x0b, 0x0b, 0x0b, 0x0b, 0x0b, 0x0d, 
	0x0d, 0x0d, 0x0d, 0x0e, 0x0e, 0x0e, 0x0e, 0x0e, 
	0x14, 0x10, 0x10, 0x10, 0x10, 0x0c, 0x0c, 0x04, 
	0x04, 0x08, 0x08, 0x08, 0x08, 0x13, 0x13, 0x15, 
	0x15, 0x16, 0x0b, 0x0f, 0x0f, 0x0f, 0x0b, 0x0d, 
	0x0d, 0x0d, 0x0e, 0x0e, 0x17, 0x17, 0x17, 0x0e, 
	0x18, 0x10, 0x10, 0x10, 0x10, 0x0c, 0x0c, 0x04, 
	0x0c, 0x12, 0x12, 0x08, 0x08, 0x13, 0x13, 0x15, 
	0x19, 0x16, 0x0f, 0x0f, 0x0f, 0x0f, 0x0b, 0x0d, 
	0x0e, 0x0e, 0x0e, 0x0e, 0x17, 0x17, 0x17, 0x17, 
	0x10, 0x10, 0x10, 0x1a, 0x1a, 0x0c, 0x0c, 0x0c, 
	0x0c, 0x04, 0x12, 0x08, 0x13, 0x13, 0x13, 0x19, 
	0x19, 0x16, 0x0f, 0x0f, 0x0f, 0x0f, 0x0f, 0x0e, 
	0x0e, 0x0e, 0x17, 0x17, 0x1b, 0x1b, 0x17, 0x17, 
	0x10, 0x1a, 0x1a, 0x1a, 0x1a, 0x1a, 0x10, 0x10, 
	0x10, 0x1c, 0x1c, 0x08, 0x12, 0x15, 0x16, 0x1d, 
	0x1e, 0x0f, 0x0b, 0x0b, 0x0f, 0x0f, 0x0f, 0x0e, 
	0x0e, 0x17, 0x17, 0x17, 0x17, 0x17, 0x1f, 0x1f, 
	0x18, 0x18, 0x18, 0x1a, 0x1a, 0x1a, 0x10, 0x10, 
	0x10, 0x1c, 0x1c, 0x12, 0x12, 0x15, 0x16, 0x1d, 
	0x20, 0x20, 0x1d, 0x0b, 0x0f, 0x0f, 0x0e, 0x0e, 
	0x17, 0x17, 0x17, 0x17, 0x17, 0x17, 0x1b, 0x1b, 
	0x14, 0x14, 0x14, 0x1a, 0x1a, 0x10, 0x10, 0x10, 
	0x10, 0x1c, 0x1c, 0x08, 0x12, 0x12, 0x15, 0x1d, 
	0x1e, 0x0f, 0x0f, 0x0f, 0x0f, 0x0f, 0x0e, 0x17, 
	0x17, 0x17, 0x17, 0x1b, 0x1b, 0x1b, 0x1b, 0x1b, 
	0x21, 0x14, 0x14, 0x18, 0x18, 0x18, 0x18, 0x10, 
	0x1a, 0x1a, 0x12, 0x12, 0x15, 0x15, 0x15, 0x1d, 
	0x1e, 0x20, 0x0f, 0x0f, 0x20, 0x0f, 0x22, 0x17, 
	0x17, 0x1b, 0x1b, 0x23, 0x23, 0x23, 0x23, 0x1b, 
	0x14, 0x14, 0x14, 0x18, 0x18, 0x18, 0x18, 0x10, 
	0x1a, 0x1a, 0x12, 0x12, 0x15, 0x15, 0x15, 0x19, 
	0x19, 0x20, 0x20, 0x20, 0x20, 0x22, 0x22, 0x17, 
	0x1b, 0x1b, 0x24, 0x24, 0x24, 0x24, 0x23, 0x1b, 
	0x18, 0x14, 0x14, 0x18, 0x18, 0x1a, 0x18, 0x1a, 
	0x1a, 0x1a, 0x1c, 0x12, 0x15, 0x15, 0x15, 0x19, 
	0x19, 0x20, 0x25, 0x25, 0x26, 0x22, 0x26, 0x27, 
	0x1b, 0x27, 0x24, 0x28, 0x28, 0x28, 0x24, 0x1b, 
	0x14, 0x18, 0x18, 0x29, 0x29, 0x29, 0x29, 0x29, 
	0x1a, 0x1a, 0x1a, 0x1a, 0x15, 0x15, 0x15, 0x19, 
	0x2a, 0x2b, 0x2c, 0x26, 0x26, 0x26, 0x26, 0x27, 
	0x1b, 0x24, 0x28, 0x28, 0x28, 0x28, 0x24, 0x23, 
	0x14, 0x14, 0x29, 0x2d, 0x2d, 0x2e, 0x2f, 0x2f, 
	0x1a, 0x30, 0x31, 0x31, 0x30, 0x32, 0x19, 0x33, 
	0x33, 0x34, 0x34, 0x34, 0x26, 0x35, 0x35, 0x35, 
	0x27, 0x24, 0x28, 0x28, 0x28, 0x28, 0x24, 0x23, 
	0x14, 0x2d, 0x2d, 0x2e, 0x2e, 0x2e, 0x2f, 0x2f, 
	0x30, 0x30, 0x32, 0x32, 0x30, 0x36, 0x37, 0x33, 
	0x38, 0x38, 0x34, 0x34, 0x35, 0x35, 0x35, 0x39, 
	0x27, 0x24, 0x28, 0x28, 0x23, 0x23, 0x24, 0x23, 
	0x2d, 0x29, 0x29, 0x2e, 0x2f, 0x2f, 0x2f, 0x2f, 
	0x30, 0x30, 0x30, 0x30, 0x36, 0x3a, 0x3a, 0x38, 
	0x38, 0x38, 0x38, 0x39, 0x39, 0x39, 0x35, 0x35, 
	0x24, 0x24, 0x3b, 0x24, 0x23, 0x23, 0x23, 0x23, 
	0x2d, 0x2e, 0x2e, 0x2e, 0x2f, 0x3c, 0x2f, 0x2f, 
	0x30, 0x30, 0x30, 0x30, 0x3c, 0x3a, 0x38, 0x38, 
	0x3d, 0x38, 0x38, 0x39, 0x39, 0x39, 0x39, 0x35, 
	0x24, 0x24, 0x3b, 0x24, 0x23, 0x23, 0x28, 0x28, 
	0x2e, 0x2e, 0x2e, 0x2e, 0x2f, 0x3c, 0x3c, 0x3c, 
	0x2e, 0x2e, 0x3c, 0x3c, 0x3a, 0x3e, 0x3f, 0x40, 
	0x40, 0x40, 0x3d, 0x39, 0x39, 0x39, 0x39, 0x41, 
	0x24, 0x3b, 0x3b, 0x28, 0x42, 0x42, 0x3b, 0x3b, 
	0x43, 0x2e, 0x2e, 0x2e, 0x2e, 0x3c, 0x3c, 0x3c, 
	0x3c, 0x3c, 0x3c, 0x3c, 0x3a, 0x44, 0x3f, 0x40, 
	0x40, 0x40, 0x38, 0x45, 0x39, 0x39, 0x39, 0x41, 
	0x3b, 0x3b, 0x3b, 0x3b, 0x3b, 0x3b, 0x3b, 0x3b, 
	0x46, 0x43, 0x43, 0x2e, 0x47, 0x3c, 0x48, 0x48, 
	0x3c, 0x3c, 0x3e, 0x3e, 0x44, 0x44, 0x49, 0x40, 
	0x40, 0x40, 0x3f, 0x45, 0x45, 0x45, 0x4a, 0x4b, 
	0x3b, 0x3b, 0x3b, 0x3b, 0x42, 0x42, 0x3b, 0x3b, 
	
};

Gfx maple_treewway_dl_Skybox2_ci8_pal_rgba16_aligner[] = {gsSPEndDisplayList()};
u8 maple_treewway_dl_Skybox2_ci8_pal_rgba16[] = {
	0x94, 0x7f, 0x94, 0x3f, 0x8c, 0x3f, 0x9c, 0x7f, 
	0x94, 0x3d, 0x94, 0xbf, 0x9c, 0xbf, 0x93, 0xff, 
	0x9c, 0x3f, 0xa4, 0x7f, 0xa4, 0xbf, 0xac, 0x7f, 
	0x93, 0xfd, 0xac, 0xbf, 0xb4, 0xbf, 0xb4, 0x7f, 
	0x93, 0xfb, 0x93, 0xbb, 0x9c, 0x3d, 0xa4, 0x3f, 
	0x93, 0xb9, 0xa4, 0x3d, 0xac, 0x3f, 0xbc, 0xbf, 
	0x93, 0xf9, 0xac, 0x3d, 0x9b, 0xfb, 0xc4, 0xbf, 
	0x9b, 0xfd, 0xac, 0x7d, 0xb4, 0x3f, 0xc4, 0xff, 
	0xb4, 0x7d, 0x8b, 0xb9, 0xbc, 0x7f, 0xcc, 0xbf, 
	0xcc, 0xbd, 0xb4, 0x7b, 0xbc, 0x7d, 0xc4, 0xbd, 
	0xd4, 0xbd, 0x9b, 0xf9, 0xac, 0x3b, 0xb4, 0x3d, 
	0xbc, 0x3d, 0x9b, 0xb9, 0xa3, 0xb9, 0xa3, 0xf9, 
	0xa3, 0xfb, 0x9c, 0x3b, 0xa4, 0x3b, 0xb4, 0x3b, 
	0xbc, 0x3b, 0xc4, 0x7d, 0xab, 0xfb, 0xb3, 0xfb, 
	0xbc, 0x39, 0xc4, 0x7b, 0xb3, 0xf9, 0xcc, 0xbb, 
	0xab, 0xf9, 0xc4, 0x39, 0xb3, 0xf7, 0xbc, 0x37, 
	0xc4, 0x37, 0xcc, 0x7b, 0xd4, 0xbb, 0xa3, 0xb7, 
	0xbb, 0xf7, 0xc4, 0x79, 0xab, 0xb7, 0xab, 0xb9, 
	0xab, 0xf7, 0xc4, 0x35, 0xcc, 0x79, 0xcc, 0xb9, 
	
};

Gfx maple_treewway_dl_Skybox7_ci8_aligner[] = {gsSPEndDisplayList()};
u8 maple_treewway_dl_Skybox7_ci8[] = {
	0x00, 0x00, 0x01, 0x01, 0x02, 0x03, 0x04, 0x04, 
	0x04, 0x04, 0x04, 0x04, 0x04, 0x05, 0x05, 0x06, 
	0x05, 0x04, 0x07, 0x08, 0x09, 0x08, 0x0a, 0x0a, 
	0x0a, 0x0b, 0x0c, 0x0c, 0x0c, 0x0c, 0x0d, 0x0e, 
	0x0f, 0x00, 0x01, 0x06, 0x02, 0x04, 0x04, 0x04, 
	0x04, 0x04, 0x04, 0x04, 0x04, 0x05, 0x05, 0x05, 
	0x04, 0x10, 0x08, 0x11, 0x11, 0x11, 0x12, 0x0d, 
	0x0d, 0x0c, 0x0d, 0x0d, 0x13, 0x13, 0x14, 0x13, 
	0x01, 0x01, 0x15, 0x02, 0x05, 0x04, 0x07, 0x07, 
	0x04, 0x04, 0x05, 0x05, 0x05, 0x16, 0x16, 0x17, 
	0x10, 0x18, 0x19, 0x1a, 0x1b, 0x1b, 0x1b, 0x1b, 
	0x1b, 0x1c, 0x14, 0x14, 0x14, 0x14, 0x14, 0x1d, 
	0x01, 0x06, 0x06, 0x06, 0x02, 0x04, 0x05, 0x16, 
	0x1e, 0x05, 0x05, 0x05, 0x04, 0x10, 0x18, 0x09, 
	0x09, 0x1f, 0x1a, 0x1a, 0x1b, 0x1b, 0x1b, 0x20, 
	0x21, 0x20, 0x21, 0x22, 0x22, 0x22, 0x1d, 0x14, 
	0x23, 0x06, 0x06, 0x06, 0x02, 0x02, 0x02, 0x24, 
	0x02, 0x06, 0x02, 0x25, 0x04, 0x08, 0x18, 0x1a, 
	0x1a, 0x26, 0x1b, 0x1b, 0x1b, 0x1b, 0x20, 0x20, 
	0x21, 0x21, 0x21, 0x27, 0x21, 0x28, 0x22, 0x1d, 
	0x23, 0x06, 0x06, 0x06, 0x02, 0x02, 0x06, 0x06, 
	0x06, 0x15, 0x29, 0x25, 0x04, 0x08, 0x11, 0x1b, 
	0x1b, 0x2a, 0x26, 0x26, 0x20, 0x20, 0x20, 0x20, 
	0x27, 0x2b, 0x27, 0x27, 0x21, 0x27, 0x28, 0x28, 
	0x06, 0x06, 0x02, 0x02, 0x02, 0x02, 0x02, 0x06, 
	0x06, 0x06, 0x06, 0x02, 0x04, 0x08, 0x11, 0x26, 
	0x26, 0x26, 0x2a, 0x2a, 0x1b, 0x26, 0x2a, 0x2b, 
	0x2b, 0x21, 0x21, 0x21, 0x1c, 0x22, 0x1d, 0x22, 
	0x02, 0x02, 0x25, 0x02, 0x02, 0x02, 0x06, 0x01, 
	0x23, 0x23, 0x06, 0x02, 0x2c, 0x08, 0x11, 0x26, 
	0x26, 0x26, 0x2a, 0x2a, 0x1b, 0x2a, 0x2b, 0x2b, 
	0x2b, 0x2b, 0x21, 0x21, 0x1c, 0x22, 0x1d, 0x22, 
	0x02, 0x02, 0x25, 0x02, 0x02, 0x02, 0x23, 0x01, 
	0x2d, 0x2d, 0x06, 0x02, 0x2c, 0x08, 0x11, 0x26, 
	0x26, 0x26, 0x2a, 0x2a, 0x1b, 0x2a, 0x2e, 0x2b, 
	0x2b, 0x2b, 0x21, 0x21, 0x1c, 0x22, 0x1c, 0x22, 
	0x2f, 0x25, 0x02, 0x02, 0x23, 0x01, 0x30, 0x30, 
	0x00, 0x00, 0x23, 0x02, 0x04, 0x2c, 0x31, 0x11, 
	0x11, 0x1b, 0x26, 0x2a, 0x2a, 0x2a, 0x2b, 0x2b, 
	0x2b, 0x2b, 0x2e, 0x27, 0x27, 0x27, 0x27, 0x21, 
	0x32, 0x29, 0x2f, 0x23, 0x33, 0x00, 0x00, 0x00, 
	0x00, 0x00, 0x01, 0x34, 0x35, 0x2c, 0x31, 0x31, 
	0x11, 0x1b, 0x26, 0x2a, 0x2a, 0x2a, 0x36, 0x2b, 
	0x2b, 0x2b, 0x2b, 0x2e, 0x27, 0x27, 0x27, 0x27, 
	0x37, 0x29, 0x01, 0x2d, 0x33, 0x33, 0x33, 0x00, 
	0x0f, 0x01, 0x23, 0x03, 0x03, 0x04, 0x2c, 0x08, 
	0x11, 0x1b, 0x26, 0x2a, 0x2a, 0x2a, 0x36, 0x38, 
	0x38, 0x39, 0x2e, 0x2e, 0x2e, 0x2e, 0x2e, 0x21, 
	0x37, 0x0f, 0x0f, 0x2d, 0x33, 0x33, 0x33, 0x00, 
	0x0f, 0x01, 0x01, 0x03, 0x03, 0x04, 0x2c, 0x08, 
	0x11, 0x1b, 0x26, 0x26, 0x26, 0x3a, 0x38, 0x36, 
	0x36, 0x36, 0x2b, 0x2b, 0x2b, 0x2b, 0x2b, 0x2b, 
	0x37, 0x0f, 0x00, 0x00, 0x33, 0x33, 0x33, 0x00, 
	0x3b, 0x29, 0x34, 0x03, 0x03, 0x04, 0x2c, 0x08, 
	0x11, 0x1b, 0x1a, 0x26, 0x26, 0x26, 0x38, 0x38, 
	0x38, 0x38, 0x2a, 0x2b, 0x2a, 0x2a, 0x2a, 0x2a, 
	0x37, 0x0f, 0x0f, 0x00, 0x00, 0x00, 0x33, 0x01, 
	0x23, 0x2f, 0x34, 0x25, 0x04, 0x2c, 0x08, 0x08, 
	0x11, 0x11, 0x11, 0x11, 0x3c, 0x26, 0x26, 0x26, 
	0x26, 0x2a, 0x26, 0x26, 0x2a, 0x2a, 0x2a, 0x2b, 
	0x37, 0x0f, 0x0f, 0x00, 0x00, 0x00, 0x0f, 0x29, 
	0x01, 0x3d, 0x34, 0x25, 0x04, 0x2c, 0x08, 0x08, 
	0x11, 0x11, 0x11, 0x11, 0x1f, 0x3c, 0x3c, 0x26, 
	0x26, 0x26, 0x26, 0x26, 0x2a, 0x2a, 0x2a, 0x2a, 
	0x37, 0x0f, 0x0f, 0x0f, 0x0f, 0x01, 0x01, 0x29, 
	0x15, 0x34, 0x34, 0x25, 0x04, 0x04, 0x08, 0x08, 
	0x08, 0x31, 0x09, 0x09, 0x11, 0x3c, 0x3c, 0x3c, 
	0x3c, 0x26, 0x26, 0x26, 0x26, 0x26, 0x26, 0x38, 
	0x32, 0x01, 0x01, 0x0f, 0x3e, 0x01, 0x2f, 0x2f, 
	0x02, 0x02, 0x03, 0x03, 0x2c, 0x08, 0x31, 0x08, 
	0x08, 0x08, 0x08, 0x08, 0x09, 0x11, 0x3c, 0x3c, 
	0x3c, 0x26, 0x26, 0x2a, 0x2a, 0x2a, 0x38, 0x36, 
	0x32, 0x32, 0x32, 0x29, 0x2f, 0x2f, 0x02, 0x02, 
	0x02, 0x02, 0x3f, 0x2c, 0x2c, 0x08, 0x31, 0x08, 
	0x09, 0x09, 0x11, 0x11, 0x1f, 0x1f, 0x26, 0x26, 
	0x26, 0x26, 0x3a, 0x38, 0x36, 0x36, 0x38, 0x40, 
	0x41, 0x32, 0x32, 0x03, 0x25, 0x25, 0x25, 0x25, 
	0x25, 0x25, 0x04, 0x2c, 0x08, 0x08, 0x31, 0x08, 
	0x18, 0x18, 0x11, 0x11, 0x1f, 0x3c, 0x26, 0x26, 
	0x26, 0x26, 0x38, 0x38, 0x36, 0x36, 0x36, 0x40, 
	0x42, 0x41, 0x41, 0x03, 0x03, 0x04, 0x04, 0x04, 
	0x04, 0x04, 0x2c, 0x2c, 0x08, 0x08, 0x08, 0x43, 
	0x09, 0x3c, 0x26, 0x26, 0x26, 0x26, 0x26, 0x2a, 
	0x2a, 0x26, 0x38, 0x38, 0x40, 0x40, 0x40, 0x44, 
	0x45, 0x45, 0x45, 0x2c, 0x2c, 0x2c, 0x2c, 0x2c, 
	0x31, 0x31, 0x31, 0x31, 0x31, 0x11, 0x09, 0x1f, 
	0x26, 0x26, 0x3a, 0x3a, 0x3a, 0x26, 0x26, 0x38, 
	0x38, 0x38, 0x38, 0x40, 0x44, 0x44, 0x46, 0x47, 
	0x48, 0x31, 0x0a, 0x49, 0x49, 0x49, 0x31, 0x31, 
	0x31, 0x31, 0x31, 0x11, 0x11, 0x11, 0x4a, 0x26, 
	0x26, 0x2a, 0x38, 0x38, 0x38, 0x38, 0x38, 0x38, 
	0x36, 0x40, 0x40, 0x40, 0x44, 0x47, 0x47, 0x4b, 
	0x4a, 0x31, 0x31, 0x31, 0x31, 0x49, 0x31, 0x4c, 
	0x11, 0x48, 0x31, 0x11, 0x11, 0x11, 0x4a, 0x26, 
	0x26, 0x38, 0x38, 0x38, 0x36, 0x38, 0x38, 0x38, 
	0x40, 0x44, 0x44, 0x44, 0x44, 0x47, 0x4b, 0x4b, 
	0x2a, 0x4a, 0x4a, 0x4a, 0x4a, 0x4a, 0x4a, 0x4d, 
	0x4a, 0x4a, 0x4a, 0x1b, 0x1b, 0x4e, 0x4d, 0x2a, 
	0x38, 0x40, 0x44, 0x44, 0x40, 0x44, 0x44, 0x44, 
	0x44, 0x47, 0x47, 0x47, 0x4b, 0x4b, 0x4b, 0x4f, 
	0x2b, 0x2a, 0x2a, 0x1b, 0x20, 0x20, 0x2a, 0x2a, 
	0x2a, 0x2a, 0x20, 0x20, 0x20, 0x2a, 0x2a, 0x38, 
	0x44, 0x44, 0x50, 0x44, 0x40, 0x44, 0x44, 0x44, 
	0x47, 0x47, 0x4b, 0x4b, 0x51, 0x4f, 0x52, 0x53, 
	0x2e, 0x2a, 0x2a, 0x2a, 0x2e, 0x2b, 0x2b, 0x2b, 
	0x2a, 0x2a, 0x20, 0x2b, 0x2b, 0x2b, 0x2b, 0x36, 
	0x44, 0x46, 0x47, 0x47, 0x50, 0x47, 0x47, 0x47, 
	0x4b, 0x4b, 0x4b, 0x4b, 0x4f, 0x52, 0x52, 0x54, 
	0x2e, 0x2e, 0x2e, 0x39, 0x55, 0x55, 0x2e, 0x2e, 
	0x2b, 0x2b, 0x2e, 0x2e, 0x2e, 0x39, 0x39, 0x39, 
	0x46, 0x56, 0x4b, 0x4b, 0x51, 0x4b, 0x4b, 0x4b, 
	0x57, 0x4f, 0x57, 0x57, 0x4f, 0x52, 0x52, 0x54, 
	0x2e, 0x39, 0x39, 0x55, 0x55, 0x55, 0x2e, 0x2e, 
	0x2e, 0x2b, 0x2e, 0x2e, 0x55, 0x55, 0x55, 0x46, 
	0x46, 0x4b, 0x4b, 0x4b, 0x51, 0x4b, 0x4b, 0x57, 
	0x58, 0x4f, 0x4f, 0x4f, 0x4f, 0x4f, 0x59, 0x5a, 
	0x5b, 0x2e, 0x2e, 0x2e, 0x2e, 0x2e, 0x2e, 0x2e, 
	0x2e, 0x2e, 0x2e, 0x55, 0x55, 0x56, 0x56, 0x4b, 
	0x4b, 0x4f, 0x4f, 0x4f, 0x4f, 0x57, 0x57, 0x57, 
	0x52, 0x52, 0x59, 0x59, 0x59, 0x59, 0x5c, 0x54, 
	0x5b, 0x5b, 0x5b, 0x2e, 0x2e, 0x2e, 0x2e, 0x2e, 
	0x2e, 0x2e, 0x55, 0x55, 0x5d, 0x56, 0x4b, 0x4f, 
	0x4f, 0x52, 0x4f, 0x4f, 0x4f, 0x58, 0x58, 0x58, 
	0x59, 0x59, 0x54, 0x54, 0x54, 0x54, 0x5e, 0x54, 
	0x5b, 0x5b, 0x5b, 0x2e, 0x2e, 0x2e, 0x5b, 0x5b, 
	0x55, 0x55, 0x56, 0x56, 0x5f, 0x57, 0x57, 0x4f, 
	0x52, 0x52, 0x60, 0x52, 0x52, 0x52, 0x52, 0x52, 
	0x52, 0x59, 0x5e, 0x5e, 0x5e, 0x5e, 0x5e, 0x5e, 
	0x61, 0x62, 0x62, 0x62, 0x5b, 0x5b, 0x5d, 0x5d, 
	0x5d, 0x56, 0x57, 0x57, 0x4f, 0x52, 0x52, 0x59, 
	0x53, 0x53, 0x54, 0x53, 0x54, 0x54, 0x54, 0x53, 
	0x54, 0x5e, 0x63, 0x64, 0x63, 0x63, 0x63, 0x5e, 
	0x61, 0x62, 0x62, 0x62, 0x5d, 0x5d, 0x5d, 0x5d, 
	0x56, 0x5f, 0x58, 0x53, 0x53, 0x54, 0x54, 0x5e, 
	0x54, 0x54, 0x5e, 0x5a, 0x64, 0x5e, 0x5e, 0x54, 
	0x64, 0x63, 0x65, 0x65, 0x65, 0x65, 0x66, 0x5e, 
	0x67, 0x68, 0x69, 0x69, 0x69, 0x5f, 0x5f, 0x5f, 
	0x5f, 0x57, 0x52, 0x54, 0x6a, 0x64, 0x64, 0x64, 
	0x64, 0x64, 0x64, 0x65, 0x6b, 0x65, 0x64, 0x64, 
	0x6b, 0x6b, 0x6b, 0x6c, 0x6d, 0x65, 0x65, 0x65, 
	0x6e, 0x69, 0x5f, 0x6f, 0x6f, 0x58, 0x58, 0x58, 
	0x58, 0x58, 0x52, 0x54, 0x64, 0x6b, 0x6b, 0x6b, 
	0x65, 0x65, 0x6b, 0x6c, 0x70, 0x6c, 0x65, 0x6b, 
	0x6b, 0x65, 0x6c, 0x6c, 0x71, 0x65, 0x65, 0x65, 
	0x6f, 0x72, 0x73, 0x73, 0x58, 0x58, 0x74, 0x74, 
	0x74, 0x59, 0x59, 0x75, 0x5e, 0x64, 0x64, 0x64, 
	0x76, 0x5e, 0x5e, 0x6b, 0x6b, 0x6b, 0x65, 0x65, 
	0x6b, 0x65, 0x65, 0x6c, 0x71, 0x77, 0x77, 0x78, 
	0x74, 0x73, 0x73, 0x59, 0x59, 0x5c, 0x73, 0x73, 
	0x59, 0x59, 0x59, 0x5c, 0x5c, 0x79, 0x79, 0x5c, 
	0x73, 0x72, 0x72, 0x73, 0x5e, 0x64, 0x63, 0x63, 
	0x5e, 0x5e, 0x75, 0x7a, 0x78, 0x78, 0x65, 0x78, 
	0x5c, 0x74, 0x59, 0x59, 0x59, 0x5c, 0x73, 0x73, 
	0x59, 0x59, 0x59, 0x74, 0x74, 0x74, 0x74, 0x72, 
	0x7b, 0x7b, 0x7b, 0x6f, 0x5c, 0x5e, 0x64, 0x75, 
	0x5e, 0x5c, 0x5c, 0x75, 0x63, 0x63, 0x63, 0x63, 
	0x74, 0x73, 0x74, 0x7c, 0x73, 0x7d, 0x7e, 0x7e, 
	0x7e, 0x7e, 0x7e, 0x72, 0x72, 0x72, 0x7f, 0x7b, 
	0x7b, 0x7b, 0x7f, 0x7f, 0x7e, 0x73, 0x74, 0x5c, 
	0x74, 0x74, 0x59, 0x5c, 0x5e, 0x5e, 0x75, 0x75, 
	0x74, 0x74, 0x80, 0x7f, 0x7b, 0x6e, 0x6e, 0x6e, 
	0x6e, 0x6e, 0x7b, 0x7f, 0x72, 0x7f, 0x7b, 0x7f, 
	0x7f, 0x7f, 0x7f, 0x7f, 0x7b, 0x7f, 0x7f, 0x72, 
	0x72, 0x74, 0x73, 0x5c, 0x5c, 0x5c, 0x74, 0x81, 
	0x74, 0x74, 0x7e, 0x7e, 0x7f, 0x6e, 0x6e, 0x6e, 
	0x6e, 0x6e, 0x6e, 0x7f, 0x7f, 0x7b, 0x7b, 0x7b, 
	0x7f, 0x7f, 0x7f, 0x7f, 0x7f, 0x7f, 0x72, 0x7e, 
	0x72, 0x74, 0x73, 0x73, 0x5c, 0x5c, 0x82, 0x5c, 
	0x81, 0x82, 0x7e, 0x7e, 0x83, 0x6e, 0x6e, 0x6e, 
	0x6e, 0x6e, 0x7b, 0x7f, 0x7f, 0x7f, 0x7f, 0x7f, 
	0x7f, 0x7f, 0x7b, 0x7b, 0x7f, 0x72, 0x72, 0x72, 
	0x74, 0x74, 0x74, 0x74, 0x74, 0x74, 0x82, 0x81, 
	0x84, 0x81, 0x74, 0x82, 0x7e, 0x7e, 0x83, 0x83, 
	0x83, 0x83, 0x83, 0x7f, 0x7f, 0x72, 0x72, 0x72, 
	0x72, 0x83, 0x83, 0x83, 0x7e, 0x7e, 0x74, 0x74, 
	0x81, 0x81, 0x82, 0x82, 0x74, 0x74, 0x81, 0x85, 
	0x85, 0x75, 0x81, 0x81, 0x5c, 0x81, 0x5c, 0x5c, 
	0x81, 0x81, 0x75, 0x5c, 0x7c, 0x82, 0x82, 0x74, 
	0x7e, 0x7e, 0x7e, 0x7e, 0x80, 0x74, 0x81, 0x81, 
	0x81, 0x85, 0x81, 0x81, 0x85, 0x85, 0x75, 0x85, 
	0x81, 0x81, 0x84, 0x84, 0x84, 0x66, 0x63, 0x78, 
	0x78, 0x78, 0x86, 0x66, 0x84, 0x81, 0x81, 0x81, 
	0x82, 0x82, 0x82, 0x82, 0x82, 0x85, 0x75, 0x84, 
	0x84, 0x84, 0x87, 0x84, 0x84, 0x84, 0x84, 0x84, 
	0x5c, 0x75, 0x84, 0x66, 0x66, 0x78, 0x78, 0x88, 
	0x88, 0x88, 0x89, 0x86, 0x86, 0x66, 0x66, 0x66, 
	0x84, 0x84, 0x84, 0x84, 0x84, 0x66, 0x66, 0x66, 
	0x66, 0x66, 0x8a, 0x66, 0x78, 0x78, 0x78, 0x78, 
	0x84, 0x66, 0x66, 0x8b, 0x8b, 0x63, 0x63, 0x78, 
	0x71, 0x71, 0x71, 0x8c, 0x78, 0x78, 0x78, 0x78, 
	0x86, 0x71, 0x71, 0x71, 0x71, 0x86, 0x86, 0x86, 
	0x86, 0x66, 0x86, 0x86, 0x88, 0x88, 0x71, 0x71, 
	0x66, 0x63, 0x63, 0x63, 0x75, 0x75, 0x84, 0x66, 
	0x78, 0x86, 0x86, 0x86, 0x86, 0x88, 0x88, 0x88, 
	0x8d, 0x8e, 0x8f, 0x8f, 0x90, 0x91, 0x92, 0x88, 
	0x88, 0x86, 0x86, 0x88, 0x88, 0x8d, 0x8f, 0x88, 
	0x75, 0x75, 0x75, 0x84, 0x81, 0x81, 0x85, 0x84, 
	0x66, 0x86, 0x86, 0x86, 0x86, 0x86, 0x86, 0x86, 
	0x86, 0x88, 0x91, 0x8f, 0x8f, 0x8f, 0x8f, 0x91, 
	0x91, 0x91, 0x91, 0x91, 0x91, 0x91, 0x91, 0x88, 
	0x81, 0x82, 0x82, 0x93, 0x93, 0x82, 0x85, 0x84, 
	0x84, 0x8a, 0x66, 0x66, 0x66, 0x84, 0x84, 0x84, 
	0x84, 0x66, 0x66, 0x78, 0x91, 0x8f, 0x90, 0x90, 
	0x90, 0x8f, 0x8f, 0x8f, 0x8f, 0x94, 0x88, 0x88, 
	0x74, 0x81, 0x81, 0x82, 0x82, 0x82, 0x85, 0x84, 
	0x84, 0x66, 0x66, 0x66, 0x66, 0x8a, 0x95, 0x84, 
	0x96, 0x66, 0x8a, 0x86, 0x88, 0x8e, 0x90, 0x97, 
	0x97, 0x98, 0x8e, 0x8f, 0x91, 0x91, 0x88, 0x91, 
	0x63, 0x75, 0x75, 0x75, 0x75, 0x75, 0x75, 0x84, 
	0x66, 0x78, 0x78, 0x65, 0x78, 0x86, 0x78, 0x78, 
	0x77, 0x78, 0x78, 0x88, 0x71, 0x88, 0x91, 0x91, 
	0x91, 0x91, 0x8d, 0x91, 0x88, 0x88, 0x88, 0x91, 
	0x78, 0x63, 0x75, 0x63, 0x66, 0x63, 0x84, 0x84, 
	0x84, 0x65, 0x6c, 0x77, 0x78, 0x78, 0x6c, 0x8d, 
	0x91, 0x91, 0x88, 0x88, 0x78, 0x88, 0x71, 0x88, 
	0x88, 0x88, 0x88, 0x88, 0x88, 0x88, 0x91, 0x99, 
	0x65, 0x63, 0x63, 0x66, 0x78, 0x78, 0x66, 0x84, 
	0x66, 0x78, 0x71, 0x71, 0x71, 0x8d, 0x9a, 0x8e, 
	0x8e, 0x8e, 0x8d, 0x88, 0x88, 0x88, 0x8d, 0x91, 
	0x91, 0x91, 0x91, 0x91, 0x91, 0x91, 0x8f, 0x8f, 
	0x65, 0x65, 0x78, 0x65, 0x71, 0x71, 0x65, 0x65, 
	0x78, 0x71, 0x71, 0x8e, 0x9b, 0x9b, 0x9b, 0x98, 
	0x98, 0x98, 0x8e, 0x8e, 0x8e, 0x98, 0x98, 0x98, 
	0x98, 0x98, 0x98, 0x90, 0x90, 0x90, 0x90, 0x98, 
	0x65, 0x78, 0x78, 0x6c, 0x6c, 0x8d, 0x71, 0x71, 
	0x71, 0x71, 0x8d, 0x9c, 0x98, 0x9b, 0x98, 0x98, 
	0x90, 0x90, 0x98, 0x98, 0x98, 0x90, 0x98, 0x98, 
	0x98, 0x98, 0x98, 0x98, 0x98, 0x90, 0x98, 0x98, 
	0x9a, 0x8d, 0x8d, 0x71, 0x71, 0x8d, 0x8d, 0x8e, 
	0x8e, 0x8e, 0x8e, 0x98, 0x98, 0x9b, 0x98, 0x98, 
	0x98, 0x98, 0x98, 0x9b, 0x9b, 0x98, 0x98, 0x9b, 
	0x9b, 0x9b, 0x9b, 0x98, 0x98, 0x98, 0x98, 0x98, 
	0x9b, 0x9b, 0x98, 0x8e, 0x8d, 0x8d, 0x8e, 0x9b, 
	0x9b, 0x9b, 0x98, 0x9b, 0x98, 0x9b, 0x98, 0x9b, 
	0x98, 0x98, 0x98, 0x9b, 0x9b, 0x9b, 0x9b, 0x9b, 
	0x9b, 0x9b, 0x9d, 0x98, 0x98, 0x9b, 0x98, 0x98, 
	0x9b, 0x9e, 0x9b, 0x9b, 0x8e, 0x98, 0x98, 0x9b, 
	0x9b, 0x98, 0x98, 0x98, 0x98, 0x98, 0x98, 0x98, 
	0x98, 0x98, 0x98, 0x98, 0x98, 0x9b, 0x9b, 0x98, 
	0x98, 0x9b, 0x98, 0x98, 0x98, 0x9b, 0x9b, 0x98, 
	0x9b, 0x9e, 0x9e, 0x9e, 0x9b, 0x9b, 0x9b, 0x9b, 
	0x9b, 0x9b, 0x98, 0x98, 0x98, 0x98, 0x98, 0x98, 
	0x98, 0x98, 0x98, 0x98, 0x98, 0x98, 0x98, 0x98, 
	0x98, 0x9b, 0x97, 0x98, 0x98, 0x9b, 0x9b, 0x98, 
	0x98, 0x98, 0x9f, 0x9b, 0x9f, 0x9f, 0x9e, 0x9b, 
	0x9b, 0x9b, 0x98, 0x98, 0x98, 0x98, 0x8f, 0x98, 
	0x98, 0x98, 0x98, 0x8f, 0x8e, 0x90, 0x90, 0x90, 
	0x90, 0x98, 0xa0, 0x98, 0x9b, 0x9b, 0x9b, 0x9b, 
	0x8d, 0x9b, 0x9b, 0x9e, 0x9b, 0xa1, 0xa1, 0x9e, 
	0x9e, 0x9e, 0x9e, 0x9b, 0x9b, 0x9b, 0x9b, 0x9b, 
	0x9b, 0x9b, 0x9b, 0x9b, 0x9b, 0x9b, 0x9b, 0x9b, 
	0x9b, 0x9b, 0x98, 0x9b, 0x9e, 0x9e, 0x9e, 0x9e, 
	0xa2, 0xa3, 0xa1, 0xa4, 0xa4, 0x9e, 0x9e, 0x9e, 
	0x9e, 0x9e, 0x9e, 0x9e, 0x9e, 0x9e, 0x9e, 0x9e, 
	0x9e, 0x9e, 0x9e, 0x9e, 0x9e, 0x9e, 0x9e, 0x9e, 
	0x9e, 0x9e, 0x9e, 0x9f, 0x9e, 0x9e, 0x9e, 0x9e, 
	
};

Gfx maple_treewway_dl_Skybox7_ci8_pal_rgba16_aligner[] = {gsSPEndDisplayList()};
u8 maple_treewway_dl_Skybox7_ci8_pal_rgba16[] = {
	0xcc, 0xbf, 0xd4, 0xbd, 0xdc, 0xfb, 0xdc, 0xb9, 
	0xe4, 0xf9, 0xe4, 0xfb, 0xdc, 0xfd, 0xec, 0xf9, 
	0xec, 0xf7, 0xf4, 0xf7, 0xec, 0xb5, 0xe4, 0xb3, 
	0xec, 0xb3, 0xf4, 0xb3, 0xec, 0x71, 0xcc, 0xbd, 
	0xed, 0x39, 0xf4, 0xf5, 0xf4, 0xb5, 0xec, 0xb1, 
	0xf4, 0xb1, 0xdc, 0xbd, 0xed, 0x3b, 0xed, 0x37, 
	0xf5, 0x37, 0xfc, 0xf7, 0xfc, 0xf5, 0xfc, 0xf3, 
	0xfc, 0xb1, 0xf4, 0xaf, 0xe5, 0x39, 0xf5, 0x35, 
	0xfc, 0xf1, 0xfc, 0xef, 0xfc, 0xaf, 0xd4, 0xfd, 
	0xe4, 0xfd, 0xdc, 0xf9, 0xfd, 0x33, 0xfc, 0xed, 
	0xfc, 0xad, 0xd4, 0xbb, 0xfd, 0x31, 0xfd, 0x2f, 
	0xe4, 0xf7, 0xd4, 0xff, 0xfd, 0x2d, 0xd4, 0xfb, 
	0xd4, 0xbf, 0xec, 0xf5, 0xd4, 0xb9, 0xcc, 0xff, 
	0xdc, 0xbb, 0xe4, 0xb7, 0xfd, 0x6f, 0xcc, 0xbb, 
	0xfd, 0x71, 0xfd, 0x6d, 0xfd, 0x73, 0xcc, 0xfb, 
	0xfd, 0x35, 0xd4, 0xf9, 0xcc, 0xfd, 0xe4, 0xb9, 
	0xfd, 0xaf, 0xdc, 0xb7, 0xdc, 0xb5, 0xed, 0x35, 
	0xfd, 0xad, 0xe4, 0xb5, 0xfd, 0xab, 0xfd, 0xeb, 
	0xec, 0xf3, 0xe4, 0xf5, 0xf4, 0xf3, 0xfd, 0xe9, 
	0xed, 0x33, 0xf5, 0x31, 0xf5, 0x33, 0xfe, 0x27, 
	0xfd, 0xed, 0xfe, 0x29, 0xfe, 0x25, 0xfe, 0x65, 
	0xfe, 0x63, 0xfd, 0x6b, 0xfd, 0xa9, 0xfd, 0xe7, 
	0xfd, 0xe5, 0xfe, 0x23, 0xfe, 0xa3, 0xfd, 0x2b, 
	0xfe, 0x21, 0xfd, 0x69, 0xfe, 0x61, 0xfd, 0xa7, 
	0xfe, 0x67, 0xfc, 0xe9, 0xfd, 0x29, 0xfe, 0x9f, 
	0xfe, 0xa1, 0xfe, 0xdf, 0xfe, 0x9d, 0xfc, 0xe7, 
	0xfd, 0x27, 0xfd, 0x67, 0xf6, 0xa3, 0xfe, 0xe1, 
	0xff, 0x1f, 0xf7, 0x1f, 0xfd, 0x25, 0xfd, 0xa5, 
	0xff, 0x21, 0xff, 0x1d, 0xfd, 0xa3, 0xfd, 0xe3, 
	0xfd, 0xe1, 0xfe, 0x5f, 0xf6, 0xa1, 0xf6, 0xdd, 
	0xfe, 0xdd, 0xf6, 0x21, 0xf6, 0x9f, 0xfd, 0x65, 
	0xf5, 0xe1, 0xf5, 0xa3, 0xfd, 0xa1, 0xfd, 0x63, 
	0xf5, 0xa1, 0xfe, 0x1f, 0xfd, 0xdf, 0xfd, 0x61, 
	0xfe, 0x5d, 0xfe, 0x1d, 0xfe, 0xdb, 0xf6, 0x5d, 
	0xff, 0x1b, 0xf7, 0x19, 0xfe, 0x9b, 0xf6, 0x9d, 
	0xf7, 0x1b, 0xff, 0x5d, 0xff, 0x9d, 0xff, 0x9b, 
	0xff, 0xdb, 0xff, 0x5b, 0xff, 0x19, 0xf6, 0x1f, 
	0xf7, 0x5b, 0xf6, 0x9b, 0xfe, 0x5b, 0xf7, 0xdd, 
	0xff, 0xdd, 0xf7, 0x9b, 0xff, 0x9f, 0xff, 0xdf, 
	0xf7, 0x9d, 0xf7, 0xdf, 0xff, 0xe1, 0xf7, 0xe1, 
	0xf7, 0xdb, 0xff, 0xe3, 0xf7, 0x61, 0xff, 0xa3, 
	0xff, 0xe5, 
};

Gfx maple_treewway_dl_Skybox5_ci8_aligner[] = {gsSPEndDisplayList()};
u8 maple_treewway_dl_Skybox5_ci8[] = {
	0x00, 0x00, 0x01, 0x01, 0x02, 0x03, 0x04, 0x05, 
	0x05, 0x05, 0x05, 0x05, 0x06, 0x07, 0x07, 0x08, 
	0x08, 0x06, 0x09, 0x0a, 0x0b, 0x0b, 0x0c, 0x0c, 
	0x0c, 0x0d, 0x0d, 0x0e, 0x0e, 0x0e, 0x0a, 0x0c, 
	0x00, 0x00, 0x01, 0x0f, 0x03, 0x03, 0x10, 0x10, 
	0x10, 0x05, 0x05, 0x05, 0x05, 0x05, 0x05, 0x05, 
	0x05, 0x0a, 0x0c, 0x0b, 0x0b, 0x0b, 0x0b, 0x0b, 
	0x0b, 0x0b, 0x0b, 0x0b, 0x0e, 0x0e, 0x0e, 0x0c, 
	0x00, 0x00, 0x01, 0x02, 0x03, 0x03, 0x10, 0x10, 
	0x10, 0x0d, 0x10, 0x10, 0x0c, 0x0c, 0x0c, 0x0d, 
	0x0d, 0x0d, 0x11, 0x12, 0x12, 0x12, 0x12, 0x12, 
	0x12, 0x0b, 0x0b, 0x0b, 0x0b, 0x0b, 0x0b, 0x13, 
	0x00, 0x14, 0x01, 0x03, 0x03, 0x15, 0x15, 0x11, 
	0x11, 0x0d, 0x0d, 0x0d, 0x0d, 0x0d, 0x11, 0x11, 
	0x12, 0x12, 0x16, 0x17, 0x18, 0x18, 0x17, 0x17, 
	0x17, 0x17, 0x17, 0x17, 0x17, 0x17, 0x17, 0x0b, 
	0x0f, 0x19, 0x1a, 0x03, 0x15, 0x15, 0x15, 0x11, 
	0x11, 0x0d, 0x11, 0x11, 0x11, 0x11, 0x1b, 0x1b, 
	0x1b, 0x18, 0x1c, 0x1c, 0x1c, 0x1c, 0x1c, 0x1d, 
	0x18, 0x17, 0x18, 0x1c, 0x1c, 0x1c, 0x18, 0x12, 
	0x0f, 0x19, 0x03, 0x11, 0x15, 0x1b, 0x1b, 0x1b, 
	0x11, 0x11, 0x11, 0x11, 0x11, 0x1e, 0x1f, 0x20, 
	0x20, 0x1c, 0x1c, 0x21, 0x21, 0x21, 0x22, 0x23, 
	0x1c, 0x1d, 0x1c, 0x23, 0x1c, 0x1c, 0x1c, 0x18, 
	0x24, 0x24, 0x11, 0x15, 0x25, 0x25, 0x20, 0x20, 
	0x1b, 0x1b, 0x1b, 0x1b, 0x1b, 0x18, 0x26, 0x26, 
	0x26, 0x27, 0x28, 0x29, 0x29, 0x29, 0x2a, 0x21, 
	0x2b, 0x22, 0x22, 0x29, 0x29, 0x29, 0x2c, 0x1c, 
	0x1b, 0x1b, 0x1b, 0x1b, 0x25, 0x2d, 0x2e, 0x2f, 
	0x2f, 0x2f, 0x2f, 0x2f, 0x2e, 0x26, 0x30, 0x30, 
	0x30, 0x31, 0x32, 0x32, 0x33, 0x33, 0x34, 0x2a, 
	0x34, 0x29, 0x29, 0x28, 0x28, 0x28, 0x28, 0x2b, 
	0x25, 0x25, 0x1b, 0x1b, 0x20, 0x2d, 0x2d, 0x27, 
	0x27, 0x27, 0x27, 0x27, 0x26, 0x2b, 0x31, 0x32, 
	0x32, 0x32, 0x33, 0x33, 0x35, 0x35, 0x32, 0x34, 
	0x34, 0x34, 0x34, 0x28, 0x28, 0x28, 0x28, 0x2b, 
	0x27, 0x27, 0x27, 0x27, 0x27, 0x30, 0x36, 0x36, 
	0x30, 0x31, 0x30, 0x30, 0x30, 0x31, 0x33, 0x37, 
	0x37, 0x38, 0x39, 0x39, 0x3a, 0x38, 0x33, 0x32, 
	0x32, 0x34, 0x34, 0x28, 0x28, 0x28, 0x29, 0x21, 
	0x30, 0x30, 0x30, 0x30, 0x30, 0x30, 0x36, 0x3b, 
	0x3c, 0x3c, 0x3c, 0x3c, 0x3b, 0x3d, 0x38, 0x3e, 
	0x3e, 0x3a, 0x3a, 0x3a, 0x3a, 0x38, 0x33, 0x32, 
	0x32, 0x30, 0x30, 0x29, 0x2b, 0x2b, 0x2b, 0x1c, 
	0x3d, 0x3d, 0x3c, 0x32, 0x32, 0x3b, 0x3b, 0x3b, 
	0x3c, 0x3f, 0x3f, 0x3f, 0x3f, 0x3f, 0x3e, 0x40, 
	0x38, 0x39, 0x3f, 0x3f, 0x33, 0x32, 0x29, 0x2b, 
	0x2b, 0x26, 0x26, 0x26, 0x2e, 0x18, 0x18, 0x18, 
	0x3d, 0x3d, 0x3d, 0x32, 0x3c, 0x3b, 0x3b, 0x3b, 
	0x3c, 0x41, 0x42, 0x42, 0x3f, 0x43, 0x3a, 0x44, 
	0x3a, 0x3d, 0x3b, 0x3b, 0x31, 0x30, 0x2f, 0x2e, 
	0x2e, 0x2e, 0x2e, 0x2e, 0x45, 0x1b, 0x15, 0x15, 
	0x3f, 0x3f, 0x3f, 0x3d, 0x3d, 0x3c, 0x3c, 0x46, 
	0x3c, 0x41, 0x3f, 0x3f, 0x3d, 0x3d, 0x38, 0x38, 
	0x42, 0x30, 0x27, 0x27, 0x26, 0x2e, 0x47, 0x47, 
	0x47, 0x1b, 0x1b, 0x1b, 0x15, 0x15, 0x11, 0x11, 
	0x3f, 0x3f, 0x3d, 0x3f, 0x3f, 0x3d, 0x3b, 0x36, 
	0x36, 0x41, 0x3f, 0x3d, 0x3d, 0x41, 0x32, 0x36, 
	0x27, 0x27, 0x2d, 0x2d, 0x2e, 0x47, 0x15, 0x11, 
	0x11, 0x11, 0x11, 0x11, 0x11, 0x11, 0x48, 0x11, 
	0x3f, 0x3f, 0x3f, 0x3d, 0x3d, 0x3c, 0x31, 0x36, 
	0x36, 0x49, 0x3c, 0x3c, 0x3c, 0x3c, 0x27, 0x2d, 
	0x25, 0x4a, 0x25, 0x25, 0x45, 0x1b, 0x11, 0x11, 
	0x11, 0x11, 0x11, 0x11, 0x11, 0x11, 0x11, 0x11, 
	0x3f, 0x3f, 0x41, 0x3b, 0x3b, 0x3b, 0x30, 0x4b, 
	0x27, 0x4b, 0x36, 0x36, 0x30, 0x27, 0x20, 0x4a, 
	0x25, 0x4c, 0x15, 0x15, 0x15, 0x11, 0x11, 0x03, 
	0x03, 0x03, 0x03, 0x03, 0x11, 0x11, 0x11, 0x11, 
	0x3f, 0x3f, 0x3f, 0x46, 0x3b, 0x36, 0x4b, 0x27, 
	0x2f, 0x2d, 0x2d, 0x2d, 0x2f, 0x2d, 0x4a, 0x25, 
	0x4d, 0x4c, 0x4c, 0x4e, 0x4e, 0x4e, 0x48, 0x48, 
	0x03, 0x11, 0x11, 0x11, 0x11, 0x15, 0x1b, 0x1e, 
	0x3f, 0x3f, 0x3f, 0x46, 0x49, 0x36, 0x4b, 0x27, 
	0x4b, 0x4f, 0x2d, 0x2d, 0x2d, 0x2d, 0x4a, 0x4a, 
	0x4d, 0x4c, 0x4c, 0x4c, 0x15, 0x15, 0x4e, 0x50, 
	0x15, 0x15, 0x15, 0x15, 0x1e, 0x1b, 0x1b, 0x17, 
	0x51, 0x51, 0x3f, 0x46, 0x3b, 0x36, 0x4b, 0x4b, 
	0x36, 0x4b, 0x4b, 0x4b, 0x2f, 0x2d, 0x4a, 0x25, 
	0x4d, 0x4c, 0x4d, 0x4c, 0x4c, 0x4c, 0x4c, 0x15, 
	0x15, 0x15, 0x15, 0x15, 0x1e, 0x18, 0x18, 0x18, 
	0x52, 0x52, 0x53, 0x51, 0x54, 0x46, 0x46, 0x49, 
	0x46, 0x3c, 0x46, 0x36, 0x36, 0x4b, 0x55, 0x4f, 
	0x4a, 0x4a, 0x4d, 0x4d, 0x4d, 0x4c, 0x4d, 0x4a, 
	0x4a, 0x25, 0x45, 0x47, 0x2e, 0x18, 0x2e, 0x2e, 
	0x56, 0x56, 0x57, 0x58, 0x59, 0x5a, 0x5a, 0x53, 
	0x51, 0x53, 0x3f, 0x3f, 0x41, 0x46, 0x46, 0x49, 
	0x4b, 0x4f, 0x4a, 0x4a, 0x4a, 0x4a, 0x2d, 0x2d, 
	0x2f, 0x2f, 0x27, 0x26, 0x26, 0x26, 0x27, 0x27, 
	0x5b, 0x5b, 0x5b, 0x5b, 0x5b, 0x5b, 0x5c, 0x5d, 
	0x5e, 0x5e, 0x5f, 0x5f, 0x60, 0x60, 0x60, 0x3f, 
	0x46, 0x61, 0x4f, 0x4a, 0x62, 0x62, 0x4f, 0x27, 
	0x4b, 0x36, 0x36, 0x63, 0x28, 0x28, 0x30, 0x28, 
	0x5b, 0x5b, 0x64, 0x5b, 0x5b, 0x5b, 0x65, 0x5d, 
	0x5c, 0x5c, 0x66, 0x5f, 0x5a, 0x5a, 0x5a, 0x39, 
	0x3f, 0x46, 0x61, 0x4f, 0x2d, 0x4b, 0x36, 0x36, 
	0x67, 0x3c, 0x3c, 0x3c, 0x3c, 0x3c, 0x32, 0x32, 
	0x64, 0x64, 0x68, 0x64, 0x64, 0x64, 0x5b, 0x5b, 
	0x5d, 0x5d, 0x5d, 0x57, 0x56, 0x56, 0x56, 0x56, 
	0x5f, 0x5a, 0x3f, 0x49, 0x49, 0x49, 0x46, 0x69, 
	0x69, 0x39, 0x39, 0x43, 0x43, 0x43, 0x42, 0x42, 
	0x64, 0x64, 0x68, 0x68, 0x64, 0x64, 0x64, 0x5b, 
	0x64, 0x64, 0x5b, 0x5b, 0x5b, 0x65, 0x5b, 0x5d, 
	0x5d, 0x5c, 0x59, 0x52, 0x51, 0x51, 0x5a, 0x5f, 
	0x56, 0x5c, 0x5c, 0x6a, 0x6b, 0x5f, 0x39, 0x6b, 
	0x64, 0x64, 0x64, 0x64, 0x64, 0x6c, 0x57, 0x57, 
	0x57, 0x57, 0x58, 0x56, 0x57, 0x5d, 0x5b, 0x5b, 
	0x5b, 0x5b, 0x56, 0x56, 0x6d, 0x6d, 0x56, 0x5c, 
	0x5b, 0x65, 0x65, 0x65, 0x6e, 0x56, 0x6a, 0x6a, 
	0x6c, 0x6c, 0x6c, 0x6c, 0x6c, 0x6f, 0x70, 0x59, 
	0x71, 0x52, 0x52, 0x60, 0x66, 0x6f, 0x5d, 0x64, 
	0x64, 0x68, 0x68, 0x5b, 0x5b, 0x5b, 0x64, 0x72, 
	0x68, 0x73, 0x73, 0x68, 0x72, 0x72, 0x72, 0x5b, 
	0x6f, 0x6f, 0x70, 0x70, 0x70, 0x74, 0x75, 0x52, 
	0x51, 0x52, 0x76, 0x52, 0x59, 0x56, 0x5c, 0x64, 
	0x5b, 0x68, 0x68, 0x68, 0x5b, 0x5b, 0x68, 0x68, 
	0x72, 0x77, 0x77, 0x73, 0x72, 0x72, 0x72, 0x72, 
	0x78, 0x78, 0x79, 0x79, 0x52, 0x7a, 0x52, 0x52, 
	0x76, 0x52, 0x52, 0x59, 0x70, 0x66, 0x5d, 0x5d, 
	0x5d, 0x5d, 0x5d, 0x5b, 0x5b, 0x5b, 0x5b, 0x68, 
	0x68, 0x68, 0x68, 0x72, 0x72, 0x72, 0x72, 0x72, 
	0x7b, 0x7b, 0x7b, 0x7c, 0x7d, 0x7d, 0x7d, 0x7d, 
	0x76, 0x52, 0x7e, 0x74, 0x70, 0x5e, 0x7f, 0x5d, 
	0x70, 0x5c, 0x57, 0x5d, 0x5b, 0x5b, 0x5b, 0x64, 
	0x68, 0x72, 0x72, 0x72, 0x5b, 0x5b, 0x65, 0x65, 
	0x80, 0x80, 0x80, 0x81, 0x82, 0x83, 0x7d, 0x79, 
	0x76, 0x76, 0x7a, 0x59, 0x66, 0x70, 0x70, 0x66, 
	0x5f, 0x59, 0x59, 0x56, 0x56, 0x57, 0x5b, 0x64, 
	0x5b, 0x5b, 0x5b, 0x5b, 0x5b, 0x5b, 0x5c, 0x5b, 
	0x80, 0x80, 0x84, 0x81, 0x85, 0x83, 0x7d, 0x79, 
	0x86, 0x87, 0x87, 0x76, 0x51, 0x59, 0x59, 0x59, 
	0x53, 0x52, 0x52, 0x59, 0x59, 0x57, 0x56, 0x5d, 
	0x5d, 0x5d, 0x5d, 0x5d, 0x5d, 0x5d, 0x5d, 0x64, 
	0x80, 0x80, 0x88, 0x88, 0x81, 0x83, 0x7d, 0x79, 
	0x87, 0x7d, 0x83, 0x83, 0x87, 0x52, 0x60, 0x71, 
	0x51, 0x51, 0x51, 0x60, 0x59, 0x59, 0x66, 0x7f, 
	0x5e, 0x5c, 0x5c, 0x5d, 0x5d, 0x5d, 0x5d, 0x64, 
	0x89, 0x89, 0x81, 0x82, 0x83, 0x87, 0x87, 0x87, 
	0x87, 0x83, 0x89, 0x89, 0x83, 0x7d, 0x76, 0x52, 
	0x52, 0x52, 0x52, 0x51, 0x59, 0x59, 0x59, 0x66, 
	0x66, 0x66, 0x5c, 0x7f, 0x5d, 0x5d, 0x5d, 0x5d, 
	0x83, 0x83, 0x89, 0x83, 0x87, 0x87, 0x82, 0x83, 
	0x83, 0x89, 0x89, 0x89, 0x83, 0x83, 0x7d, 0x7d, 
	0x7d, 0x52, 0x52, 0x51, 0x52, 0x52, 0x52, 0x71, 
	0x5a, 0x59, 0x74, 0x66, 0x5c, 0x5c, 0x5c, 0x5c, 
	0x89, 0x89, 0x83, 0x82, 0x8a, 0x87, 0x7d, 0x83, 
	0x83, 0x83, 0x83, 0x83, 0x83, 0x82, 0x7d, 0x52, 
	0x52, 0x52, 0x52, 0x60, 0x51, 0x51, 0x51, 0x86, 
	0x52, 0x7e, 0x59, 0x59, 0x66, 0x66, 0x66, 0x5f, 
	0x83, 0x83, 0x83, 0x83, 0x8a, 0x8a, 0x83, 0x83, 
	0x83, 0x83, 0x83, 0x83, 0x83, 0x83, 0x76, 0x52, 
	0x71, 0x71, 0x51, 0x87, 0x49, 0x49, 0x87, 0x86, 
	0x51, 0x52, 0x52, 0x52, 0x59, 0x59, 0x5a, 0x5f, 
	0x83, 0x83, 0x83, 0x83, 0x49, 0x8a, 0x8a, 0x83, 
	0x8a, 0x8a, 0x87, 0x87, 0x83, 0x87, 0x76, 0x51, 
	0x60, 0x60, 0x51, 0x83, 0x61, 0x61, 0x83, 0x41, 
	0x86, 0x52, 0x51, 0x52, 0x59, 0x59, 0x59, 0x5a, 
	0x83, 0x83, 0x83, 0x8a, 0x8a, 0x8a, 0x8a, 0x8a, 
	0x83, 0x87, 0x87, 0x87, 0x49, 0x83, 0x41, 0x76, 
	0x52, 0x60, 0x8b, 0x41, 0x83, 0x83, 0x67, 0x86, 
	0x86, 0x51, 0x51, 0x60, 0x60, 0x60, 0x5a, 0x5a, 
	0x87, 0x87, 0x46, 0x49, 0x49, 0x41, 0x41, 0x41, 
	0x67, 0x83, 0x87, 0x87, 0x83, 0x83, 0x83, 0x8a, 
	0x86, 0x76, 0x86, 0x87, 0x8a, 0x8a, 0x8a, 0x86, 
	0x51, 0x3f, 0x60, 0x60, 0x60, 0x60, 0x60, 0x60, 
	0x71, 0x71, 0x71, 0x52, 0x52, 0x60, 0x60, 0x60, 
	0x51, 0x86, 0x86, 0x86, 0x86, 0x41, 0x83, 0x8a, 
	0x86, 0x86, 0x51, 0x51, 0x86, 0x86, 0x86, 0x41, 
	0x51, 0x3f, 0x60, 0x60, 0x60, 0x60, 0x60, 0x60, 
	0x57, 0x57, 0x57, 0x56, 0x56, 0x5a, 0x6a, 0x6d, 
	0x5f, 0x5f, 0x71, 0x60, 0x51, 0x86, 0x86, 0x86, 
	0x76, 0x60, 0x59, 0x51, 0x60, 0x60, 0x60, 0x60, 
	0x60, 0x60, 0x60, 0x5a, 0x60, 0x60, 0x60, 0x43, 
	0x68, 0x68, 0x8c, 0x64, 0x5b, 0x5d, 0x5c, 0x65, 
	0x65, 0x65, 0x57, 0x56, 0x8d, 0x60, 0x60, 0x71, 
	0x8e, 0x56, 0x57, 0x8d, 0x59, 0x59, 0x5a, 0x5a, 
	0x5a, 0x6d, 0x5a, 0x5a, 0x43, 0x43, 0x60, 0x43, 
	0x73, 0x73, 0x77, 0x72, 0x8f, 0x72, 0x72, 0x90, 
	0x73, 0x73, 0x73, 0x90, 0x91, 0x92, 0x92, 0x6e, 
	0x93, 0x65, 0x92, 0x57, 0x56, 0x56, 0x6a, 0x6a, 
	0x6a, 0x6a, 0x6a, 0x39, 0x43, 0x43, 0x43, 0x43, 
	0x77, 0x77, 0x77, 0x77, 0x77, 0x72, 0x72, 0x73, 
	0x94, 0x95, 0x96, 0x96, 0x77, 0x73, 0x94, 0x91, 
	0x91, 0x5b, 0x90, 0x72, 0x8f, 0x8f, 0x65, 0x6e, 
	0x6e, 0x65, 0x6a, 0x6a, 0x97, 0x5a, 0x97, 0x97, 
	0x73, 0x73, 0x73, 0x73, 0x73, 0x77, 0x77, 0x77, 
	0x96, 0x95, 0x98, 0x98, 0x95, 0x73, 0x77, 0x73, 
	0x73, 0x72, 0x73, 0x73, 0x77, 0x77, 0x73, 0x99, 
	0x99, 0x99, 0x9a, 0x93, 0x6e, 0x56, 0x6a, 0x6a, 
	0x73, 0x73, 0x99, 0x72, 0x72, 0x72, 0x72, 0x90, 
	0x90, 0x73, 0x73, 0x73, 0x73, 0x99, 0x99, 0x99, 
	0x99, 0x99, 0x73, 0x96, 0x98, 0x98, 0x98, 0x96, 
	0x96, 0x9b, 0x99, 0x99, 0x9a, 0x90, 0x9c, 0x9c, 
	0x99, 0x99, 0x90, 0x90, 0x90, 0x72, 0x72, 0x90, 
	0x90, 0x90, 0x90, 0x90, 0x90, 0x99, 0x99, 0x99, 
	0x99, 0x99, 0x96, 0x98, 0x9d, 0x9e, 0x9e, 0x9d, 
	0x9d, 0x9f, 0xa0, 0xa0, 0x96, 0x9b, 0x99, 0x73, 
	0x9a, 0x9a, 0x9a, 0x90, 0x90, 0x90, 0x90, 0x90, 
	0x90, 0x90, 0x90, 0x90, 0x90, 0x99, 0x99, 0x99, 
	0x99, 0x99, 0x73, 0x96, 0xa0, 0x98, 0x9d, 0x9d, 
	0x9d, 0x9d, 0x9d, 0x9f, 0x9e, 0x9d, 0x9f, 0x9f, 
	0x6e, 0x6e, 0x6e, 0x9c, 0x9a, 0x9a, 0x9a, 0x99, 
	0x73, 0x73, 0x99, 0x99, 0x99, 0x99, 0x73, 0x96, 
	0x73, 0x73, 0x99, 0x99, 0x96, 0x96, 0x96, 0x98, 
	0x98, 0xa0, 0x9d, 0xa1, 0xa2, 0xa2, 0xa3, 0xa3, 
	0x93, 0x6e, 0xa4, 0x93, 0x90, 0x90, 0x9a, 0xa5, 
	0x99, 0x99, 0x99, 0x99, 0x99, 0x99, 0x96, 0x96, 
	0x96, 0x96, 0x96, 0x96, 0x9b, 0x9b, 0x96, 0xa0, 
	0xa0, 0x9f, 0xa1, 0xa1, 0xa2, 0xa2, 0xa2, 0xa2, 
	0x93, 0x90, 0x90, 0x90, 0xa5, 0x99, 0x90, 0x9a, 
	0xa4, 0xa4, 0x90, 0x90, 0x99, 0xa6, 0x96, 0xa0, 
	0xa0, 0xa0, 0x9f, 0x9f, 0x9f, 0x9f, 0x9d, 0x9e, 
	0xa1, 0xa1, 0xa1, 0xa2, 0xa7, 0xa7, 0xa7, 0xa7, 
	0x90, 0x90, 0x90, 0x73, 0x73, 0x99, 0x73, 0x9a, 
	0xa8, 0xa8, 0xa4, 0x9a, 0xa5, 0xa9, 0x9b, 0xa0, 
	0xa0, 0x9d, 0x9d, 0x9d, 0xaa, 0xaa, 0xa1, 0xa1, 
	0xa1, 0xa2, 0xa2, 0xa2, 0xab, 0xab, 0xab, 0xab, 
	0x91, 0x91, 0x91, 0xac, 0x9b, 0x9b, 0x9b, 0x99, 
	0x9a, 0xa4, 0xa4, 0x91, 0x99, 0x96, 0x9b, 0xad, 
	0xad, 0xa0, 0x9f, 0x9f, 0x9f, 0x9f, 0x9d, 0x9d, 
	0x9d, 0xa1, 0xa1, 0xaa, 0xa2, 0xa2, 0xa2, 0xa2, 
	0xae, 0xae, 0xaf, 0xb0, 0xb1, 0x96, 0xad, 0xa0, 
	0x9b, 0x9b, 0xb2, 0x9b, 0x96, 0x96, 0x96, 0x9b, 
	0x9b, 0x9b, 0x9b, 0x9b, 0xb2, 0xb2, 0xb2, 0xb2, 
	0xb2, 0x9b, 0x9b, 0xad, 0xad, 0xad, 0xa0, 0xa0, 
	0xb3, 0xb4, 0xae, 0xb5, 0xac, 0x9b, 0xad, 0xad, 
	0x96, 0x96, 0x9b, 0x96, 0xad, 0xad, 0xad, 0x9b, 
	0x9b, 0x9b, 0xb2, 0xb2, 0xb2, 0xb2, 0xb2, 0xb2, 
	0xa5, 0xa5, 0xa5, 0xb2, 0xb2, 0xb2, 0x9b, 0x9b, 
	0xb3, 0xb4, 0xae, 0xb5, 0xac, 0xa5, 0x9b, 0xb2, 
	0xb2, 0xb2, 0xb2, 0x9b, 0x9b, 0xad, 0xad, 0xad, 
	0xad, 0xad, 0xb6, 0xb6, 0xb6, 0xb6, 0x9f, 0xb7, 
	0xb6, 0xad, 0xad, 0xad, 0xb6, 0x9b, 0x9b, 0x9b, 
	0xb3, 0xb4, 0xae, 0xb8, 0xb0, 0xac, 0xa5, 0xa5, 
	0xa5, 0xa5, 0xb9, 0xb2, 0xb2, 0xad, 0xad, 0xb7, 
	0xb7, 0xad, 0xba, 0xba, 0xb7, 0xba, 0xa1, 0xaa, 
	0xbb, 0xb7, 0xb7, 0xb7, 0xad, 0xad, 0xb2, 0xb2, 
	0xb3, 0xb3, 0xae, 0xb8, 0xbc, 0xbd, 0xbd, 0xbe, 
	0xbf, 0xbf, 0xbf, 0xbf, 0xac, 0xc0, 0xad, 0xad, 
	0xb7, 0xb7, 0xb7, 0xb7, 0xb7, 0xaa, 0xaa, 0xaa, 
	0xc1, 0xba, 0xb7, 0xb7, 0xb7, 0xb7, 0xb6, 0xb6, 
	0xb3, 0xc2, 0xc3, 0xc3, 0xc3, 0xc4, 0xbc, 0xc5, 
	0xc6, 0xc6, 0xc6, 0xbf, 0xbf, 0xbf, 0xb2, 0xb6, 
	0xad, 0xad, 0xb7, 0xb7, 0xb7, 0xb7, 0xb7, 0xb7, 
	0xba, 0xba, 0xb7, 0xb7, 0xb7, 0xb7, 0xb7, 0xb7, 
	0xc2, 0xc7, 0xc3, 0xc2, 0xc2, 0xc7, 0xc8, 0xc3, 
	0xbc, 0xbc, 0xc9, 0xc6, 0xc6, 0xbf, 0xb9, 0xca, 
	0xb2, 0xad, 0xb7, 0xb7, 0xb7, 0xcb, 0xb6, 0xb2, 
	0xcc, 0xb6, 0xba, 0xb7, 0xc1, 0xaa, 0xb7, 0xb7, 
	0xb4, 0xb4, 0xb4, 0xb4, 0xcd, 0xcd, 0xcd, 0xae, 
	0xce, 0xce, 0xb8, 0xb8, 0xc6, 0xb9, 0xcf, 0xcf, 
	0xca, 0xca, 0xb6, 0xb7, 0xad, 0xad, 0xb2, 0xca, 
	0xb6, 0xba, 0xba, 0xba, 0xc1, 0xc1, 0xaa, 0xaa, 
	0xb3, 0xb3, 0xd0, 0xd1, 0xd1, 0xc2, 0xc7, 0xd1, 
	0xc8, 0xc8, 0xc8, 0xc8, 0xd2, 0xd3, 0xd3, 0xd4, 
	0xd5, 0xd5, 0xd5, 0xd6, 0xd7, 0xd8, 0xd8, 0xd8, 
	0xd9, 0xda, 0xda, 0xdb, 0xda, 0xdc, 0xdd, 0xdd, 
	
};

Gfx maple_treewway_dl_Skybox5_ci8_pal_rgba16_aligner[] = {gsSPEndDisplayList()};
u8 maple_treewway_dl_Skybox5_ci8_pal_rgba16[] = {
	0x9b, 0x75, 0xa3, 0x75, 0xab, 0x73, 0xab, 0xb3, 
	0xab, 0x75, 0xab, 0xb7, 0xab, 0xf9, 0xab, 0xb9, 
	0xab, 0xf7, 0xb3, 0xf9, 0xb3, 0xf7, 0xbb, 0xf5, 
	0xb3, 0xb7, 0xb3, 0xb5, 0xb3, 0xf5, 0xa3, 0x73, 
	0xab, 0xb5, 0xb3, 0xb3, 0xbb, 0xf3, 0xbb, 0xb7, 
	0x9b, 0xb5, 0xb3, 0xb1, 0xc3, 0xb3, 0xc3, 0xf3, 
	0xc3, 0xf1, 0xa3, 0xb5, 0xa3, 0xb3, 0xbb, 0xb1, 
	0xcb, 0xf1, 0xcb, 0xf3, 0xbb, 0xb3, 0xc3, 0xb1, 
	0xc3, 0xaf, 0xd4, 0x31, 0xd3, 0xf1, 0xcc, 0x31, 
	0xb3, 0x73, 0xbb, 0xaf, 0xcb, 0xef, 0xcb, 0xed, 
	0xd4, 0x2d, 0xd4, 0x2f, 0xdc, 0x31, 0xd3, 0xef, 
	0xcc, 0x2f, 0xc3, 0xad, 0xc3, 0xef, 0xc3, 0xed, 
	0xd3, 0xed, 0xdb, 0xed, 0xdc, 0x2d, 0xe4, 0x2d, 
	0xdc, 0x2f, 0xe4, 0x6d, 0xd3, 0xeb, 0xec, 0x6d, 
	0xec, 0x6b, 0xec, 0x69, 0xf4, 0x69, 0xdb, 0xeb, 
	0xdc, 0x2b, 0xe4, 0x2b, 0xf4, 0x6b, 0xe4, 0x29, 
	0xfc, 0xab, 0xdc, 0x29, 0xe4, 0x6b, 0xe4, 0x69, 
	0xfc, 0xa9, 0xbb, 0xef, 0xdb, 0xe9, 0xbb, 0xf1, 
	0xab, 0xb1, 0xd3, 0xe9, 0xbb, 0xad, 0xcb, 0xeb, 
	0xb3, 0xaf, 0xb3, 0xad, 0xb3, 0x71, 0xc3, 0xab, 
	0xab, 0x6f, 0xe4, 0x27, 0xe4, 0x25, 0xec, 0x27, 
	0xe3, 0xe9, 0xcb, 0xad, 0xf4, 0xa5, 0xf4, 0xa3, 
	0xec, 0xa3, 0xec, 0x65, 0xec, 0x67, 0xfc, 0xe3, 
	0xfc, 0xa5, 0xfc, 0xa3, 0xfc, 0x65, 0xf4, 0x67, 
	0xe4, 0x67, 0xcb, 0xe9, 0xbb, 0xab, 0xd4, 0x2b, 
	0xfc, 0xe1, 0xfc, 0xe5, 0xf4, 0x65, 0xd4, 0x29, 
	0xfd, 0x21, 0xec, 0x29, 0xf4, 0xa7, 0xf4, 0xa9, 
	0xfc, 0xa1, 0xec, 0xa7, 0xf4, 0xe7, 0xf4, 0xa1, 
	0xf4, 0x63, 0xe4, 0x65, 0xfd, 0x23, 0xfd, 0x63, 
	0xec, 0x63, 0xec, 0x21, 0xdc, 0x25, 0xfd, 0x61, 
	0xdc, 0x23, 0xe3, 0xe5, 0xe4, 0x23, 0xd3, 0xa5, 
	0xdb, 0xa5, 0xdb, 0xe5, 0xec, 0x25, 0xfc, 0x63, 
	0xcb, 0xa5, 0xcb, 0xa7, 0xd3, 0xe5, 0xd3, 0xe7, 
	0xc3, 0xa5, 0xd3, 0xa7, 0xdc, 0x27, 0xdb, 0xe7, 
	0xc3, 0xa7, 0xcb, 0xe7, 0xd4, 0x27, 0xdc, 0x69, 
	0xf5, 0x21, 0xec, 0xa5, 0xe4, 0x63, 0xf5, 0x23, 
	0xfd, 0x25, 0xf5, 0x25, 0xf4, 0xe3, 0xf4, 0xe5, 
	0xf5, 0x63, 0xfd, 0xa1, 0xfd, 0xa3, 0xec, 0xa9, 
	0xfd, 0xe1, 0xfd, 0x65, 0xfd, 0x27, 0xfd, 0xa5, 
	0xfc, 0xe7, 0xfe, 0x21, 0xfe, 0x1f, 0xfe, 0x23, 
	0xfd, 0xe3, 0xfe, 0x61, 0xfe, 0xa1, 0xfe, 0x5f, 
	0xf5, 0x27, 0xfd, 0x67, 0xf5, 0xa5, 0xfe, 0xdf, 
	0xfc, 0xe9, 0xf5, 0x65, 0xfe, 0x63, 0xfe, 0xe1, 
	0xf5, 0x67, 0xfd, 0xe5, 0xdc, 0xa9, 0xe4, 0xa9, 
	0xed, 0x27, 0xf5, 0xa3, 0xfd, 0xa7, 0xd4, 0xab, 
	0xd4, 0xa9, 0xe4, 0xe7, 0xfd, 0xe7, 0xfe, 0x25, 
	0xe4, 0xe9, 0xfd, 0x69, 0xfe, 0x27, 0xf6, 0x65, 
	0xe5, 0x2b, 0xed, 0x29, 0xf5, 0x29, 0xf5, 0x69, 
	0xf5, 0xa7, 0xfe, 0x65, 0xd4, 0xed, 0xdc, 0xeb, 
	0xe4, 0xeb, 0xe5, 0x29, 0xed, 0x2b, 0xdc, 0xed, 
	0xdd, 0x2b, 0xe5, 0x2d, 0xfd, 0xa9, 0xf6, 0x27, 
	0xfd, 0xe9, 0xdc, 0xab, 0xdc, 0xe9, 0xfd, 0x6b, 
	0xcc, 0xa9, 0xd4, 0xeb, 0xe5, 0x6d, 0xed, 0x6d, 
	0xf5, 0xad, 0xf5, 0xab, 0xfd, 0xeb, 0xf5, 0xe9, 
	0xf5, 0xeb, 0xf6, 0x29, 0xfe, 0x29, 0xfe, 0x2b, 
	0xf6, 0xa7, 0xf6, 0xe7, 
};

Gfx maple_treewway_dl_Skybox8_ci8_aligner[] = {gsSPEndDisplayList()};
u8 maple_treewway_dl_Skybox8_ci8[] = {
	0x00, 0x00, 0x00, 0x01, 0x01, 0x01, 0x01, 0x01, 
	0x01, 0x01, 0x02, 0x01, 0x02, 0x00, 0x03, 0x03, 
	0x03, 0x03, 0x03, 0x04, 0x05, 0x05, 0x06, 0x06, 
	0x07, 0x07, 0x07, 0x07, 0x07, 0x07, 0x07, 0x08, 
	0x01, 0x00, 0x00, 0x01, 0x01, 0x01, 0x09, 0x09, 
	0x01, 0x01, 0x02, 0x01, 0x0a, 0x0a, 0x0a, 0x03, 
	0x0a, 0x04, 0x05, 0x05, 0x06, 0x06, 0x07, 0x07, 
	0x07, 0x07, 0x07, 0x07, 0x0b, 0x0c, 0x07, 0x08, 
	0x0d, 0x0e, 0x0e, 0x0f, 0x10, 0x09, 0x01, 0x01, 
	0x01, 0x11, 0x0f, 0x10, 0x10, 0x12, 0x12, 0x05, 
	0x05, 0x05, 0x06, 0x13, 0x07, 0x07, 0x0b, 0x14, 
	0x14, 0x14, 0x14, 0x14, 0x14, 0x14, 0x0b, 0x07, 
	0x0a, 0x0f, 0x0f, 0x15, 0x11, 0x11, 0x11, 0x11, 
	0x11, 0x16, 0x16, 0x16, 0x12, 0x12, 0x06, 0x06, 
	0x06, 0x07, 0x17, 0x0b, 0x0b, 0x0b, 0x0b, 0x14, 
	0x18, 0x14, 0x14, 0x14, 0x0b, 0x0b, 0x0b, 0x07, 
	0x10, 0x12, 0x11, 0x11, 0x11, 0x11, 0x11, 0x19, 
	0x16, 0x16, 0x19, 0x19, 0x08, 0x08, 0x17, 0x17, 
	0x17, 0x07, 0x0b, 0x14, 0x14, 0x1a, 0x1a, 0x18, 
	0x18, 0x14, 0x07, 0x07, 0x0b, 0x0b, 0x0b, 0x07, 
	0x19, 0x19, 0x19, 0x15, 0x11, 0x12, 0x19, 0x19, 
	0x19, 0x08, 0x06, 0x08, 0x08, 0x07, 0x07, 0x17, 
	0x07, 0x0b, 0x0b, 0x1a, 0x1a, 0x1a, 0x1a, 0x1b, 
	0x18, 0x14, 0x07, 0x07, 0x1c, 0x1c, 0x1c, 0x0b, 
	0x12, 0x19, 0x19, 0x19, 0x19, 0x19, 0x19, 0x19, 
	0x19, 0x08, 0x06, 0x08, 0x17, 0x17, 0x13, 0x13, 
	0x1c, 0x0b, 0x0b, 0x0b, 0x0b, 0x1d, 0x1d, 0x0b, 
	0x0b, 0x0b, 0x07, 0x07, 0x07, 0x07, 0x0b, 0x0b, 
	0x12, 0x19, 0x19, 0x12, 0x19, 0x19, 0x19, 0x19, 
	0x19, 0x06, 0x06, 0x06, 0x17, 0x17, 0x13, 0x13, 
	0x1e, 0x1c, 0x0b, 0x0b, 0x0b, 0x1c, 0x1c, 0x1c, 
	0x1c, 0x07, 0x07, 0x07, 0x07, 0x07, 0x07, 0x0b, 
	0x12, 0x19, 0x19, 0x12, 0x19, 0x19, 0x19, 0x19, 
	0x19, 0x06, 0x06, 0x17, 0x17, 0x17, 0x1e, 0x1e, 
	0x1e, 0x1c, 0x1c, 0x0b, 0x0b, 0x1e, 0x1e, 0x13, 
	0x17, 0x17, 0x07, 0x07, 0x07, 0x07, 0x07, 0x0b, 
	0x06, 0x19, 0x19, 0x08, 0x08, 0x08, 0x06, 0x06, 
	0x06, 0x06, 0x17, 0x13, 0x17, 0x1e, 0x1c, 0x1c, 
	0x1c, 0x1c, 0x1c, 0x1c, 0x0b, 0x17, 0x07, 0x17, 
	0x17, 0x07, 0x07, 0x07, 0x07, 0x07, 0x07, 0x0b, 
	0x08, 0x08, 0x08, 0x08, 0x06, 0x06, 0x06, 0x06, 
	0x17, 0x17, 0x13, 0x13, 0x1c, 0x0b, 0x1c, 0x1c, 
	0x1c, 0x1c, 0x0b, 0x1c, 0x0b, 0x17, 0x07, 0x17, 
	0x17, 0x07, 0x0b, 0x0b, 0x07, 0x07, 0x07, 0x0b, 
	0x06, 0x06, 0x06, 0x17, 0x07, 0x07, 0x13, 0x13, 
	0x13, 0x13, 0x13, 0x17, 0x17, 0x0b, 0x1c, 0x1c, 
	0x1c, 0x1c, 0x1c, 0x1e, 0x0b, 0x0b, 0x0b, 0x07, 
	0x07, 0x07, 0x0b, 0x0b, 0x0b, 0x07, 0x07, 0x07, 
	0x17, 0x06, 0x06, 0x17, 0x17, 0x17, 0x17, 0x17, 
	0x17, 0x17, 0x17, 0x17, 0x1c, 0x0b, 0x0b, 0x0b, 
	0x1c, 0x1c, 0x1c, 0x1c, 0x0b, 0x0b, 0x14, 0x0b, 
	0x0b, 0x0b, 0x0b, 0x0b, 0x0b, 0x07, 0x07, 0x07, 
	0x13, 0x13, 0x13, 0x17, 0x17, 0x17, 0x17, 0x17, 
	0x17, 0x17, 0x17, 0x0b, 0x1c, 0x0b, 0x0b, 0x0b, 
	0x0b, 0x0b, 0x0b, 0x0b, 0x0b, 0x1a, 0x14, 0x14, 
	0x14, 0x14, 0x0b, 0x0b, 0x0b, 0x07, 0x07, 0x0c, 
	0x17, 0x13, 0x13, 0x1e, 0x1c, 0x1c, 0x1c, 0x1c, 
	0x1c, 0x0b, 0x0b, 0x0b, 0x0b, 0x0b, 0x0b, 0x0b, 
	0x0b, 0x0b, 0x14, 0x1a, 0x1a, 0x1b, 0x1b, 0x14, 
	0x0b, 0x0b, 0x0b, 0x0b, 0x07, 0x07, 0x07, 0x0c, 
	0x13, 0x1e, 0x1e, 0x1c, 0x1c, 0x1c, 0x1c, 0x1c, 
	0x0b, 0x0b, 0x1a, 0x1a, 0x1a, 0x1a, 0x1a, 0x1a, 
	0x1d, 0x1a, 0x1b, 0x1b, 0x1b, 0x1b, 0x1b, 0x1a, 
	0x14, 0x14, 0x14, 0x14, 0x07, 0x07, 0x07, 0x0c, 
	0x1e, 0x1c, 0x1c, 0x1c, 0x0b, 0x0b, 0x0b, 0x0b, 
	0x1a, 0x1d, 0x1a, 0x1b, 0x1b, 0x1b, 0x1a, 0x1a, 
	0x1a, 0x1b, 0x1f, 0x1f, 0x1f, 0x1f, 0x20, 0x1b, 
	0x14, 0x14, 0x14, 0x14, 0x07, 0x07, 0x07, 0x0c, 
	0x1e, 0x21, 0x21, 0x22, 0x1d, 0x1d, 0x1a, 0x1a, 
	0x1a, 0x1b, 0x1b, 0x1f, 0x1f, 0x1f, 0x1f, 0x1f, 
	0x1b, 0x1b, 0x1f, 0x23, 0x23, 0x23, 0x24, 0x20, 
	0x1b, 0x1b, 0x18, 0x14, 0x0c, 0x0c, 0x0c, 0x0c, 
	0x21, 0x1d, 0x1d, 0x1d, 0x1d, 0x25, 0x1f, 0x1f, 
	0x1f, 0x1f, 0x1f, 0x1f, 0x1f, 0x20, 0x20, 0x20, 
	0x20, 0x20, 0x23, 0x23, 0x23, 0x23, 0x20, 0x20, 
	0x1b, 0x26, 0x26, 0x18, 0x27, 0x27, 0x27, 0x27, 
	0x28, 0x29, 0x29, 0x29, 0x25, 0x1f, 0x1f, 0x1f, 
	0x20, 0x20, 0x20, 0x1f, 0x1f, 0x24, 0x24, 0x24, 
	0x24, 0x24, 0x23, 0x20, 0x20, 0x20, 0x20, 0x1b, 
	0x26, 0x26, 0x26, 0x26, 0x18, 0x27, 0x27, 0x27, 
	0x29, 0x25, 0x1f, 0x1f, 0x2a, 0x2a, 0x23, 0x23, 
	0x23, 0x24, 0x24, 0x24, 0x24, 0x24, 0x24, 0x2b, 
	0x2c, 0x2b, 0x24, 0x2d, 0x20, 0x2e, 0x2e, 0x26, 
	0x18, 0x18, 0x18, 0x18, 0x18, 0x27, 0x27, 0x2f, 
	0x1f, 0x2a, 0x2a, 0x23, 0x30, 0x2b, 0x2b, 0x2b, 
	0x2c, 0x31, 0x31, 0x2c, 0x2c, 0x2c, 0x2c, 0x2c, 
	0x24, 0x24, 0x2d, 0x32, 0x2e, 0x2e, 0x26, 0x26, 
	0x33, 0x33, 0x33, 0x33, 0x18, 0x33, 0x33, 0x33, 
	0x2a, 0x23, 0x30, 0x2b, 0x31, 0x31, 0x34, 0x34, 
	0x35, 0x35, 0x35, 0x36, 0x35, 0x35, 0x37, 0x38, 
	0x24, 0x39, 0x2e, 0x26, 0x26, 0x26, 0x26, 0x33, 
	0x27, 0x27, 0x33, 0x33, 0x27, 0x33, 0x33, 0x33, 
	0x23, 0x30, 0x2b, 0x31, 0x35, 0x34, 0x34, 0x3a, 
	0x35, 0x35, 0x35, 0x3a, 0x35, 0x37, 0x38, 0x24, 
	0x20, 0x32, 0x2e, 0x26, 0x26, 0x26, 0x26, 0x33, 
	0x33, 0x33, 0x33, 0x33, 0x26, 0x26, 0x26, 0x33, 
	0x2b, 0x31, 0x31, 0x34, 0x3a, 0x3a, 0x3a, 0x3a, 
	0x35, 0x35, 0x35, 0x31, 0x2c, 0x39, 0x32, 0x3b, 
	0x3b, 0x3b, 0x26, 0x26, 0x26, 0x3b, 0x3b, 0x3b, 
	0x3b, 0x3b, 0x26, 0x26, 0x26, 0x3b, 0x3b, 0x3b, 
	0x3c, 0x3a, 0x3a, 0x3d, 0x3d, 0x3a, 0x3a, 0x3a, 
	0x35, 0x35, 0x37, 0x37, 0x38, 0x26, 0x33, 0x33, 
	0x33, 0x33, 0x33, 0x26, 0x3b, 0x32, 0x32, 0x3b, 
	0x3b, 0x3b, 0x3e, 0x3e, 0x32, 0x32, 0x3e, 0x39, 
	0x31, 0x3a, 0x3a, 0x3a, 0x3a, 0x3a, 0x3a, 0x35, 
	0x35, 0x37, 0x37, 0x3f, 0x2d, 0x3b, 0x26, 0x26, 
	0x3b, 0x26, 0x3b, 0x32, 0x3e, 0x39, 0x39, 0x40, 
	0x3e, 0x3e, 0x3e, 0x3e, 0x39, 0x39, 0x41, 0x39, 
	0x31, 0x34, 0x3a, 0x3a, 0x35, 0x35, 0x35, 0x37, 
	0x37, 0x37, 0x3f, 0x41, 0x3e, 0x3b, 0x3b, 0x3b, 
	0x3b, 0x3b, 0x3e, 0x39, 0x41, 0x3f, 0x3f, 0x42, 
	0x42, 0x42, 0x41, 0x41, 0x3f, 0x3f, 0x3f, 0x3f, 
	0x31, 0x35, 0x35, 0x35, 0x37, 0x3f, 0x3f, 0x37, 
	0x3f, 0x38, 0x41, 0x39, 0x39, 0x3e, 0x3e, 0x3e, 
	0x3e, 0x39, 0x41, 0x3f, 0x3f, 0x3f, 0x3f, 0x3f, 
	0x43, 0x43, 0x42, 0x42, 0x3f, 0x3f, 0x3f, 0x43, 
	0x37, 0x37, 0x37, 0x2c, 0x3f, 0x39, 0x41, 0x39, 
	0x41, 0x3f, 0x3f, 0x3f, 0x3f, 0x3f, 0x3f, 0x3f, 
	0x39, 0x3f, 0x37, 0x43, 0x43, 0x43, 0x43, 0x43, 
	0x43, 0x43, 0x44, 0x44, 0x43, 0x43, 0x43, 0x45, 
	0x37, 0x37, 0x46, 0x38, 0x2d, 0x32, 0x3e, 0x32, 
	0x39, 0x41, 0x38, 0x42, 0x3f, 0x37, 0x37, 0x37, 
	0x37, 0x43, 0x47, 0x47, 0x47, 0x47, 0x47, 0x47, 
	0x47, 0x47, 0x48, 0x48, 0x48, 0x47, 0x48, 0x48, 
	0x37, 0x37, 0x37, 0x3f, 0x2d, 0x39, 0x3e, 0x39, 
	0x39, 0x3f, 0x3f, 0x44, 0x43, 0x47, 0x35, 0x36, 
	0x49, 0x49, 0x49, 0x36, 0x49, 0x36, 0x36, 0x36, 
	0x36, 0x36, 0x49, 0x36, 0x49, 0x4a, 0x49, 0x4b, 
	0x37, 0x37, 0x37, 0x37, 0x37, 0x3f, 0x37, 0x37, 
	0x43, 0x47, 0x47, 0x48, 0x47, 0x49, 0x36, 0x4c, 
	0x4d, 0x4d, 0x4d, 0x4d, 0x4e, 0x4e, 0x4e, 0x4e, 
	0x4e, 0x4e, 0x4e, 0x4e, 0x4d, 0x4f, 0x50, 0x50, 
	0x43, 0x43, 0x43, 0x47, 0x48, 0x47, 0x47, 0x36, 
	0x49, 0x49, 0x49, 0x48, 0x47, 0x36, 0x51, 0x4d, 
	0x50, 0x50, 0x52, 0x50, 0x50, 0x4d, 0x4d, 0x4d, 
	0x4d, 0x4d, 0x53, 0x53, 0x50, 0x54, 0x54, 0x54, 
	0x36, 0x47, 0x47, 0x49, 0x49, 0x49, 0x36, 0x36, 
	0x36, 0x49, 0x49, 0x49, 0x49, 0x49, 0x55, 0x56, 
	0x4d, 0x4d, 0x4d, 0x4d, 0x4d, 0x4d, 0x50, 0x57, 
	0x57, 0x57, 0x50, 0x50, 0x54, 0x58, 0x4f, 0x4f, 
	0x36, 0x36, 0x36, 0x49, 0x49, 0x49, 0x49, 0x49, 
	0x36, 0x36, 0x49, 0x36, 0x36, 0x49, 0x4a, 0x4e, 
	0x4e, 0x4e, 0x4e, 0x4d, 0x4d, 0x50, 0x57, 0x57, 
	0x57, 0x57, 0x57, 0x57, 0x57, 0x57, 0x4f, 0x55, 
	0x49, 0x36, 0x36, 0x49, 0x49, 0x49, 0x49, 0x49, 
	0x49, 0x36, 0x36, 0x49, 0x49, 0x49, 0x49, 0x4e, 
	0x56, 0x4e, 0x4d, 0x4d, 0x4d, 0x53, 0x50, 0x59, 
	0x54, 0x50, 0x4f, 0x4f, 0x4f, 0x53, 0x5a, 0x49, 
	0x49, 0x36, 0x36, 0x49, 0x49, 0x48, 0x48, 0x48, 
	0x49, 0x49, 0x49, 0x49, 0x49, 0x49, 0x55, 0x4e, 
	0x4d, 0x4d, 0x50, 0x53, 0x53, 0x55, 0x55, 0x55, 
	0x4e, 0x4e, 0x49, 0x49, 0x49, 0x49, 0x48, 0x48, 
	0x47, 0x47, 0x47, 0x36, 0x47, 0x48, 0x48, 0x48, 
	0x49, 0x49, 0x49, 0x49, 0x49, 0x55, 0x4b, 0x4d, 
	0x53, 0x4d, 0x4f, 0x4d, 0x53, 0x4e, 0x55, 0x55, 
	0x4a, 0x4a, 0x48, 0x48, 0x48, 0x48, 0x48, 0x5b, 
	0x43, 0x43, 0x43, 0x47, 0x48, 0x48, 0x43, 0x48, 
	0x5c, 0x4a, 0x49, 0x55, 0x55, 0x55, 0x4d, 0x4d, 
	0x4d, 0x4d, 0x53, 0x4d, 0x55, 0x55, 0x55, 0x55, 
	0x55, 0x4a, 0x5c, 0x5c, 0x4a, 0x49, 0x4a, 0x5c, 
	0x5d, 0x43, 0x43, 0x44, 0x5e, 0x5e, 0x48, 0x48, 
	0x49, 0x4e, 0x4d, 0x4d, 0x4d, 0x53, 0x4d, 0x4d, 
	0x55, 0x55, 0x53, 0x53, 0x55, 0x55, 0x55, 0x55, 
	0x55, 0x4a, 0x4a, 0x4a, 0x4b, 0x55, 0x55, 0x49, 
	0x42, 0x44, 0x43, 0x44, 0x48, 0x48, 0x5f, 0x4a, 
	0x49, 0x55, 0x55, 0x55, 0x55, 0x53, 0x4d, 0x4d, 
	0x4e, 0x4e, 0x53, 0x55, 0x55, 0x55, 0x55, 0x55, 
	0x55, 0x4a, 0x60, 0x60, 0x4e, 0x4e, 0x4e, 0x49, 
	0x42, 0x44, 0x44, 0x48, 0x5b, 0x5b, 0x61, 0x49, 
	0x4a, 0x4a, 0x4a, 0x55, 0x55, 0x55, 0x4e, 0x4d, 
	0x53, 0x53, 0x53, 0x53, 0x55, 0x55, 0x55, 0x4b, 
	0x55, 0x4a, 0x4a, 0x4a, 0x4a, 0x49, 0x49, 0x48, 
	0x5d, 0x44, 0x44, 0x48, 0x4a, 0x4a, 0x4a, 0x4a, 
	0x4a, 0x4a, 0x4a, 0x4a, 0x4a, 0x4a, 0x4e, 0x53, 
	0x53, 0x53, 0x53, 0x53, 0x53, 0x55, 0x55, 0x55, 
	0x55, 0x4a, 0x4a, 0x4a, 0x4a, 0x4a, 0x4a, 0x5b, 
	0x5d, 0x44, 0x44, 0x48, 0x4a, 0x4a, 0x4a, 0x4a, 
	0x4a, 0x4a, 0x4a, 0x4a, 0x4a, 0x4a, 0x55, 0x53, 
	0x53, 0x53, 0x53, 0x55, 0x4b, 0x55, 0x55, 0x4a, 
	0x55, 0x4a, 0x4a, 0x4a, 0x4a, 0x49, 0x49, 0x36, 
	0x44, 0x44, 0x44, 0x48, 0x5f, 0x5f, 0x4a, 0x4a, 
	0x4a, 0x55, 0x4a, 0x4a, 0x4a, 0x4a, 0x55, 0x55, 
	0x55, 0x55, 0x55, 0x55, 0x55, 0x4a, 0x4a, 0x4a, 
	0x4a, 0x4a, 0x49, 0x49, 0x4a, 0x4a, 0x55, 0x55, 
	0x48, 0x48, 0x48, 0x5f, 0x4a, 0x4a, 0x5c, 0x55, 
	0x55, 0x55, 0x55, 0x55, 0x55, 0x55, 0x55, 0x55, 
	0x4a, 0x4a, 0x4a, 0x4a, 0x4a, 0x4a, 0x4a, 0x4a, 
	0x4a, 0x4a, 0x4a, 0x4a, 0x4a, 0x4a, 0x55, 0x4e, 
	0x4a, 0x4a, 0x4a, 0x4a, 0x55, 0x55, 0x55, 0x4d, 
	0x53, 0x55, 0x55, 0x62, 0x62, 0x55, 0x55, 0x55, 
	0x55, 0x55, 0x4a, 0x4a, 0x4a, 0x4a, 0x4a, 0x4a, 
	0x4a, 0x4a, 0x49, 0x49, 0x4a, 0x4a, 0x55, 0x55, 
	0x55, 0x4a, 0x4a, 0x55, 0x53, 0x53, 0x4f, 0x4f, 
	0x4f, 0x4f, 0x55, 0x55, 0x55, 0x55, 0x55, 0x55, 
	0x55, 0x55, 0x4a, 0x4a, 0x4a, 0x4a, 0x4a, 0x55, 
	0x55, 0x55, 0x55, 0x55, 0x55, 0x55, 0x55, 0x63, 
	0x55, 0x55, 0x55, 0x53, 0x53, 0x53, 0x53, 0x4f, 
	0x4f, 0x4f, 0x55, 0x55, 0x55, 0x55, 0x55, 0x55, 
	0x55, 0x55, 0x4a, 0x4a, 0x4a, 0x4a, 0x4b, 0x53, 
	0x50, 0x4f, 0x53, 0x53, 0x4f, 0x4f, 0x4f, 0x53, 
	0x55, 0x55, 0x55, 0x53, 0x53, 0x55, 0x62, 0x53, 
	0x64, 0x53, 0x55, 0x62, 0x62, 0x55, 0x55, 0x55, 
	0x4a, 0x62, 0x4a, 0x55, 0x55, 0x63, 0x53, 0x4f, 
	0x54, 0x54, 0x54, 0x54, 0x58, 0x54, 0x54, 0x58, 
	0x53, 0x53, 0x53, 0x53, 0x53, 0x55, 0x62, 0x55, 
	0x53, 0x53, 0x55, 0x62, 0x62, 0x55, 0x55, 0x55, 
	0x62, 0x62, 0x53, 0x4f, 0x4f, 0x52, 0x54, 0x54, 
	0x54, 0x54, 0x54, 0x57, 0x54, 0x57, 0x57, 0x57, 
	0x4f, 0x4f, 0x4f, 0x53, 0x53, 0x55, 0x62, 0x62, 
	0x55, 0x62, 0x55, 0x62, 0x62, 0x55, 0x62, 0x62, 
	0x53, 0x54, 0x54, 0x54, 0x54, 0x57, 0x57, 0x54, 
	0x54, 0x57, 0x57, 0x57, 0x57, 0x57, 0x57, 0x65, 
	0x57, 0x54, 0x4f, 0x53, 0x53, 0x53, 0x55, 0x55, 
	0x55, 0x4a, 0x60, 0x55, 0x4b, 0x62, 0x55, 0x53, 
	0x53, 0x54, 0x54, 0x57, 0x57, 0x59, 0x59, 0x57, 
	0x57, 0x57, 0x59, 0x66, 0x59, 0x57, 0x57, 0x57, 
	0x57, 0x54, 0x4f, 0x53, 0x62, 0x62, 0x62, 0x62, 
	0x63, 0x62, 0x67, 0x62, 0x67, 0x4f, 0x50, 0x57, 
	0x57, 0x57, 0x68, 0x69, 0x69, 0x69, 0x69, 0x59, 
	0x57, 0x57, 0x57, 0x57, 0x57, 0x57, 0x57, 0x57, 
	0x57, 0x54, 0x4f, 0x53, 0x62, 0x62, 0x55, 0x55, 
	0x55, 0x53, 0x54, 0x54, 0x57, 0x59, 0x69, 0x69, 
	0x6a, 0x6b, 0x6b, 0x6c, 0x6c, 0x6c, 0x6c, 0x69, 
	0x59, 0x57, 0x57, 0x54, 0x54, 0x54, 0x54, 0x58, 
	0x57, 0x54, 0x4f, 0x53, 0x55, 0x55, 0x55, 0x55, 
	0x67, 0x54, 0x57, 0x57, 0x59, 0x68, 0x69, 0x6d, 
	0x6e, 0x6e, 0x6e, 0x6f, 0x6f, 0x6c, 0x6c, 0x6d, 
	0x59, 0x59, 0x54, 0x70, 0x54, 0x67, 0x67, 0x53, 
	0x57, 0x57, 0x65, 0x57, 0x65, 0x65, 0x65, 0x65, 
	0x57, 0x65, 0x59, 0x68, 0x68, 0x68, 0x68, 0x69, 
	0x6d, 0x6d, 0x6d, 0x6d, 0x6d, 0x6d, 0x6d, 0x68, 
	0x59, 0x57, 0x54, 0x70, 0x54, 0x64, 0x64, 0x67, 
	0x57, 0x57, 0x65, 0x68, 0x68, 0x68, 0x68, 0x68, 
	0x68, 0x71, 0x68, 0x68, 0x71, 0x68, 0x68, 0x69, 
	0x68, 0x68, 0x59, 0x59, 0x59, 0x59, 0x59, 0x57, 
	0x57, 0x57, 0x54, 0x70, 0x54, 0x64, 0x64, 0x64, 
	0x57, 0x59, 0x59, 0x68, 0x69, 0x69, 0x69, 0x69, 
	0x69, 0x69, 0x6d, 0x6d, 0x69, 0x69, 0x68, 0x59, 
	0x57, 0x57, 0x57, 0x57, 0x57, 0x57, 0x57, 0x57, 
	0x54, 0x54, 0x54, 0x70, 0x54, 0x54, 0x54, 0x70, 
	0x57, 0x59, 0x59, 0x68, 0x68, 0x68, 0x68, 0x68, 
	0x68, 0x69, 0x6d, 0x6b, 0x6d, 0x69, 0x68, 0x59, 
	0x57, 0x57, 0x57, 0x57, 0x57, 0x57, 0x57, 0x57, 
	0x54, 0x54, 0x54, 0x54, 0x54, 0x70, 0x70, 0x70, 
	0x59, 0x59, 0x68, 0x68, 0x69, 0x69, 0x69, 0x69, 
	0x69, 0x6d, 0x6b, 0x6b, 0x6d, 0x69, 0x59, 0x57, 
	0x54, 0x54, 0x57, 0x57, 0x57, 0x54, 0x54, 0x57, 
	0x54, 0x54, 0x54, 0x54, 0x54, 0x70, 0x70, 0x54, 
	0x68, 0x68, 0x68, 0x69, 0x71, 0x68, 0x69, 0x69, 
	0x6d, 0x6d, 0x6b, 0x6b, 0x6b, 0x69, 0x68, 0x59, 
	0x65, 0x57, 0x57, 0x59, 0x57, 0x57, 0x54, 0x59, 
	0x59, 0x59, 0x68, 0x68, 0x68, 0x68, 0x59, 0x54, 
	0x59, 0x59, 0x59, 0x59, 0x68, 0x68, 0x69, 0x69, 
	0x6d, 0x69, 0x6d, 0x6d, 0x69, 0x68, 0x68, 0x59, 
	0x72, 0x6c, 0x73, 0x6f, 0x73, 0x6c, 0x6b, 0x68, 
	0x71, 0x68, 0x71, 0x71, 0x71, 0x69, 0x68, 0x68, 
	
};

Gfx maple_treewway_dl_Skybox8_ci8_pal_rgba16_aligner[] = {gsSPEndDisplayList()};
u8 maple_treewway_dl_Skybox8_ci8_pal_rgba16[] = {
	0xec, 0x71, 0xec, 0x6f, 0xec, 0xb1, 0xf4, 0xb3, 
	0xfc, 0xf3, 0xfc, 0xf1, 0xfc, 0xef, 0xfd, 0x2d, 
	0xfc, 0xed, 0xec, 0x6d, 0xf4, 0xb1, 0xfd, 0x6d, 
	0xfd, 0x2b, 0xec, 0xaf, 0xf4, 0x71, 0xf4, 0x6f, 
	0xf4, 0xaf, 0xf4, 0x6d, 0xfc, 0xaf, 0xfd, 0x31, 
	0xfd, 0x6b, 0xfc, 0x6d, 0xf4, 0xad, 0xfd, 0x2f, 
	0xfd, 0x69, 0xfc, 0xad, 0xfd, 0xab, 0xfd, 0xa9, 
	0xfd, 0x6f, 0xfd, 0xad, 0xfd, 0x71, 0xfd, 0xe9, 
	0xfd, 0xe7, 0xfd, 0xb1, 0xfd, 0xaf, 0xfe, 0x27, 
	0xfe, 0x25, 0xfd, 0xeb, 0xfd, 0x67, 0xfd, 0x29, 
	0xfd, 0xef, 0xfd, 0xed, 0xfe, 0x29, 0xfe, 0x65, 
	0xfe, 0x63, 0xfd, 0xe5, 0xfd, 0xa7, 0xf5, 0x29, 
	0xfe, 0x67, 0xfe, 0xa3, 0xfd, 0xa5, 0xfd, 0x27, 
	0xfe, 0xe3, 0xfe, 0xa1, 0xfe, 0xdf, 0xfe, 0x61, 
	0xfe, 0x23, 0xfd, 0xe3, 0xfe, 0xe1, 0xfd, 0x65, 
	0xfe, 0xa5, 0xff, 0x21, 0xfd, 0xa3, 0xfe, 0x21, 
	0xfd, 0xa1, 0xfd, 0xe1, 0xfe, 0x1f, 0xfe, 0x5f, 
	0xfe, 0x5d, 0xf6, 0x5d, 0xf6, 0x61, 0xfe, 0x9f, 
	0xfe, 0x9d, 0xfe, 0xdd, 0xfe, 0xdb, 0xf7, 0x1b, 
	0xff, 0x1f, 0xff, 0x5d, 0xff, 0x1d, 0xff, 0x9b, 
	0xff, 0x9d, 0xf6, 0xdd, 0xf7, 0x9b, 0xff, 0x5b, 
	0xff, 0xdb, 0xff, 0x1b, 0xf7, 0x1d, 0xff, 0xdd, 
	0xf7, 0xdb, 0xff, 0xdf, 0xf7, 0x5b, 0xf6, 0x9d, 
	0xf6, 0xdb, 0xfe, 0x1d, 0xfe, 0x5b, 0xfe, 0x9b, 
	0xfe, 0xd9, 0xf6, 0x9b, 0xff, 0x19, 0xf7, 0x19, 
	0xff, 0x99, 0xf7, 0xdd, 0xf7, 0xdf, 0xff, 0x59, 
	0xff, 0xe1, 0xff, 0xe3, 0xf7, 0xe3, 0xff, 0xe7, 
	0xff, 0xe9, 0xff, 0xe5, 0xf7, 0xe9, 0xff, 0xed, 
	0xff, 0xd9, 0xf7, 0xe1, 0xf7, 0xe5, 0xff, 0xeb, 
	
};

Gfx maple_treewway_dl_Skybox6_ci8_aligner[] = {gsSPEndDisplayList()};
u8 maple_treewway_dl_Skybox6_ci8[] = {
	0x00, 0x01, 0x01, 0x02, 0x02, 0x03, 0x04, 0x04, 
	0x04, 0x04, 0x05, 0x06, 0x07, 0x07, 0x08, 0x09, 
	0x09, 0x0a, 0x0b, 0x0b, 0x0c, 0x0c, 0x0c, 0x0c, 
	0x0d, 0x0e, 0x0e, 0x0e, 0x0f, 0x0f, 0x10, 0x11, 
	0x00, 0x00, 0x00, 0x00, 0x00, 0x03, 0x12, 0x12, 
	0x05, 0x05, 0x06, 0x06, 0x08, 0x07, 0x13, 0x09, 
	0x09, 0x09, 0x0b, 0x0b, 0x0b, 0x0c, 0x0c, 0x0c, 
	0x0c, 0x0e, 0x0e, 0x0f, 0x0f, 0x0f, 0x0f, 0x14, 
	0x15, 0x00, 0x00, 0x00, 0x00, 0x03, 0x04, 0x04, 
	0x06, 0x06, 0x06, 0x16, 0x08, 0x07, 0x08, 0x09, 
	0x09, 0x09, 0x17, 0x0c, 0x18, 0x18, 0x18, 0x0b, 
	0x0c, 0x0c, 0x0d, 0x19, 0x1a, 0x1a, 0x0f, 0x10, 
	0x15, 0x1b, 0x1b, 0x06, 0x06, 0x15, 0x06, 0x06, 
	0x06, 0x08, 0x08, 0x08, 0x08, 0x1c, 0x1c, 0x09, 
	0x09, 0x1d, 0x09, 0x09, 0x0c, 0x0c, 0x0c, 0x18, 
	0x0c, 0x0c, 0x19, 0x19, 0x19, 0x19, 0x0f, 0x0f, 
	0x1e, 0x15, 0x15, 0x15, 0x15, 0x15, 0x15, 0x1f, 
	0x07, 0x08, 0x07, 0x07, 0x08, 0x1d, 0x1d, 0x1d, 
	0x1d, 0x1d, 0x09, 0x09, 0x0c, 0x0c, 0x0c, 0x18, 
	0x0c, 0x19, 0x19, 0x19, 0x0f, 0x0f, 0x10, 0x10, 
	0x1e, 0x1e, 0x1e, 0x20, 0x20, 0x15, 0x15, 0x15, 
	0x07, 0x07, 0x07, 0x07, 0x1d, 0x1d, 0x1d, 0x1d, 
	0x1d, 0x1d, 0x09, 0x09, 0x17, 0x17, 0x18, 0x18, 
	0x0c, 0x21, 0x19, 0x22, 0x0f, 0x0f, 0x10, 0x10, 
	0x23, 0x24, 0x24, 0x24, 0x24, 0x1e, 0x07, 0x07, 
	0x07, 0x07, 0x07, 0x07, 0x25, 0x26, 0x27, 0x1d, 
	0x1d, 0x27, 0x28, 0x18, 0x0c, 0x0c, 0x0c, 0x18, 
	0x29, 0x19, 0x19, 0x0f, 0x10, 0x10, 0x2a, 0x2a, 
	0x2b, 0x2c, 0x2c, 0x2c, 0x2d, 0x2e, 0x1e, 0x1e, 
	0x25, 0x25, 0x25, 0x25, 0x25, 0x2f, 0x2f, 0x2f, 
	0x2f, 0x27, 0x30, 0x30, 0x18, 0x18, 0x18, 0x18, 
	0x29, 0x31, 0x0f, 0x14, 0x10, 0x10, 0x2a, 0x2a, 
	0x23, 0x23, 0x23, 0x23, 0x2c, 0x2e, 0x24, 0x24, 
	0x25, 0x25, 0x25, 0x25, 0x26, 0x2f, 0x2f, 0x2f, 
	0x2f, 0x30, 0x30, 0x30, 0x18, 0x18, 0x18, 0x18, 
	0x29, 0x31, 0x0e, 0x14, 0x10, 0x10, 0x2a, 0x2a, 
	0x23, 0x23, 0x24, 0x32, 0x32, 0x32, 0x24, 0x25, 
	0x25, 0x25, 0x25, 0x25, 0x2f, 0x33, 0x2f, 0x34, 
	0x34, 0x34, 0x35, 0x18, 0x18, 0x0c, 0x0c, 0x0c, 
	0x0c, 0x0c, 0x0f, 0x0e, 0x0f, 0x10, 0x2a, 0x2a, 
	0x24, 0x24, 0x24, 0x36, 0x36, 0x32, 0x24, 0x23, 
	0x23, 0x23, 0x23, 0x2f, 0x33, 0x33, 0x2f, 0x34, 
	0x34, 0x34, 0x35, 0x18, 0x18, 0x0c, 0x0c, 0x0c, 
	0x0c, 0x0c, 0x0f, 0x0f, 0x19, 0x19, 0x37, 0x37, 
	0x38, 0x20, 0x38, 0x32, 0x24, 0x24, 0x23, 0x23, 
	0x23, 0x39, 0x2f, 0x2f, 0x33, 0x3a, 0x3a, 0x34, 
	0x34, 0x3b, 0x30, 0x0a, 0x18, 0x0c, 0x0c, 0x3c, 
	0x3c, 0x19, 0x19, 0x19, 0x19, 0x19, 0x1a, 0x19, 
	0x20, 0x20, 0x1e, 0x24, 0x24, 0x24, 0x23, 0x23, 
	0x23, 0x33, 0x33, 0x3a, 0x3a, 0x33, 0x33, 0x34, 
	0x34, 0x2f, 0x1d, 0x09, 0x09, 0x09, 0x18, 0x35, 
	0x3c, 0x19, 0x19, 0x3d, 0x19, 0x19, 0x19, 0x19, 
	0x3e, 0x3f, 0x20, 0x25, 0x24, 0x23, 0x33, 0x33, 
	0x33, 0x3a, 0x3a, 0x3a, 0x34, 0x3a, 0x3a, 0x33, 
	0x33, 0x26, 0x1d, 0x09, 0x09, 0x18, 0x3c, 0x35, 
	0x40, 0x41, 0x21, 0x19, 0x19, 0x19, 0x19, 0x19, 
	0x3e, 0x20, 0x1e, 0x25, 0x24, 0x23, 0x42, 0x42, 
	0x3a, 0x3a, 0x3a, 0x3a, 0x3a, 0x33, 0x23, 0x2f, 
	0x2f, 0x26, 0x1d, 0x27, 0x30, 0x18, 0x35, 0x40, 
	0x43, 0x43, 0x41, 0x19, 0x19, 0x19, 0x19, 0x19, 
	0x3e, 0x1e, 0x25, 0x39, 0x23, 0x23, 0x3a, 0x3a, 
	0x3a, 0x3a, 0x44, 0x3a, 0x3a, 0x3a, 0x33, 0x2f, 
	0x2f, 0x2f, 0x2f, 0x27, 0x30, 0x30, 0x35, 0x40, 
	0x43, 0x43, 0x45, 0x21, 0x19, 0x19, 0x19, 0x19, 
	0x46, 0x25, 0x23, 0x39, 0x3a, 0x33, 0x44, 0x44, 
	0x47, 0x47, 0x48, 0x49, 0x3a, 0x3a, 0x33, 0x2f, 
	0x2f, 0x2f, 0x2f, 0x4a, 0x4a, 0x4a, 0x35, 0x40, 
	0x43, 0x43, 0x41, 0x21, 0x41, 0x41, 0x19, 0x19, 
	0x24, 0x4b, 0x23, 0x44, 0x44, 0x42, 0x3a, 0x44, 
	0x48, 0x48, 0x4c, 0x4c, 0x48, 0x4d, 0x4d, 0x33, 
	0x33, 0x2f, 0x4d, 0x4a, 0x4e, 0x4e, 0x4e, 0x4e, 
	0x4e, 0x43, 0x21, 0x21, 0x21, 0x21, 0x21, 0x19, 
	0x24, 0x4b, 0x2b, 0x3a, 0x3a, 0x44, 0x33, 0x44, 
	0x4c, 0x4c, 0x4f, 0x4f, 0x44, 0x3a, 0x3a, 0x3a, 
	0x33, 0x34, 0x4d, 0x4a, 0x50, 0x4e, 0x51, 0x52, 
	0x52, 0x52, 0x53, 0x43, 0x43, 0x43, 0x41, 0x1a, 
	0x24, 0x33, 0x44, 0x44, 0x44, 0x42, 0x33, 0x3a, 
	0x3a, 0x3a, 0x44, 0x44, 0x3a, 0x34, 0x34, 0x34, 
	0x3a, 0x3a, 0x4d, 0x4a, 0x50, 0x54, 0x55, 0x56, 
	0x56, 0x52, 0x43, 0x43, 0x43, 0x43, 0x41, 0x41, 
	0x2c, 0x57, 0x57, 0x44, 0x44, 0x2b, 0x23, 0x23, 
	0x33, 0x33, 0x33, 0x33, 0x33, 0x2f, 0x2f, 0x34, 
	0x34, 0x4d, 0x3a, 0x50, 0x50, 0x54, 0x55, 0x55, 
	0x55, 0x56, 0x43, 0x52, 0x52, 0x43, 0x43, 0x43, 
	0x58, 0x44, 0x44, 0x44, 0x44, 0x2b, 0x2b, 0x2b, 
	0x2b, 0x2b, 0x33, 0x33, 0x33, 0x33, 0x33, 0x2f, 
	0x34, 0x4d, 0x3a, 0x50, 0x50, 0x54, 0x54, 0x55, 
	0x55, 0x55, 0x52, 0x52, 0x52, 0x56, 0x56, 0x59, 
	0x58, 0x58, 0x58, 0x58, 0x2b, 0x44, 0x2b, 0x2b, 
	0x44, 0x44, 0x44, 0x33, 0x33, 0x33, 0x33, 0x33, 
	0x34, 0x3a, 0x47, 0x4e, 0x50, 0x54, 0x54, 0x54, 
	0x55, 0x55, 0x55, 0x51, 0x55, 0x56, 0x5a, 0x5b, 
	0x4c, 0x5c, 0x4c, 0x4c, 0x58, 0x58, 0x58, 0x58, 
	0x58, 0x58, 0x58, 0x3a, 0x33, 0x33, 0x33, 0x33, 
	0x34, 0x3a, 0x47, 0x50, 0x50, 0x54, 0x5d, 0x49, 
	0x55, 0x55, 0x55, 0x55, 0x55, 0x56, 0x5a, 0x5e, 
	0x5f, 0x5f, 0x5f, 0x5f, 0x60, 0x5c, 0x5c, 0x5c, 
	0x5c, 0x5c, 0x4c, 0x44, 0x44, 0x2b, 0x2b, 0x2b, 
	0x4d, 0x3a, 0x4d, 0x4d, 0x50, 0x5d, 0x5d, 0x60, 
	0x5d, 0x55, 0x55, 0x61, 0x62, 0x62, 0x5e, 0x63, 
	0x64, 0x64, 0x65, 0x66, 0x67, 0x5f, 0x5f, 0x5f, 
	0x5f, 0x60, 0x4c, 0x4c, 0x58, 0x44, 0x44, 0x44, 
	0x44, 0x3a, 0x3a, 0x3a, 0x49, 0x49, 0x5d, 0x5d, 
	0x68, 0x69, 0x69, 0x6a, 0x5e, 0x6b, 0x6b, 0x6c, 
	0x6d, 0x6d, 0x6d, 0x6e, 0x66, 0x66, 0x6f, 0x6f, 
	0x6f, 0x70, 0x60, 0x4c, 0x58, 0x58, 0x58, 0x58, 
	0x58, 0x44, 0x44, 0x44, 0x48, 0x49, 0x60, 0x5d, 
	0x70, 0x71, 0x71, 0x6a, 0x63, 0x6b, 0x72, 0x72, 
	0x73, 0x74, 0x73, 0x73, 0x6d, 0x6d, 0x64, 0x64, 
	0x64, 0x67, 0x5f, 0x75, 0x5c, 0x5c, 0x5c, 0x4c, 
	0x4c, 0x5c, 0x58, 0x58, 0x44, 0x5c, 0x5c, 0x76, 
	0x71, 0x77, 0x77, 0x78, 0x6b, 0x72, 0x72, 0x72, 
	0x79, 0x74, 0x79, 0x79, 0x79, 0x74, 0x7a, 0x7a, 
	0x7a, 0x7b, 0x66, 0x7c, 0x75, 0x7d, 0x4c, 0x4c, 
	0x4c, 0x5c, 0x4c, 0x4c, 0x4c, 0x4c, 0x60, 0x70, 
	0x71, 0x77, 0x7e, 0x6b, 0x7f, 0x72, 0x72, 0x72, 
	0x79, 0x79, 0x80, 0x81, 0x81, 0x80, 0x74, 0x74, 
	0x74, 0x82, 0x7a, 0x66, 0x83, 0x84, 0x75, 0x75, 
	0x75, 0x75, 0x60, 0x60, 0x75, 0x75, 0x5f, 0x70, 
	0x7c, 0x7e, 0x85, 0x7f, 0x86, 0x87, 0x87, 0x87, 
	0x79, 0x88, 0x81, 0x81, 0x81, 0x81, 0x80, 0x80, 
	0x80, 0x74, 0x74, 0x7a, 0x6d, 0x89, 0x84, 0x5f, 
	0x5f, 0x75, 0x75, 0x75, 0x84, 0x5f, 0x84, 0x70, 
	0x83, 0x7e, 0x85, 0x7b, 0x86, 0x86, 0x86, 0x86, 
	0x79, 0x79, 0x80, 0x81, 0x8a, 0x8a, 0x80, 0x81, 
	0x80, 0x80, 0x79, 0x74, 0x73, 0x6e, 0x6e, 0x83, 
	0x83, 0x83, 0x84, 0x84, 0x84, 0x84, 0x6f, 0x7c, 
	0x7c, 0x66, 0x7e, 0x85, 0x7b, 0x86, 0x86, 0x86, 
	0x8b, 0x79, 0x8c, 0x81, 0x81, 0x8a, 0x8a, 0x81, 
	0x81, 0x81, 0x79, 0x79, 0x73, 0x6d, 0x6e, 0x8d, 
	0x8d, 0x6e, 0x6e, 0x66, 0x84, 0x84, 0x84, 0x6f, 
	0x6f, 0x7e, 0x7e, 0x66, 0x7b, 0x7f, 0x7b, 0x7b, 
	0x8b, 0x8e, 0x8c, 0x79, 0x81, 0x8a, 0x8f, 0x90, 
	0x81, 0x81, 0x8c, 0x79, 0x73, 0x7a, 0x73, 0x73, 
	0x73, 0x73, 0x7a, 0x6e, 0x84, 0x91, 0x84, 0x6f, 
	0x6f, 0x7e, 0x5f, 0x7e, 0x64, 0x92, 0x92, 0x92, 
	0x93, 0x8b, 0x8b, 0x8e, 0x8e, 0x8c, 0x79, 0x8c, 
	0x79, 0x79, 0x79, 0x79, 0x73, 0x73, 0x73, 0x73, 
	0x73, 0x73, 0x7a, 0x73, 0x6e, 0x6e, 0x6e, 0x66, 
	0x66, 0x6e, 0x66, 0x66, 0x7b, 0x7b, 0x7b, 0x7b, 
	0x94, 0x93, 0x93, 0x93, 0x93, 0x94, 0x93, 0x94, 
	0x73, 0x73, 0x73, 0x73, 0x8e, 0x8e, 0x8e, 0x8e, 
	0x8e, 0x74, 0x79, 0x79, 0x79, 0x79, 0x95, 0x79, 
	0x79, 0x74, 0x7a, 0x7a, 0x82, 0x82, 0x74, 0x74, 
	0x96, 0x97, 0x94, 0x8e, 0x8e, 0x94, 0x94, 0x94, 
	0x94, 0x94, 0x8e, 0x8e, 0x73, 0x73, 0x79, 0x79, 
	0x98, 0x81, 0x8a, 0x8a, 0x8a, 0x8a, 0x8a, 0x8a, 
	0x8a, 0x8a, 0x8a, 0x80, 0x80, 0x80, 0x95, 0x95, 
	0x96, 0x97, 0x97, 0x8e, 0x8e, 0x93, 0x93, 0x93, 
	0x93, 0x93, 0x8e, 0x8e, 0x8e, 0x8e, 0x79, 0x81, 
	0x81, 0x99, 0x9a, 0x9a, 0x9b, 0x9b, 0x9b, 0x9a, 
	0x9a, 0x9c, 0x9b, 0x9c, 0x9d, 0x9d, 0x9d, 0x9d, 
	0x91, 0x96, 0x97, 0x8e, 0x8e, 0x94, 0x94, 0x94, 
	0x94, 0x94, 0x8e, 0x8e, 0x8e, 0x8e, 0x79, 0x81, 
	0x81, 0x99, 0x9a, 0x9a, 0x9b, 0x9b, 0x9b, 0x9a, 
	0x9a, 0x9a, 0x9b, 0x9b, 0x9c, 0x9c, 0x9c, 0x9c, 
	0x91, 0x9e, 0x97, 0x94, 0x93, 0x94, 0x94, 0x94, 
	0x8e, 0x8e, 0x8e, 0x8e, 0x8e, 0x73, 0x73, 0x88, 
	0x88, 0x81, 0x8a, 0x9d, 0x8a, 0x8a, 0x8a, 0x9d, 
	0x9d, 0x8a, 0x8a, 0x9d, 0x9d, 0x99, 0x9f, 0x9f, 
	0x91, 0x9e, 0x96, 0x97, 0x94, 0x94, 0x73, 0x73, 
	0x8e, 0x8e, 0x73, 0x73, 0x73, 0x8e, 0x8e, 0x94, 
	0x94, 0x8e, 0x8b, 0x79, 0x79, 0x79, 0x79, 0x79, 
	0x79, 0x8c, 0x79, 0x81, 0xa0, 0x99, 0x9d, 0x9d, 
	0xa1, 0x91, 0x91, 0xa2, 0x97, 0x94, 0x94, 0x94, 
	0x8e, 0x8e, 0x73, 0x73, 0x73, 0x73, 0x73, 0x94, 
	0x94, 0x93, 0x8e, 0x8e, 0x73, 0x73, 0x74, 0x79, 
	0x79, 0x79, 0x79, 0x81, 0x9d, 0x99, 0x99, 0x99, 
	0x91, 0x89, 0x89, 0x6e, 0x6e, 0x97, 0x94, 0x94, 
	0x73, 0x73, 0x73, 0x74, 0x74, 0x74, 0x74, 0x73, 
	0x73, 0x73, 0x73, 0x73, 0x73, 0x73, 0x79, 0x79, 
	0x81, 0x80, 0x8a, 0x9d, 0x99, 0xa3, 0x9b, 0xa4, 
	0x84, 0x89, 0x89, 0x89, 0x97, 0x97, 0x94, 0x94, 
	0x73, 0x73, 0x73, 0x74, 0x74, 0x74, 0x74, 0x74, 
	0x74, 0x73, 0x73, 0x73, 0x74, 0x74, 0x79, 0x80, 
	0xa5, 0x8a, 0x99, 0x99, 0x99, 0xa3, 0xa4, 0xa6, 
	0x84, 0x6e, 0x6e, 0x66, 0x6e, 0x97, 0x94, 0x94, 
	0x73, 0x73, 0x73, 0x74, 0x74, 0x74, 0x74, 0x79, 
	0x79, 0x79, 0x79, 0x79, 0x74, 0x74, 0x79, 0x81, 
	0x81, 0x8a, 0x8a, 0x9d, 0x8a, 0xa7, 0x9b, 0xa3, 
	0x6e, 0x66, 0x6e, 0x94, 0x94, 0x94, 0x73, 0x73, 
	0x73, 0x73, 0x73, 0x73, 0x74, 0x74, 0x74, 0x74, 
	0x74, 0x74, 0x80, 0x80, 0x79, 0x79, 0x79, 0x80, 
	0x80, 0x81, 0x8a, 0x8a, 0x8a, 0x8a, 0x8a, 0x99, 
	0x6e, 0x6e, 0x7a, 0x74, 0x74, 0x73, 0x73, 0x73, 
	0x73, 0x73, 0x74, 0x74, 0x74, 0x74, 0x74, 0x74, 
	0x74, 0x95, 0x80, 0x80, 0x80, 0x80, 0x80, 0x80, 
	0x80, 0x80, 0x8a, 0x8a, 0x8a, 0x8a, 0xa5, 0xa7, 
	0x8d, 0xa8, 0x74, 0x95, 0x95, 0x74, 0x7a, 0x7a, 
	0x7a, 0x7a, 0x74, 0x74, 0x74, 0x74, 0x74, 0x74, 
	0x74, 0x95, 0x80, 0x80, 0xa5, 0xa5, 0xa5, 0x80, 
	0x80, 0x80, 0x81, 0x81, 0xa5, 0xa5, 0x9d, 0x9b, 
	0x74, 0xa9, 0x80, 0xa5, 0x8a, 0x80, 0x74, 0x74, 
	0x74, 0x74, 0x82, 0x82, 0x79, 0x95, 0x95, 0x95, 
	0x95, 0x95, 0x80, 0x95, 0xa5, 0xa5, 0xa5, 0x80, 
	0x80, 0x80, 0x80, 0x80, 0x80, 0x9d, 0x9c, 0x9a, 
	0x9f, 0x9d, 0x9c, 0x9c, 0x9c, 0x9d, 0xa5, 0xa5, 
	0xa5, 0xa5, 0x80, 0x80, 0x80, 0xa5, 0xa5, 0xa5, 
	0xa5, 0xaa, 0xa5, 0xa5, 0xa5, 0xab, 0x9d, 0xa5, 
	0xa5, 0x8a, 0x8a, 0x8a, 0xa5, 0x9d, 0x9c, 0x9a, 
	0xac, 0xac, 0xac, 0xac, 0x9a, 0x9a, 0xad, 0xad, 
	0xad, 0xae, 0x9c, 0xaf, 0x9f, 0x9d, 0x9d, 0x9f, 
	0x9f, 0x9f, 0x9f, 0x9f, 0x9f, 0x9f, 0x9d, 0x9c, 
	0x9c, 0x9b, 0xad, 0x9c, 0x9c, 0x9d, 0x9d, 0x99, 
	0xb0, 0xac, 0xac, 0xac, 0xb1, 0xb1, 0xac, 0xac, 
	0xac, 0xac, 0xac, 0x9a, 0xad, 0xad, 0xad, 0xad, 
	0xad, 0xad, 0xad, 0xad, 0x9c, 0x9c, 0xb2, 0xad, 
	0xad, 0x9a, 0xad, 0xad, 0x9c, 0x9b, 0x9b, 0x9b, 
	0xb0, 0xac, 0xac, 0xac, 0xac, 0xb3, 0xb3, 0xb3, 
	0xb4, 0xb3, 0xb5, 0xb5, 0xb5, 0xb0, 0xb0, 0xb3, 
	0xb3, 0xb6, 0xb3, 0xb3, 0xb0, 0xb0, 0xb0, 0xb0, 
	0xb1, 0xb1, 0x9a, 0x9a, 0x9a, 0x9b, 0x9a, 0xb1, 
	0xac, 0xb7, 0xac, 0xac, 0xb3, 0xb8, 0xb3, 0xb3, 
	0xb9, 0xb5, 0xb9, 0xba, 0xb9, 0xb5, 0xb5, 0xbb, 
	0xbc, 0xbb, 0xb5, 0xb5, 0xbb, 0xbb, 0xb9, 0xb5, 
	0xb3, 0xb1, 0x9a, 0xad, 0x9a, 0x9a, 0xbd, 0xbe, 
	0xbf, 0xc0, 0xbf, 0xad, 0xad, 0xb0, 0xb0, 0xb0, 
	0xb0, 0xb0, 0xb6, 0xb5, 0xb6, 0xb5, 0xb5, 0xb6, 
	0xb6, 0xb5, 0xbb, 0xbb, 0xbb, 0xbb, 0xc1, 0xbb, 
	0xb6, 0xb3, 0xb1, 0x9a, 0x9a, 0x9a, 0xb1, 0xc2, 
	0xaa, 0xab, 0xab, 0xab, 0xb2, 0xbf, 0xb7, 0xb7, 
	0xac, 0xac, 0xac, 0xb0, 0xb3, 0xb0, 0xb0, 0xb0, 
	0xb6, 0xb6, 0xb5, 0xb5, 0xc3, 0xc3, 0xc3, 0xc1, 
	0xbc, 0xb6, 0xb0, 0xb1, 0xb1, 0xb1, 0xb1, 0xc2, 
	0xc4, 0xaa, 0xaa, 0xab, 0xab, 0xc5, 0xc5, 0xbf, 
	0xbf, 0xbf, 0xad, 0xac, 0xac, 0xb0, 0xb0, 0xb0, 
	0xb0, 0xb0, 0xb5, 0xb6, 0xbb, 0xc3, 0xc3, 0xc1, 
	0xc1, 0xb6, 0xb5, 0xb3, 0xb3, 0xb3, 0xb3, 0xb3, 
	0xc4, 0xc4, 0xc4, 0xc6, 0xab, 0xab, 0xc5, 0xb2, 
	0xbf, 0xbf, 0xac, 0xac, 0xac, 0xb0, 0xb0, 0xb0, 
	0xb0, 0xac, 0xac, 0xb0, 0xb6, 0xb6, 0xb6, 0xb6, 
	0xb6, 0xb6, 0xb5, 0xbb, 0xbb, 0xbb, 0xc3, 0xc3, 
	0xc4, 0xc4, 0xc4, 0xc6, 0xab, 0xab, 0xab, 0xc5, 
	0xbf, 0xbf, 0xad, 0xac, 0xac, 0xb0, 0xb0, 0xb0, 
	0xb0, 0xac, 0xad, 0xad, 0xb0, 0xb6, 0xb0, 0xb0, 
	0xb0, 0xb5, 0xb6, 0xc1, 0xc7, 0xc7, 0xc7, 0xc7, 
	0xc6, 0xc6, 0xc6, 0xab, 0xab, 0xab, 0xab, 0xc5, 
	0xc8, 0xbf, 0xbf, 0xbf, 0xac, 0xac, 0xac, 0xac, 
	0xac, 0xac, 0xad, 0xad, 0xac, 0xb0, 0xb0, 0xb0, 
	0xb0, 0xb0, 0xb6, 0xbc, 0xc1, 0xc9, 0xc9, 0xc9, 
	0xab, 0xc6, 0xc6, 0xab, 0xab, 0xab, 0xab, 0xc5, 
	0xc5, 0xb2, 0xbf, 0xbf, 0xad, 0xad, 0xac, 0xac, 
	0xac, 0xac, 0xac, 0xac, 0xac, 0xb0, 0xb0, 0xb0, 
	0xb0, 0xb0, 0xb0, 0xb0, 0xb6, 0xbb, 0xc3, 0xc3, 
	0xc5, 0xc5, 0xc5, 0xc6, 0xc6, 0xc5, 0xab, 0xc5, 
	0xab, 0xb2, 0xb2, 0xb2, 0xbf, 0xad, 0xad, 0xad, 
	0xad, 0xac, 0xac, 0xac, 0xac, 0xb8, 0xac, 0xac, 
	0xac, 0xac, 0xac, 0xac, 0xb3, 0xb3, 0xca, 0xbb, 
	0xc0, 0xc0, 0xcb, 0xcb, 0xcb, 0xc5, 0xb2, 0xb2, 
	0xc5, 0xc5, 0xb2, 0xb2, 0xbf, 0xac, 0xac, 0xac, 
	0xac, 0xb1, 0xb1, 0xb1, 0xb3, 0xb3, 0xb3, 0xb3, 
	0xb3, 0xb3, 0xb1, 0xb1, 0xbd, 0xc2, 0xca, 0xca, 
	0xcc, 0xcd, 0xce, 0xcf, 0xcf, 0xce, 0xce, 0xce, 
	0xd0, 0xd0, 0xd0, 0xd0, 0xd1, 0xd0, 0xd0, 0xd0, 
	0xd0, 0xd2, 0xd3, 0xd3, 0xd4, 0xd4, 0xd5, 0xd5, 
	0xd5, 0xd6, 0xd7, 0xd7, 0xd3, 0xb0, 0xd3, 0xb6, 
	
};

Gfx maple_treewway_dl_Skybox6_ci8_pal_rgba16_aligner[] = {gsSPEndDisplayList()};
u8 maple_treewway_dl_Skybox6_ci8_pal_rgba16[] = {
	0xab, 0xb7, 0xa3, 0xb7, 0xa3, 0xb9, 0xab, 0xb9, 
	0xab, 0xf9, 0xb3, 0xf9, 0xb3, 0xf7, 0xbb, 0xf5, 
	0xbb, 0xf7, 0xc4, 0x37, 0xc4, 0x77, 0xc4, 0x79, 
	0xcc, 0x79, 0xcc, 0x7b, 0xcc, 0xbb, 0xd4, 0xbb, 
	0xd4, 0xbd, 0xcc, 0xbf, 0xab, 0xf7, 0xbc, 0x37, 
	0xcc, 0xbd, 0xb3, 0xb5, 0xbc, 0x35, 0xc4, 0x39, 
	0xcc, 0x77, 0xd4, 0xb9, 0xdc, 0xb9, 0xb3, 0xb7, 
	0xc3, 0xf5, 0xc4, 0x35, 0xbb, 0xf3, 0xb3, 0xf5, 
	0xbb, 0xb3, 0xd4, 0xb7, 0xdc, 0xfb, 0xcb, 0xf1, 
	0xc3, 0xf1, 0xc3, 0xf3, 0xc4, 0x33, 0xcc, 0x35, 
	0xcc, 0x37, 0xcc, 0xb7, 0xd4, 0xfd, 0xcc, 0x2f, 
	0xcb, 0xef, 0xcb, 0xed, 0xc3, 0xef, 0xcc, 0x33, 
	0xcc, 0x75, 0xcc, 0xb9, 0xc3, 0xb1, 0xcc, 0x31, 
	0xd4, 0x33, 0xd4, 0x75, 0xbb, 0xb1, 0xdc, 0xbb, 
	0xbb, 0xf1, 0xcb, 0xf3, 0xd4, 0x31, 0xd4, 0x35, 
	0xd4, 0x77, 0xdc, 0xf9, 0xb3, 0xb3, 0xbb, 0xb5, 
	0xdc, 0x75, 0xdc, 0xb7, 0xd3, 0xf1, 0xdc, 0xb5, 
	0xd4, 0x2f, 0xdc, 0x77, 0xb3, 0xf1, 0xdc, 0x31, 
	0xdc, 0x2f, 0xdc, 0x6f, 0xd4, 0x73, 0xc4, 0x31, 
	0xdc, 0x2d, 0xd4, 0x71, 0xdc, 0x73, 0xd4, 0x6f, 
	0xdc, 0x71, 0xe4, 0x73, 0xdc, 0xb3, 0xd4, 0xb5, 
	0xe4, 0x71, 0xe4, 0xb1, 0xe4, 0xb3, 0xd3, 0xef, 
	0xd4, 0x2d, 0xe4, 0xf5, 0xec, 0xb3, 0xec, 0xf3, 
	0xdc, 0x6d, 0xe4, 0x6f, 0xf4, 0xf1, 0xec, 0x6b, 
	0xe4, 0x6d, 0xec, 0xb1, 0xf4, 0xb1, 0xf4, 0xef, 
	0xfc, 0xa9, 0xfc, 0x69, 0xf4, 0xa9, 0xf4, 0x6b, 
	0xec, 0x6f, 0xec, 0xaf, 0xf4, 0xaf, 0xfc, 0xed, 
	0xfd, 0x2f, 0xfc, 0xa7, 0xf4, 0xa7, 0xf4, 0x69, 
	0xec, 0x6d, 0xec, 0xad, 0xfd, 0x2d, 0xfc, 0xe5, 
	0xfd, 0x25, 0xe4, 0x6b, 0xe4, 0xad, 0xf4, 0xad, 
	0xfc, 0xad, 0xfd, 0x23, 0xfc, 0xe7, 0xfc, 0xe9, 
	0xec, 0xab, 0xdc, 0x6b, 0xf4, 0xab, 0xfc, 0xeb, 
	0xfd, 0x63, 0xfd, 0x61, 0xfd, 0x27, 0xec, 0xa9, 
	0xec, 0x69, 0xf4, 0xe9, 0xfd, 0x29, 0xfd, 0x2b, 
	0xf5, 0x23, 0xec, 0xa7, 0xfd, 0xa1, 0xfc, 0xe1, 
	0xfd, 0x21, 0xf4, 0xe7, 0xfc, 0xe3, 0xfd, 0x9f, 
	0xfd, 0x5f, 0xec, 0x67, 0xfc, 0xab, 0xfc, 0xa3, 
	0xfc, 0xa5, 0xfd, 0x65, 0xf4, 0x65, 0xf4, 0xa5, 
	0xf5, 0x21, 0xfd, 0xdf, 0xfe, 0x5f, 0xfe, 0x1f, 
	0xfe, 0x21, 0xfd, 0xe1, 0xec, 0x65, 0xfd, 0xe3, 
	0xf5, 0xa1, 0xe4, 0x67, 0xf4, 0x67, 0xfe, 0x1d, 
	0xfe, 0x5d, 0xfd, 0xa3, 0xf6, 0x5b, 0xf5, 0xe1, 
	0xf4, 0xe5, 0xf5, 0x25, 0xfd, 0xa5, 0xfd, 0xe5, 
	0xfe, 0xa1, 0xfe, 0x61, 0xf6, 0x1f, 0xf5, 0xdf, 
	0xfe, 0xe1, 0xfe, 0x9f, 0xfe, 0x23, 0xfe, 0xdf, 
	0xf6, 0xdf, 0xff, 0x1f, 0xff, 0x21, 0xfe, 0xa3, 
	0xf6, 0xe1, 0xf7, 0x1f, 0xf7, 0x5d, 0xff, 0x5f, 
	0xff, 0x61, 0xfe, 0x9d, 0xf6, 0xdd, 0xfe, 0x63, 
	0xfe, 0x65, 0xff, 0xa1, 0xfe, 0xdd, 0xff, 0x9f, 
	0xfd, 0xa7, 0xfe, 0x25, 0xfd, 0xe7, 0xff, 0xdf, 
	0xf6, 0x23, 0xff, 0xe1, 0xff, 0x1d, 0xfe, 0x27, 
	0xf6, 0xe7, 0xfe, 0xa9, 0xfe, 0x69, 0xf6, 0x29, 
	0xfe, 0xa7, 0xf6, 0xa7, 0xfe, 0xe5, 0xf6, 0xe3, 
	0xff, 0x25, 0xff, 0x23, 0xf7, 0x25, 0xfe, 0xe3, 
	
};

Gfx maple_treewway_dl_wl_tutikabe5_rgba16_aligner[] = {gsSPEndDisplayList()};
u8 maple_treewway_dl_wl_tutikabe5_rgba16[] = {
	0x49, 0xc7, 0x49, 0xc7, 0x49, 0xc7, 0x49, 0xc7, 
	0x49, 0xc7, 0x49, 0xc7, 0x49, 0xc7, 0x49, 0xc7, 
	0x49, 0xc7, 0x49, 0xc7, 0x49, 0xc7, 0x49, 0xc7, 
	0x49, 0xc7, 0x49, 0xc7, 0x49, 0xc7, 0x49, 0xc7, 
	0x49, 0xc7, 0x49, 0xc7, 0x49, 0xc7, 0x49, 0xc7, 
	0x49, 0xc7, 0x49, 0xc7, 0x49, 0xc7, 0x49, 0xc7, 
	0x49, 0xc7, 0x49, 0xc7, 0x49, 0xc7, 0x49, 0xc7, 
	0x49, 0xc7, 0x49, 0xc7, 0x49, 0xc7, 0x49, 0xc7, 
	0x49, 0xc7, 0x49, 0xc7, 0x49, 0xc7, 0x49, 0xc7, 
	0x49, 0xc7, 0x49, 0xc7, 0x49, 0xc7, 0x49, 0xc7, 
	0x49, 0xc7, 0x49, 0xc7, 0x49, 0xc7, 0x49, 0xc7, 
	0x49, 0xc7, 0x49, 0xc7, 0x49, 0xc9, 0x49, 0xc7, 
	0x49, 0xc7, 0x41, 0xc7, 0x49, 0xc7, 0x49, 0xc7, 
	0x41, 0x87, 0x49, 0xc7, 0x49, 0xc7, 0x49, 0xc7, 
	0x49, 0xc7, 0x49, 0xc7, 0x41, 0x87, 0x49, 0xc7, 
	0x49, 0xc7, 0x49, 0xc7, 0x49, 0xc7, 0x41, 0x87, 
	0x49, 0xc7, 0x49, 0xc7, 0x49, 0xc9, 0x49, 0xc9, 
	0x49, 0xc7, 0x41, 0x87, 0x49, 0xc7, 0x52, 0x09, 
	0x52, 0x09, 0x49, 0xc7, 0x49, 0xc7, 0x41, 0x87, 
	0x49, 0xc7, 0x49, 0xc9, 0x52, 0x4d, 0x52, 0x09, 
	0x51, 0xc9, 0x41, 0x87, 0x4a, 0x0b, 0x49, 0xc9, 
	0x49, 0xc7, 0x49, 0xc7, 0x49, 0xc7, 0x49, 0xc7, 
	0x49, 0xc7, 0x49, 0xc7, 0x39, 0x87, 0x49, 0xc7, 
	0x49, 0xc7, 0x49, 0xc7, 0x49, 0xc7, 0x41, 0x87, 
	0x62, 0x49, 0x6a, 0x8d, 0x62, 0x4b, 0x62, 0x4b, 
	0x49, 0xc9, 0x49, 0xc9, 0x6a, 0x8d, 0x6a, 0x8d, 
	0x62, 0x8b, 0x62, 0x8d, 0x5a, 0x4b, 0x39, 0x87, 
	0x49, 0xc7, 0x5a, 0x0b, 0x6a, 0x8d, 0x6a, 0x8d, 
	0x6a, 0x8b, 0x6a, 0x8d, 0x62, 0x8d, 0x6a, 0x8d, 
	0x62, 0x8d, 0x5a, 0x4b, 0x62, 0x4b, 0x62, 0x4d, 
	0x5a, 0x4b, 0x49, 0xc7, 0x41, 0x87, 0x49, 0xc7, 
	0x49, 0xc9, 0x4a, 0x09, 0x51, 0xc7, 0x49, 0xc7, 
	0x6a, 0x8b, 0x62, 0x49, 0x62, 0x49, 0x6a, 0x8b, 
	0x6a, 0x8d, 0x5a, 0x4b, 0x5a, 0x07, 0x5a, 0x07, 
	0x5a, 0x07, 0x5a, 0x07, 0x5a, 0x4b, 0x41, 0x87, 
	0x5a, 0x4b, 0x5a, 0x07, 0x5a, 0x07, 0x5a, 0x09, 
	0x62, 0x49, 0x5a, 0x07, 0x5a, 0x09, 0x5a, 0x09, 
	0x5a, 0x09, 0x62, 0x4b, 0x5a, 0x09, 0x5a, 0x49, 
	0x62, 0x4b, 0x5a, 0x4d, 0x52, 0x0b, 0x62, 0x8d, 
	0x62, 0x8d, 0x6a, 0x8d, 0x6a, 0x8b, 0x6a, 0x4b, 
	0x5a, 0x07, 0x5a, 0x07, 0x5a, 0x07, 0x5a, 0x07, 
	0x6a, 0x8b, 0x5a, 0x07, 0x5a, 0x07, 0x5a, 0x07, 
	0x5a, 0x07, 0x5a, 0x07, 0x5a, 0x09, 0x5a, 0x09, 
	0x5a, 0x09, 0x5a, 0x07, 0x5a, 0x07, 0x5a, 0x07, 
	0x5a, 0x07, 0x5a, 0x07, 0x5a, 0x49, 0x5a, 0x07, 
	0x5a, 0x07, 0x5a, 0x07, 0x5a, 0x07, 0x5a, 0x09, 
	0x5a, 0x07, 0x5a, 0x4d, 0x62, 0x8d, 0x5a, 0x07, 
	0x5a, 0x07, 0x62, 0x49, 0x62, 0x09, 0x62, 0x49, 
	0x5a, 0x07, 0x5a, 0x07, 0x5a, 0x07, 0x5a, 0x07, 
	0x5a, 0x07, 0x5a, 0x07, 0x5a, 0x07, 0x5a, 0x07, 
	0x5a, 0x07, 0x5a, 0x07, 0x5a, 0x07, 0x6a, 0x8d, 
	0x5a, 0x09, 0x5a, 0x07, 0x5a, 0x07, 0x5a, 0x07, 
	0x5a, 0x07, 0x5a, 0x07, 0x5a, 0x07, 0x5a, 0x07, 
	0x5a, 0x09, 0x5a, 0x07, 0x5a, 0x07, 0x5a, 0x09, 
	0x5a, 0x07, 0x62, 0x4b, 0x5a, 0x09, 0x5a, 0x07, 
	0x5a, 0x09, 0x5a, 0x07, 0x5a, 0x07, 0x5a, 0x07, 
	0x5a, 0x49, 0x5a, 0x07, 0x5a, 0x07, 0x5a, 0x07, 
	0x5a, 0x07, 0x5a, 0x07, 0x5a, 0x07, 0x5a, 0x07, 
	0x5a, 0x07, 0x5a, 0x07, 0x5a, 0x07, 0x6a, 0x8d, 
	0x5a, 0x07, 0x5a, 0x07, 0x5a, 0x07, 0x5a, 0x07, 
	0x5a, 0x07, 0x5a, 0x07, 0x5a, 0x07, 0x5a, 0x07, 
	0x5a, 0x07, 0x5a, 0x07, 0x5a, 0x07, 0x49, 0xc9, 
	0x5a, 0x07, 0x5a, 0x07, 0x5a, 0x49, 0x52, 0x07, 
	0x52, 0x09, 0x5a, 0x09, 0x5a, 0x07, 0x5a, 0x07, 
	0x5a, 0x07, 0x5a, 0x07, 0x5a, 0x07, 0x5a, 0x09, 
	0x5a, 0x07, 0x5a, 0x07, 0x5a, 0x07, 0x5a, 0x07, 
	0x5a, 0x07, 0x49, 0xc9, 0x5a, 0x07, 0x6a, 0x8b, 
	0x5a, 0x07, 0x62, 0x49, 0x5a, 0x49, 0x5a, 0x07, 
	0x62, 0x49, 0x5a, 0x07, 0x5a, 0x07, 0x5a, 0x09, 
	0x5a, 0x07, 0x5a, 0x07, 0x5a, 0x07, 0x41, 0x87, 
	0x52, 0x07, 0x5a, 0x09, 0x5a, 0x07, 0x52, 0x09, 
	0x49, 0xc9, 0x51, 0xc9, 0x5a, 0x07, 0x5a, 0x09, 
	0x5a, 0x07, 0x5a, 0x07, 0x52, 0x09, 0x52, 0x09, 
	0x5a, 0x07, 0x5a, 0x07, 0x5a, 0x07, 0x5a, 0x07, 
	0x52, 0x07, 0x41, 0x87, 0x5a, 0x07, 0x62, 0x49, 
	0x5a, 0x07, 0x5a, 0x07, 0x5a, 0x07, 0x5a, 0x07, 
	0x5a, 0x07, 0x5a, 0x07, 0x62, 0x49, 0x5a, 0x07, 
	0x5a, 0x07, 0x5a, 0x07, 0x5a, 0x07, 0x49, 0xc5, 
	0x5a, 0x07, 0x5a, 0x07, 0x5a, 0x07, 0x49, 0xc7, 
	0x41, 0x87, 0x41, 0xc7, 0x5a, 0x07, 0x5a, 0x07, 
	0x5a, 0x07, 0x5a, 0x07, 0x49, 0xc9, 0x41, 0xc9, 
	0x5a, 0x07, 0x5a, 0x07, 0x5a, 0x07, 0x5a, 0x07, 
	0x5a, 0x07, 0x41, 0x87, 0x5a, 0x07, 0x5a, 0x07, 
	0x5a, 0x47, 0x5a, 0x07, 0x5a, 0x07, 0x5a, 0x07, 
	0x5a, 0x07, 0x5a, 0x07, 0x5a, 0x07, 0x5a, 0x07, 
	0x5a, 0x07, 0x5a, 0x07, 0x62, 0x49, 0x5a, 0x07, 
	0x5a, 0x07, 0x5a, 0x07, 0x5a, 0x07, 0x49, 0xc7, 
	0x41, 0x87, 0x41, 0x87, 0x5a, 0x09, 0x5a, 0x07, 
	0x5a, 0x07, 0x5a, 0x07, 0x41, 0x87, 0x41, 0x87, 
	0x52, 0x07, 0x5a, 0x07, 0x5a, 0x07, 0x5a, 0x07, 
	0x5a, 0x07, 0x49, 0xc5, 0x5a, 0x07, 0x5a, 0x07, 
	0x5a, 0x07, 0x62, 0x09, 0x5a, 0x07, 0x5a, 0x07, 
	0x5a, 0x07, 0x5a, 0x07, 0x5a, 0x07, 0x5a, 0x07, 
	0x5a, 0x07, 0x5a, 0x07, 0x5a, 0x07, 0x5a, 0x07, 
	0x5a, 0x07, 0x5a, 0x07, 0x5a, 0x07, 0x51, 0xc7, 
	0x41, 0x87, 0x49, 0xc7, 0x5a, 0x07, 0x5a, 0x07, 
	0x5a, 0x47, 0x5a, 0x07, 0x41, 0x87, 0x41, 0x87, 
	0x5a, 0x07, 0x5a, 0x07, 0x5a, 0x07, 0x5a, 0x07, 
	0x5a, 0x07, 0x5a, 0x07, 0x5a, 0x49, 0x5a, 0x07, 
	0x62, 0x49, 0x62, 0x49, 0x62, 0x49, 0x62, 0x07, 
	0x5a, 0x07, 0x5a, 0x07, 0x5a, 0x07, 0x5a, 0x07, 
	0x5a, 0x07, 0x5a, 0x07, 0x5a, 0x07, 0x5a, 0x07, 
	0x5a, 0x07, 0x5a, 0x07, 0x5a, 0x07, 0x5a, 0x07, 
	0x51, 0xc5, 0x5a, 0x07, 0x5a, 0x07, 0x5a, 0x07, 
	0x62, 0x49, 0x5a, 0x07, 0x49, 0xc5, 0x49, 0xc5, 
	0x5a, 0x07, 0x5a, 0x07, 0x5a, 0x07, 0x5a, 0x07, 
	0x5a, 0x07, 0x5a, 0x07, 0x5a, 0x07, 0x5a, 0x47, 
	0x6a, 0x8b, 0x6a, 0x8d, 0x6a, 0x8b, 0x6a, 0x8b, 
	0x62, 0x49, 0x5a, 0x07, 0x5a, 0x07, 0x5a, 0x07, 
	0x5a, 0x07, 0x5a, 0x07, 0x52, 0x09, 0x52, 0x09, 
	0x5a, 0x07, 0x5a, 0x07, 0x5a, 0x07, 0x5a, 0x47, 
	0x5a, 0x07, 0x5a, 0x07, 0x62, 0x47, 0x6a, 0x49, 
	0x72, 0x8b, 0x62, 0x49, 0x5a, 0x07, 0x5a, 0x07, 
	0x5a, 0x07, 0x5a, 0x07, 0x5a, 0x07, 0x5a, 0x07, 
	0x5a, 0x07, 0x62, 0x47, 0x62, 0x49, 0x6a, 0x8b, 
	0x62, 0x4d, 0x5a, 0x4d, 0x62, 0x8d, 0x72, 0x8b, 
	0x6a, 0x8b, 0x62, 0x49, 0x5a, 0x07, 0x5a, 0x07, 
	0x5a, 0x07, 0x5a, 0x07, 0x41, 0xc9, 0x49, 0xc9, 
	0x5a, 0x07, 0x5a, 0x07, 0x5a, 0x07, 0x5a, 0x07, 
	0x5a, 0x07, 0x5a, 0x07, 0x6a, 0x8b, 0x72, 0x8b, 
	0x72, 0x8b, 0x72, 0x8b, 0x62, 0x49, 0x62, 0x47, 
	0x62, 0x47, 0x5a, 0x07, 0x62, 0x49, 0x6a, 0x49, 
	0x6a, 0x49, 0x6a, 0x8b, 0x6a, 0x8b, 0x62, 0x4d, 
	0x5a, 0x0b, 0x52, 0x0b, 0x5a, 0x4d, 0x6a, 0x8d, 
	0x6a, 0x8b, 0x6a, 0x8b, 0x62, 0x47, 0x5a, 0x07, 
	0x5a, 0x07, 0x52, 0x07, 0x41, 0x87, 0x41, 0xc9, 
	0x5a, 0x07, 0x62, 0x47, 0x62, 0x07, 0x62, 0x49, 
	0x62, 0x49, 0x6a, 0x8b, 0x6a, 0x8b, 0x72, 0x8b, 
	0x6a, 0x8b, 0x6a, 0x8b, 0x6a, 0x8b, 0x6a, 0x8d, 
	0x6a, 0x8b, 0x6a, 0x8b, 0x6a, 0x8b, 0x72, 0x8d, 
	0x6a, 0x8b, 0x6a, 0x8b, 0x6a, 0x8b, 0x5a, 0x4d, 
	0x6a, 0x8b, 0x6a, 0x8b, 0x5a, 0x4b, 0x6a, 0x8d, 
	0x6a, 0x8b, 0x6a, 0x8b, 0x6a, 0x8b, 0x62, 0x49, 
	0x62, 0x49, 0x5a, 0x09, 0x49, 0xc9, 0x51, 0xc9, 
	0x62, 0x49, 0x6a, 0x8b, 0x6a, 0x8b, 0x6a, 0x8b, 
	0x6a, 0x8b, 0x72, 0x8b, 0x6a, 0x8b, 0x6a, 0x8b, 
	0x6a, 0x8b, 0x6a, 0x8b, 0x6a, 0x8b, 0x6a, 0x8b, 
	0x6a, 0x8b, 0x72, 0x8b, 0x6a, 0x8b, 0x72, 0x8b, 
	0x72, 0x8b, 0x6a, 0x8b, 0x6a, 0x8d, 0x5a, 0x4b, 
	0x72, 0x8b, 0x6a, 0x8b, 0x5a, 0x4b, 0x62, 0x4d, 
	0x72, 0x8b, 0x6a, 0x8b, 0x72, 0x8b, 0x6a, 0x8b, 
	0x6a, 0x8b, 0x6a, 0x8b, 0x5a, 0x4b, 0x62, 0x4b, 
	0x6a, 0x8b, 0x6a, 0x8b, 0x6a, 0x8b, 0x6a, 0x8b, 
	0x6a, 0x8b, 0x72, 0x8b, 0x6a, 0x8b, 0x6a, 0x8b, 
	0x6a, 0x8b, 0x72, 0x8b, 0x6a, 0x8b, 0x6a, 0x8b, 
	0x6a, 0x8b, 0x72, 0x8b, 0x72, 0x8b, 0x6a, 0x8b, 
	0x6a, 0x8b, 0x6a, 0x8b, 0x6a, 0x8b, 0x5a, 0x4b, 
	0x72, 0x8b, 0x6a, 0x8b, 0x5a, 0x4b, 0x5a, 0x4d, 
	0x72, 0x8b, 0x6a, 0x8b, 0x6a, 0x8b, 0x6a, 0x8b, 
	0x72, 0x8b, 0x6a, 0x8b, 0x6a, 0x8b, 0x6a, 0x8b, 
	0x72, 0x8b, 0x6a, 0x8b, 0x6a, 0x8b, 0x72, 0x8b, 
	0x6a, 0x8b, 0x72, 0x8b, 0x72, 0x8b, 0x6a, 0x8b, 
	0x6a, 0x8b, 0x6a, 0x8b, 0x72, 0x8b, 0x6a, 0x8b, 
	0x6a, 0x8b, 0x6a, 0x8b, 0x6a, 0x8b, 0x72, 0x8b, 
	0x6a, 0x8b, 0x6a, 0x8b, 0x6a, 0x4b, 0x5a, 0x4b, 
	0x6a, 0x8b, 0x6a, 0x49, 0x5a, 0x0b, 0x5a, 0x0b, 
	0x6a, 0x8b, 0x6a, 0x8b, 0x62, 0x8d, 0x6a, 0x8b, 
	0x6a, 0x8b, 0x6a, 0x8b, 0x6a, 0x8b, 0x72, 0x8b, 
	0x6a, 0x8b, 0x6a, 0x8b, 0x5a, 0x49, 0x62, 0x49, 
	0x6a, 0x8b, 0x6a, 0x8b, 0x72, 0x8b, 0x72, 0x8b, 
	0x6a, 0x8b, 0x6a, 0x8b, 0x6a, 0x8b, 0x6a, 0x8b, 
	0x62, 0x49, 0x6a, 0x49, 0x6a, 0x49, 0x62, 0x49, 
	0x62, 0x49, 0x62, 0x49, 0x62, 0x47, 0x49, 0xc9, 
	0x62, 0x49, 0x5a, 0x07, 0x49, 0xc9, 0x52, 0x07, 
	0x62, 0x49, 0x5a, 0x49, 0x52, 0x09, 0x62, 0x4b, 
	0x62, 0x49, 0x6a, 0x8b, 0x6a, 0x8b, 0x6a, 0x8b, 
	0x6a, 0x8b, 0x5a, 0x4b, 0x72, 0xcf, 0x6a, 0x8f, 
	0x62, 0x4b, 0x72, 0x8b, 0x6a, 0x8b, 0x6a, 0x8b, 
	0x62, 0x8b, 0x62, 0x49, 0x5a, 0x49, 0x62, 0x49, 
	0x5a, 0x49, 0x5a, 0x49, 0x5a, 0x07, 0x5a, 0x07, 
	0x5a, 0x07, 0x5a, 0x47, 0x5a, 0x07, 0x41, 0x87, 
	0x4a, 0x0b, 0x52, 0x4b, 0x41, 0xc9, 0x5a, 0x09, 
	0x5a, 0x49, 0x51, 0xc7, 0x41, 0x87, 0x5a, 0x07, 
	0x5a, 0x47, 0x62, 0x47, 0x62, 0x49, 0x6a, 0x49, 
	0x62, 0x49, 0x62, 0x8d, 0x7b, 0x11, 0x7b, 0x11, 
	0x62, 0x4b, 0x6a, 0x8b, 0x6a, 0x49, 0x62, 0x49, 
	0x5a, 0x07, 0x62, 0x49, 0x5a, 0x47, 0x5a, 0x07, 
	0x5a, 0x49, 0x62, 0x49, 0x62, 0x4b, 0x5a, 0x49, 
	0x62, 0x49, 0x62, 0x49, 0x5a, 0x49, 0x51, 0xc7, 
	0x41, 0x87, 0x41, 0x89, 0x49, 0xc7, 0x5a, 0x07, 
	0x62, 0x4b, 0x5a, 0x49, 0x49, 0xc7, 0x5a, 0x49, 
	0x5a, 0x49, 0x5a, 0x07, 0x5a, 0x07, 0x62, 0x47, 
	0x5a, 0x07, 0x6a, 0x8d, 0x62, 0x49, 0x6a, 0x8d, 
	0x62, 0x4b, 0x62, 0x47, 0x62, 0x47, 0x5a, 0x07, 
	0x5a, 0x07, 0x5a, 0x07, 0x5a, 0x07, 0x5a, 0x07, 
	0x5a, 0x07, 0x5a, 0x07, 0x5a, 0x47, 0x5a, 0x07, 
	0x5a, 0x07, 0x5a, 0x07, 0x5a, 0x07, 0x5a, 0x49, 
	0x51, 0xc5, 0x49, 0xc5, 0x5a, 0x07, 0x5a, 0x07, 
	0x5a, 0x07, 0x5a, 0x07, 0x5a, 0x07, 0x5a, 0x07, 
	0x5a, 0x07, 0x5a, 0x07, 0x5a, 0x07, 0x5a, 0x07, 
	0x5a, 0x47, 0x6a, 0x8d, 0x5a, 0x07, 0x5a, 0x07, 
	0x62, 0x8b, 0x5a, 0x07, 0x5a, 0x49, 0x5a, 0x07, 
	0x5a, 0x07, 0x5a, 0x07, 0x5a, 0x07, 0x5a, 0x07, 
	0x5a, 0x07, 0x5a, 0x07, 0x5a, 0x09, 0x52, 0x09, 
	0x5a, 0x07, 0x5a, 0x07, 0x5a, 0x07, 0x5a, 0x07, 
	0x5a, 0x07, 0x5a, 0x07, 0x5a, 0x07, 0x5a, 0x07, 
	0x5a, 0x07, 0x5a, 0x07, 0x5a, 0x07, 0x5a, 0x07, 
	0x5a, 0x07, 0x5a, 0x07, 0x5a, 0x07, 0x5a, 0x07, 
	0x5a, 0x07, 0x6a, 0x8d, 0x5a, 0x07, 0x52, 0x07, 
	0x6a, 0xcd, 0x5a, 0x07, 0x5a, 0x07, 0x5a, 0x07, 
	0x5a, 0x07, 0x5a, 0x07, 0x5a, 0x07, 0x5a, 0x07, 
	0x5a, 0x07, 0x5a, 0x07, 0x52, 0x09, 0x41, 0xc9, 
	0x5a, 0x07, 0x5a, 0x07, 0x5a, 0x07, 0x5a, 0x07, 
	0x5a, 0x07, 0x5a, 0x07, 0x5a, 0x07, 0x5a, 0x07, 
	0x5a, 0x07, 0x5a, 0x07, 0x5a, 0x07, 0x5a, 0x07, 
	0x5a, 0x07, 0x5a, 0x07, 0x5a, 0x07, 0x5a, 0x07, 
	0x5a, 0x47, 0x72, 0xcf, 0x51, 0xc7, 0x5a, 0x09, 
	0x6a, 0x8b, 0x5a, 0x07, 0x5a, 0x07, 0x5a, 0x07, 
	0x62, 0x49, 0x62, 0x49, 0x62, 0x49, 0x62, 0x49, 
	0x62, 0x89, 0x62, 0x8b, 0x5a, 0x4b, 0x52, 0x0b, 
	0x62, 0x8b, 0x62, 0x49, 0x62, 0x49, 0x62, 0x8b, 
	0x62, 0x8b, 0x6a, 0x8b, 0x62, 0x8d, 0x62, 0x8d, 
	0x6a, 0x8b, 0x62, 0x8b, 0x62, 0x49, 0x62, 0x49, 
	0x5a, 0x07, 0x62, 0x49, 0x62, 0x49, 0x62, 0x49, 
	0x62, 0x49, 0x6a, 0x8d, 0x72, 0xcf, 0x72, 0xcf, 
	0x5a, 0x47, 0x5a, 0x07, 0x5a, 0x47, 0x62, 0x49, 
	0x6a, 0x8b, 0x6a, 0x8b, 0x6a, 0x8b, 0x6a, 0x8b, 
	0x62, 0x8b, 0x6a, 0xcb, 0x62, 0x8b, 0x62, 0x4b, 
	0x62, 0x8b, 0x6a, 0x8b, 0x6a, 0x8b, 0x6a, 0x8b, 
	0x6a, 0x8b, 0x6a, 0x8b, 0x5a, 0x8d, 0x5a, 0x4d, 
	0x6a, 0x8b, 0x6a, 0x8b, 0x6a, 0x8b, 0x6a, 0x8b, 
	0x62, 0x8b, 0x62, 0x8b, 0x6a, 0x8b, 0x6a, 0x8b, 
	0x62, 0x8b, 0x62, 0x89, 0x72, 0xcd, 0x6a, 0xcd, 
	0x62, 0x49, 0x62, 0x89, 0x62, 0x89, 0x62, 0x8b, 
	0x6a, 0x8b, 0x6a, 0x8b, 0x6a, 0x8b, 0x6a, 0x8b, 
	0x6a, 0x8b, 0x6a, 0x8b, 0x6a, 0xcb, 0x6a, 0x8b, 
	0x5a, 0x4b, 0x5a, 0x49, 0x6a, 0x8b, 0x6a, 0x8b, 
	0x6a, 0x8b, 0x62, 0x8b, 0x52, 0x4b, 0x52, 0x4b, 
	0x62, 0x8b, 0x6a, 0x8b, 0x6a, 0x8b, 0x6a, 0x8b, 
	0x6a, 0x8b, 0x6a, 0xcb, 0x6a, 0x8b, 0x6a, 0x8b, 
	0x62, 0x8b, 0x6a, 0x8b, 0x6a, 0x8b, 0x6a, 0x8b, 
	0x6a, 0x8b, 0x62, 0x8b, 0x6a, 0x8b, 0x6a, 0x8b, 
	0x62, 0x8b, 0x6a, 0x8b, 0x6a, 0x8b, 0x6a, 0x8b, 
	0x6a, 0x8b, 0x6a, 0x8b, 0x6a, 0x8b, 0x6a, 0x8b, 
	0x62, 0xcf, 0x62, 0x8f, 0x6a, 0x8b, 0x62, 0x8b, 
	0x6a, 0x8b, 0x62, 0x8b, 0x52, 0x4b, 0x52, 0x4d, 
	0x5a, 0x4b, 0x6a, 0x8b, 0x6a, 0x8b, 0x6a, 0x8b, 
	0x6a, 0x8b, 0x6a, 0x8b, 0x6a, 0x8b, 0x6a, 0x8b, 
	0x6a, 0x8b, 0x6a, 0x8b, 0x6a, 0x8b, 0x6a, 0x8b, 
	0x6a, 0xcd, 0x6a, 0x8b, 0x6a, 0x8b, 0x62, 0x8b, 
	0x5a, 0x47, 0x62, 0x49, 0x62, 0x89, 0x6a, 0x8b, 
	0x6a, 0x8b, 0x6a, 0x8b, 0x6a, 0x8b, 0x62, 0x8b, 
	0x6b, 0x11, 0x6b, 0x11, 0x6a, 0x8b, 0x6a, 0x8b, 
	0x6a, 0x8b, 0x62, 0x8b, 0x52, 0x4b, 0x52, 0x4b, 
	0x5a, 0x4b, 0x6a, 0xcb, 0x6a, 0x8b, 0x6a, 0x8b, 
	0x6a, 0x8d, 0x62, 0x8b, 0x6a, 0x8b, 0x6a, 0x8b, 
	0x6a, 0x8b, 0x6a, 0x8b, 0x6a, 0x8b, 0x62, 0x8d, 
	0x5a, 0x4d, 0x62, 0x8b, 0x62, 0x47, 0x5a, 0x49, 
	0x5a, 0x07, 0x5a, 0x07, 0x5a, 0x47, 0x62, 0x49, 
	0x62, 0x8b, 0x6a, 0x8b, 0x5a, 0x4b, 0x5a, 0x8d, 
	0x6b, 0x11, 0x73, 0x11, 0x5a, 0x8d, 0x5a, 0x4b, 
	0x6a, 0x8b, 0x6a, 0x8b, 0x52, 0x0b, 0x52, 0x4b, 
	0x62, 0x8b, 0x6a, 0x8b, 0x6a, 0x8b, 0x6a, 0x8b, 
	0x5a, 0x8d, 0x5a, 0x8d, 0x6a, 0x8b, 0x6a, 0x8b, 
	0x6a, 0x8b, 0x6a, 0x8b, 0x62, 0x8b, 0x5a, 0x4b, 
	0x49, 0xc9, 0x49, 0xc9, 0x5a, 0x07, 0x5a, 0x07, 
	0x5a, 0x07, 0x5a, 0x07, 0x5a, 0x07, 0x5a, 0x07, 
	0x62, 0x49, 0x62, 0x49, 0x73, 0x11, 0x6b, 0x11, 
	0x6b, 0x11, 0x6b, 0x11, 0x6b, 0x11, 0x73, 0x13, 
	0x6a, 0xcd, 0x6a, 0x8b, 0x62, 0x8b, 0x62, 0x8b, 
	0x6a, 0x8b, 0x6a, 0xcb, 0x6a, 0x8b, 0x62, 0x8b, 
	0x5a, 0x4d, 0x5a, 0x4d, 0x6a, 0x8b, 0x6a, 0x8b, 
	0x62, 0x8b, 0x62, 0x89, 0x62, 0x49, 0x41, 0xc9, 
	0x41, 0x87, 0x41, 0x87, 0x5a, 0x07, 0x5a, 0x07, 
	0x5a, 0x07, 0x5a, 0x07, 0x5a, 0x07, 0x5a, 0x07, 
	0x5a, 0x07, 0x5a, 0x07, 0x73, 0x0f, 0x6a, 0xcf, 
	0x6a, 0xcf, 0x6a, 0xd1, 0x6b, 0x11, 0x7b, 0x51, 
	0x6a, 0x8b, 0x6a, 0x8b, 0x6a, 0x8b, 0x6a, 0x8b, 
	0x6a, 0x8b, 0x6a, 0x8b, 0x6a, 0x8b, 0x5a, 0x4b, 
	0x52, 0x4b, 0x52, 0x4b, 0x62, 0x8b, 0x62, 0x49, 
	0x62, 0x47, 0x5a, 0x47, 0x5a, 0x07, 0x41, 0x87, 
	0x41, 0x87, 0x41, 0x87, 0x5a, 0x07, 0x5a, 0x07, 
	0x5a, 0x07, 0x5a, 0x07, 0x5a, 0x07, 0x5a, 0x07, 
	0x5a, 0x07, 0x5a, 0x07, 0x5a, 0x07, 0x6a, 0xcf, 
	0x62, 0xcf, 0x6a, 0xcf, 0x6a, 0xcf, 0x62, 0x47, 
	0x62, 0x49, 0x62, 0x89, 0x62, 0x8b, 0x62, 0x8b, 
	0x6a, 0x8b, 0x6a, 0x8b, 0x62, 0x8b, 0x5a, 0x4b, 
	0x52, 0x0b, 0x4a, 0x09, 0x5a, 0x49, 0x5a, 0x47, 
	0x5a, 0x07, 0x5a, 0x07, 0x5a, 0x07, 0x41, 0x87, 
	0x41, 0x87, 0x41, 0x87, 0x5a, 0x07, 0x5a, 0x07, 
	0x5a, 0x07, 0x5a, 0x07, 0x5a, 0x47, 0x52, 0x09, 
	0x5a, 0x07, 0x5a, 0x47, 0x5a, 0x07, 0x6a, 0xcf, 
	0x6a, 0xcf, 0x6a, 0xcf, 0x6a, 0xcf, 0x62, 0x47, 
	0x5a, 0x07, 0x5a, 0x07, 0x5a, 0x47, 0x62, 0x47, 
	0x5a, 0x47, 0x62, 0x49, 0x5a, 0x07, 0x5a, 0x07, 
	0x41, 0x87, 0x41, 0x87, 0x5a, 0x07, 0x5a, 0x07, 
	0x5a, 0x47, 0x5a, 0x07, 0x5a, 0x07, 0x51, 0xc5, 
	0x41, 0x85, 0x51, 0xc7, 0x5a, 0x07, 0x5a, 0x07, 
	0x5a, 0x07, 0x5a, 0x07, 0x5a, 0x07, 0x41, 0xc9, 
	0x52, 0x09, 0x5a, 0x47, 0x62, 0x49, 0x6a, 0xd1, 
	0x73, 0x11, 0x73, 0x11, 0x73, 0x11, 0x6a, 0x8b, 
	0x62, 0x49, 0x62, 0x47, 0x62, 0x47, 0x5a, 0x07, 
	0x5a, 0x07, 0x5a, 0x07, 0x5a, 0x07, 0x5a, 0x07, 
	0x52, 0x07, 0x5a, 0x07, 0x5a, 0x07, 0x5a, 0x07, 
	0x5a, 0x07, 0x5a, 0x07, 0x5a, 0x07, 0x5a, 0x07, 
	0x52, 0x07, 0x5a, 0x07, 0x5a, 0x07, 0x5a, 0x07, 
	0x5a, 0x07, 0x5a, 0x07, 0x62, 0x47, 0x4a, 0x09, 
	0x62, 0x8b, 0x6a, 0xcb, 0x6a, 0xcb, 0x73, 0x53, 
	0x83, 0xd5, 0x83, 0xd5, 0x73, 0x51, 0x6a, 0xcb, 
	0x6a, 0xcb, 0x6a, 0xcb, 0x6a, 0x8b, 0x62, 0x89, 
	0x62, 0x49, 0x5a, 0x07, 0x5a, 0x07, 0x5a, 0x07, 
	0x5a, 0x07, 0x5a, 0x07, 0x5a, 0x07, 0x5a, 0x07, 
	0x5a, 0x07, 0x5a, 0x07, 0x5a, 0x47, 0x5a, 0x07, 
	0x5a, 0x07, 0x5a, 0x07, 0x5a, 0x07, 0x5a, 0x07, 
	0x5a, 0x47, 0x6a, 0xcb, 0x6a, 0xcb, 0x6a, 0xcb, 
	0x6a, 0xcb, 0x6a, 0xcb, 0x6a, 0xcb, 0x83, 0xd5, 
	0x73, 0x0d, 0x73, 0x0d, 0x83, 0xd5, 0x6a, 0xcb, 
	0x6a, 0xcb, 0x6a, 0xcb, 0x6a, 0xcb, 0x6a, 0xcb, 
	0x6a, 0xcb, 0x6a, 0x8b, 0x62, 0x49, 0x5a, 0x47, 
	0x5a, 0x47, 0x5a, 0x07, 0x5a, 0x07, 0x5a, 0x07, 
	0x51, 0xc7, 0x51, 0xc5, 0x5a, 0x07, 0x5a, 0x07, 
	0x5a, 0x07, 0x5a, 0x07, 0x5a, 0x07, 0x5a, 0x07, 
	0x6a, 0x8b, 0x6a, 0xcb, 0x72, 0xcb, 0x6a, 0xcb, 
	0x72, 0xcb, 0x72, 0xcb, 0x6a, 0xcb, 0x72, 0xcd, 
	0x72, 0xcb, 0x6a, 0xcb, 0x73, 0x0d, 0x6a, 0xcb, 
	0x6a, 0xcb, 0x72, 0xcb, 0x6a, 0xcb, 0x72, 0xcd, 
	0x72, 0xcb, 0x6a, 0xcb, 0x6a, 0xcb, 0x6a, 0x8b, 
	0x62, 0x89, 0x62, 0x47, 0x5a, 0x47, 0x5a, 0x47, 
	0x5a, 0x4b, 0x5a, 0x4b, 0x5a, 0x07, 0x5a, 0x07, 
	0x5a, 0x07, 0x5a, 0x07, 0x5a, 0x07, 0x52, 0x09, 
	0x6a, 0xcb, 0x6a, 0xcb, 0x72, 0xcd, 0x6a, 0xcb, 
	0x6a, 0xcb, 0x6a, 0xcb, 0x72, 0xcb, 0x6a, 0xcb, 
	0x6a, 0xcb, 0x6a, 0xcb, 0x6a, 0xcb, 0x72, 0xcd, 
	0x72, 0xcd, 0x72, 0xcb, 0x6a, 0xcb, 0x6a, 0xcb, 
	0x6a, 0xcb, 0x72, 0xcb, 0x6a, 0xcb, 0x72, 0xcb, 
	0x6a, 0xcb, 0x6a, 0xcb, 0x6a, 0x89, 0x62, 0x49, 
	0x6a, 0xcf, 0x62, 0x8f, 0x5a, 0x07, 0x5a, 0x47, 
	0x5a, 0x47, 0x62, 0x47, 0x5a, 0x47, 0x5a, 0x49, 
	0x72, 0xcb, 0x6a, 0xcb, 0x6a, 0xcb, 0x6a, 0xcb, 
	0x6a, 0xcb, 0x6a, 0xcb, 0x72, 0xcb, 0x6a, 0xcb, 
	0x6a, 0xcb, 0x6a, 0xcb, 0x72, 0xcb, 0x6a, 0xcb, 
	0x6a, 0xcb, 0x6a, 0xcd, 0x72, 0xcb, 0x72, 0xcb, 
	0x72, 0xcd, 0x6a, 0xcb, 0x72, 0xcb, 0x6a, 0xcb, 
	0x72, 0xcb, 0x72, 0xcb, 0x5a, 0x8b, 0x62, 0x8d, 
	0x73, 0x11, 0x73, 0x11, 0x5a, 0x8d, 0x5a, 0x49, 
	0x6a, 0x8b, 0x6a, 0xcb, 0x72, 0xcd, 0x6a, 0xcb, 
	0x6a, 0xcb, 0x72, 0xcb, 0x6a, 0xcb, 0x6a, 0xcb, 
	0x6a, 0xcb, 0x6a, 0xcb, 0x6a, 0xcb, 0x6a, 0xcb, 
	0x6a, 0xcb, 0x6a, 0xcb, 0x6a, 0xcb, 0x6a, 0x8b, 
	0x52, 0x4b, 0x5a, 0x4b, 0x6a, 0xcd, 0x6a, 0xcb, 
	0x6a, 0xcb, 0x72, 0xcb, 0x72, 0xcb, 0x72, 0xcb, 
	0x72, 0xcb, 0x6a, 0xcb, 0x7b, 0x53, 0x73, 0x51, 
	0x73, 0x11, 0x73, 0x11, 0x73, 0x51, 0x7b, 0x53, 
	0x6a, 0xcb, 0x6a, 0xcb, 0x6a, 0xcb, 0x6a, 0xcb, 
	0x6a, 0xcb, 0x6a, 0xcb, 0x6a, 0xcb, 0x6a, 0xcb, 
	0x6a, 0x89, 0x62, 0x49, 0x5a, 0x47, 0x5a, 0x4b, 
	0x6a, 0x8b, 0x6a, 0x8b, 0x62, 0x49, 0x5a, 0x49, 
	0x41, 0xc9, 0x49, 0xc9, 0x62, 0x49, 0x6a, 0x89, 
	0x6a, 0xcb, 0x72, 0xcd, 0x6a, 0xcb, 0x6a, 0xcd, 
	0x6a, 0xcd, 0x6a, 0xcb, 0x83, 0x93, 0x73, 0x11, 
	0x73, 0x11, 0x73, 0x11, 0x73, 0x11, 0x83, 0x91, 
	0x72, 0xcb, 0x6a, 0xcb, 0x6a, 0xcb, 0x6a, 0xcb, 
	0x6a, 0x89, 0x6a, 0xcb, 0x6a, 0xcb, 0x62, 0x49, 
	0x5a, 0x07, 0x5a, 0x07, 0x5a, 0x07, 0x41, 0xc9, 
	0x5a, 0x07, 0x5a, 0x07, 0x5a, 0x07, 0x5a, 0x07, 
	0x49, 0xc9, 0x41, 0xc9, 0x5a, 0x07, 0x62, 0x47, 
	0x62, 0x47, 0x62, 0x89, 0x5a, 0x8b, 0x5a, 0x4b, 
	0x5a, 0x4b, 0x62, 0x49, 0x62, 0x49, 0x6a, 0xcf, 
	0x6a, 0xcf, 0x6a, 0xcf, 0x6a, 0xcf, 0x62, 0x89, 
	0x62, 0x89, 0x62, 0x89, 0x6a, 0x89, 0x6a, 0xcb, 
	0x5a, 0x47, 0x5a, 0x07, 0x5a, 0x07, 0x5a, 0x07, 
	0x5a, 0x07, 0x5a, 0x07, 0x5a, 0x07, 0x41, 0x87, 
	0x52, 0x07, 0x5a, 0x07, 0x5a, 0x07, 0x5a, 0x07, 
	0x41, 0x87, 0x41, 0x87, 0x5a, 0x09, 0x5a, 0x07, 
	0x5a, 0x07, 0x5a, 0x07, 0x41, 0xc9, 0x41, 0x87, 
	0x41, 0xc9, 0x52, 0x09, 0x5a, 0x47, 0x6a, 0xcf, 
	0x6a, 0xcf, 0x6a, 0xcf, 0x6a, 0xcf, 0x5a, 0x07, 
	0x62, 0x47, 0x62, 0x47, 0x5a, 0x47, 0x62, 0x47, 
	0x5a, 0x07, 0x5a, 0x07, 0x5a, 0x07, 0x5a, 0x07, 
	0x5a, 0x07, 0x62, 0x49, 0x62, 0x49, 0x51, 0xc7, 
	0x5a, 0x07, 0x5a, 0x07, 0x5a, 0x07, 0x5a, 0x07, 
	0x49, 0xc7, 0x49, 0x85, 0x5a, 0x07, 0x5a, 0x07, 
	0x5a, 0x07, 0x52, 0x09, 0x41, 0x87, 0x5a, 0x09, 
	0x41, 0x87, 0x49, 0xc9, 0x62, 0x47, 0x6a, 0xcf, 
	0x6a, 0xcf, 0x6a, 0xcf, 0x6a, 0xcf, 0x5a, 0x07, 
	0x5a, 0x07, 0x5a, 0x07, 0x5a, 0x07, 0x5a, 0x07, 
	0x5a, 0x07, 0x5a, 0x07, 0x62, 0x47, 0x62, 0x47, 
	0x62, 0x47, 0x6a, 0x8b, 0x6a, 0xcb, 0x6a, 0x8b, 
	0x6a, 0x8b, 0x6a, 0x8b, 0x6a, 0x89, 0x62, 0x49, 
	0x62, 0x49, 0x62, 0x4b, 0x62, 0x49, 0x6a, 0x89, 
	0x62, 0x49, 0x52, 0x09, 0x52, 0x07, 0x62, 0x49, 
	0x5a, 0x07, 0x41, 0xc9, 0x5a, 0x47, 0x6a, 0xcf, 
	0x7b, 0x53, 0x7b, 0x53, 0x6a, 0xcf, 0x62, 0x47, 
	0x5a, 0x07, 0x5a, 0x07, 0x62, 0x47, 0x62, 0x47, 
	0x62, 0x49, 0x62, 0x49, 0x62, 0x49, 0x62, 0x47, 
	0x6a, 0x8b, 0x72, 0xcb, 0x72, 0xcb, 0x72, 0xcb, 
	0x72, 0xcb, 0x6a, 0xcb, 0x6a, 0xcb, 0x6a, 0x8b, 
	0x72, 0xcb, 0x6a, 0x8b, 0x6a, 0x8b, 0x72, 0xcd, 
	0x6a, 0x8b, 0x5a, 0x4b, 0x6a, 0x8b, 0x6a, 0x8b, 
	0x6a, 0x8b, 0x52, 0x4b, 0x6a, 0x89, 0x7b, 0x55, 
	0x6a, 0x8b, 0x6a, 0x8b, 0x7b, 0x53, 0x6a, 0x49, 
	0x62, 0x49, 0x62, 0x49, 0x62, 0x47, 0x62, 0x47, 
	0x6a, 0x8b, 0x6a, 0x8b, 0x6a, 0xcb, 0x6a, 0x8b, 
	0x6a, 0xcb, 0x6a, 0xcb, 0x6a, 0xcb, 0x6a, 0x8b, 
	0x6a, 0x8b, 0x6a, 0x8b, 0x6a, 0x8b, 0x72, 0xcb, 
	0x6a, 0x8b, 0x72, 0xcb, 0x72, 0xcb, 0x72, 0xcb, 
	0x6a, 0x8b, 0x5a, 0x4b, 0x6a, 0xcd, 0x6a, 0x8b, 
	0x6a, 0x8b, 0x5a, 0x4b, 0x6a, 0x8b, 0x72, 0xcd, 
	0x6a, 0x8b, 0x6a, 0x8b, 0x72, 0xcd, 0x6a, 0xcb, 
	0x6a, 0x8b, 0x6a, 0x8b, 0x6a, 0x89, 0x6a, 0x89, 
	0x6a, 0x8b, 0x72, 0xcd, 0x6a, 0xcb, 0x6a, 0xcb, 
	0x6a, 0xcb, 0x6a, 0x8b, 0x6a, 0x8b, 0x6a, 0x8b, 
	0x6a, 0x8b, 0x6a, 0x8b, 0x6a, 0x8b, 0x6a, 0x8b, 
	0x6a, 0x8b, 0x72, 0xcd, 0x72, 0xcd, 0x6a, 0x8b, 
	0x6a, 0x8b, 0x62, 0x4b, 0x62, 0x8d, 0x6a, 0xcb, 
	0x62, 0x8d, 0x5a, 0x4b, 0x6a, 0x8b, 0x72, 0xcb, 
	0x6a, 0x8b, 0x72, 0xcb, 0x6a, 0x8b, 0x6a, 0x8b, 
	0x6a, 0xcd, 0x6a, 0x8d, 0x6a, 0xcb, 0x6a, 0xcb, 
	0x6a, 0x8b, 0x6a, 0x89, 0x62, 0x89, 0x6a, 0x8b, 
	0x62, 0x89, 0x62, 0x89, 0x62, 0x4b, 0x5a, 0x49, 
	0x62, 0x89, 0x62, 0x89, 0x6a, 0xcb, 0x6a, 0x8b, 
	0x6a, 0xcb, 0x6a, 0x8b, 0x6a, 0xcd, 0x62, 0x8b, 
	0x6a, 0x8b, 0x6a, 0x8b, 0x52, 0x0b, 0x5a, 0x4d, 
	0x5a, 0x4b, 0x62, 0x4b, 0x72, 0xcb, 0x6a, 0x8b, 
	0x72, 0xcd, 0x72, 0xcd, 0x72, 0xcb, 0x6a, 0x8b, 
	0x5a, 0x4d, 0x5a, 0x4d, 0x6a, 0x8b, 0x6a, 0x8b, 
	0x62, 0x47, 0x5a, 0x07, 0x5a, 0x07, 0x5a, 0x47, 
	0x5a, 0x07, 0x5a, 0x07, 0x49, 0xc9, 0x49, 0xc9, 
	0x62, 0x49, 0x62, 0x49, 0x6a, 0x89, 0x6a, 0x8b, 
	0x6a, 0x8b, 0x6a, 0x8b, 0x62, 0x8d, 0x62, 0x8d, 
	0x6a, 0x8b, 0x62, 0x49, 0x49, 0xc7, 0x41, 0x87, 
	0x49, 0xc7, 0x62, 0x49, 0x6a, 0x8b, 0x6a, 0x8b, 
	0x6a, 0x8b, 0x6a, 0x8b, 0x62, 0x49, 0x62, 0x49, 
	0x41, 0x89, 0x41, 0x87, 0x62, 0x49, 0x62, 0x47, 
	0x62, 0x49, 0x5a, 0x07, 0x5a, 0x07, 0x5a, 0x07, 
	0x5a, 0x07, 0x5a, 0x07, 0x41, 0xc9, 0x41, 0xc9, 
	0x5a, 0x07, 0x5a, 0x07, 0x62, 0x47, 0x62, 0x49, 
	0x62, 0x49, 0x62, 0x49, 0x52, 0x0b, 0x4a, 0x09, 
	0x52, 0x09, 0x5a, 0x07, 0x5a, 0x07, 0x5a, 0x07, 
	0x5a, 0x07, 0x5a, 0x07, 0x5a, 0x07, 0x62, 0x07, 
	0x5a, 0x07, 0x62, 0x49, 0x62, 0x49, 0x5a, 0x07, 
	0x41, 0x87, 0x41, 0x85, 0x5a, 0x07, 0x5a, 0x07, 
	0x5a, 0x07, 0x5a, 0x09, 0x5a, 0x09, 0x5a, 0x07, 
	0x5a, 0x07, 0x5a, 0x09, 0x41, 0x87, 0x41, 0x89, 
	0x52, 0x07, 0x5a, 0x07, 0x52, 0x07, 0x62, 0x49, 
	0x62, 0x49, 0x5a, 0x07, 0x41, 0x87, 0x41, 0x89, 
	0x49, 0xc9, 0x62, 0x09, 0x5a, 0x07, 0x5a, 0x07, 
	0x62, 0x09, 0x5a, 0x07, 0x5a, 0x07, 0x5a, 0x07, 
	0x5a, 0x07, 0x5a, 0x07, 0x5a, 0x07, 0x5a, 0x07, 
	0x51, 0xc7, 0x5a, 0x07, 0x5a, 0x07, 0x5a, 0x07, 
	0x5a, 0x07, 0x49, 0xc9, 0x49, 0xc9, 0x5a, 0x07, 
	0x5a, 0x07, 0x5a, 0x07, 0x41, 0x87, 0x41, 0x87, 
	0x5a, 0x09, 0x5a, 0x07, 0x5a, 0x07, 0x62, 0x49, 
	0x5a, 0x07, 0x51, 0xc7, 0x41, 0x89, 0x41, 0x87, 
	0x49, 0xc7, 0x62, 0x09, 0x5a, 0x07, 0x5a, 0x07, 
	0x5a, 0x07, 0x5a, 0x07, 0x62, 0x49, 0x52, 0x09, 
	0x52, 0x09, 0x5a, 0x07, 0x5a, 0x07, 0x5a, 0x07, 
	0x5a, 0x07, 0x5a, 0x07, 0x5a, 0x07, 0x62, 0x49, 
	0x5a, 0x07, 0x49, 0xc7, 0x41, 0x87, 0x5a, 0x07, 
	0x5a, 0x07, 0x5a, 0x07, 0x49, 0x85, 0x49, 0xc7, 
	0x5a, 0x07, 0x5a, 0x07, 0x5a, 0x07, 0x5a, 0x07, 
	0x5a, 0x07, 0x5a, 0x07, 0x41, 0x85, 0x41, 0x87, 
	0x51, 0xc7, 0x5a, 0x07, 0x51, 0xc7, 0x62, 0x49, 
	0x5a, 0x07, 0x5a, 0x07, 0x5a, 0x07, 0x49, 0xc9, 
	0x51, 0xc7, 0x62, 0x09, 0x51, 0xc7, 0x5a, 0x07, 
	0x5a, 0x07, 0x5a, 0x07, 0x51, 0xc7, 0x5a, 0x07, 
	0x5a, 0x07, 0x51, 0xc7, 0x49, 0x87, 0x5a, 0x07, 
	0x5a, 0x09, 0x5a, 0x07, 0x5a, 0x07, 0x52, 0x07, 
	0x5a, 0x07, 0x5a, 0x07, 0x5a, 0x07, 0x5a, 0x07, 
	0x5a, 0x07, 0x5a, 0x07, 0x51, 0xc7, 0x51, 0xc7, 
	0x5a, 0x07, 0x5a, 0x07, 0x5a, 0x07, 0x5a, 0x07, 
	0x5a, 0x07, 0x62, 0x09, 0x5a, 0x07, 0x52, 0x07, 
	0x51, 0xc7, 0x62, 0x07, 0x5a, 0x07, 0x5a, 0x07, 
	0x5a, 0x07, 0x5a, 0x07, 0x5a, 0x07, 0x5a, 0x07, 
	0x5a, 0x07, 0x5a, 0x07, 0x5a, 0x07, 0x5a, 0x07, 
	0x5a, 0x07, 0x5a, 0x07, 0x5a, 0x07, 0x5a, 0x07, 
	0x5a, 0x07, 0x5a, 0x09, 0x5a, 0x07, 0x5a, 0x07, 
	0x5a, 0x07, 0x5a, 0x07, 0x62, 0x49, 0x5a, 0x07, 
	0x5a, 0x09, 0x5a, 0x07, 0x5a, 0x07, 0x5a, 0x07, 
	0x62, 0x49, 0x5a, 0x07, 0x5a, 0x07, 0x5a, 0x07, 
	0x5a, 0x07, 0x5a, 0x07, 0x5a, 0x07, 0x5a, 0x07, 
	0x5a, 0x07, 0x5a, 0x07, 0x5a, 0x07, 0x5a, 0x07, 
	0x52, 0x07, 0x52, 0x07, 0x5a, 0x09, 0x5a, 0x07, 
	0x5a, 0x07, 0x5a, 0x07, 0x51, 0xc7, 0x51, 0xc7, 
	0x5a, 0x07, 0x5a, 0x07, 0x62, 0x09, 0x59, 0xc7, 
	0x59, 0xc7, 0x51, 0xc7, 0x5a, 0x07, 0x5a, 0x07, 
	0x5a, 0x07, 0x5a, 0x07, 0x5a, 0x07, 0x5a, 0x07, 
	0x5a, 0x07, 0x52, 0x07, 0x51, 0xc7, 0x5a, 0x47, 
	0x52, 0x07, 0x5a, 0x49, 0x5a, 0x07, 0x62, 0x09, 
	0x5a, 0x07, 0x5a, 0x07, 0x52, 0x07, 0x51, 0xc7, 
	0x49, 0xc7, 0x49, 0xc7, 0x49, 0xc7, 0x52, 0x07, 
	0x5a, 0x07, 0x49, 0xc5, 0x49, 0xc5, 0x49, 0xc5, 
	0x49, 0xc5, 0x49, 0xc7, 0x51, 0xc7, 0x51, 0xc7, 
	0x51, 0xc7, 0x52, 0x07, 0x51, 0xc5, 0x51, 0xc5, 
	0x5a, 0x07, 0x5a, 0x07, 0x5a, 0x07, 0x51, 0xc7, 
	0x49, 0xc5, 0x49, 0xc5, 0x52, 0x07, 0x5a, 0x47, 
	0x5a, 0x07, 0x51, 0xc5, 0x5a, 0x07, 0x5a, 0x07, 
	0x52, 0x07, 0x5a, 0x07, 0x5a, 0x47, 0x52, 0x07, 
	0x49, 0xc7, 0x49, 0xc7, 0x4a, 0x07, 0x5a, 0x47, 
	0x5a, 0x47, 0x4a, 0x05, 0x49, 0xc5, 0x49, 0xc5, 
	0x49, 0xc7, 0x41, 0xc5, 0x41, 0xc5, 0x49, 0xc7, 
	0x5a, 0x07, 0x5a, 0x47, 0x52, 0x07, 0x52, 0x07, 
	0x52, 0x07, 0x5a, 0x47, 0x52, 0x07, 0x49, 0xc5, 
	0x49, 0xc7, 0x52, 0x07, 0x52, 0x07, 0x5a, 0x47, 
	0x5a, 0x47, 0x52, 0x07, 0x49, 0xc5, 0x49, 0xc7, 
	0x5a, 0x07, 0x5a, 0x47, 0x5a, 0x47, 0x5a, 0x47, 
	0x52, 0x07, 0x52, 0x47, 0x5a, 0x47, 0x5a, 0x47, 
	0x5a, 0x47, 0x5a, 0x47, 0x52, 0x07, 0x5a, 0x47, 
	0x5a, 0x47, 0x4a, 0x07, 0x52, 0x07, 0x5a, 0x47, 
	0x5a, 0x47, 0x5a, 0x47, 0x5a, 0x47, 0x5a, 0x47, 
	0x5a, 0x47, 0x5a, 0x47, 0x52, 0x07, 0x52, 0x07, 
	0x52, 0x47, 0x52, 0x47, 0x5a, 0x47, 0x5a, 0x47, 
	0x5a, 0x47, 0x5a, 0x47, 0x5a, 0x07, 0x5a, 0x47, 
	0x5a, 0x47, 0x5a, 0x47, 0x5a, 0x07, 0x5a, 0x07, 
	0x5a, 0x47, 0x5a, 0x07, 0x5a, 0x47, 0x5a, 0x47, 
	0x5a, 0x47, 0x5a, 0x47, 0x5a, 0x47, 0x5a, 0x47, 
	0x5a, 0x47, 0x5a, 0x47, 0x5a, 0x47, 0x5a, 0x47, 
	0x5a, 0x47, 0x5a, 0x47, 0x5a, 0x47, 0x5a, 0x47, 
	0x5a, 0x47, 0x5a, 0x47, 0x5a, 0x07, 0x5a, 0x07, 
	0x5a, 0x47, 0x52, 0x07, 0x52, 0x47, 0x5a, 0x47, 
	0x5a, 0x47, 0x5a, 0x47, 0x5a, 0x47, 0x5a, 0x47, 
	0x5a, 0x47, 0x5a, 0x47, 0x5a, 0x07, 0x52, 0x07, 
	
};

Gfx maple_treewway_dl_Material10_ci8_aligner[] = {gsSPEndDisplayList()};
u8 maple_treewway_dl_Material10_ci8[] = {
	0x00, 0x01, 0x01, 0x01, 0x02, 0x02, 0x02, 0x02, 
	0x03, 0x01, 0x00, 0x01, 0x04, 0x04, 0x04, 0x04, 
	0x00, 0x00, 0x00, 0x00, 0x03, 0x02, 0x05, 0x05, 
	0x06, 0x06, 0x02, 0x07, 0x08, 0x01, 0x09, 0x00, 
	0x00, 0x01, 0x01, 0x01, 0x02, 0x02, 0x02, 0x02, 
	0x03, 0x01, 0x00, 0x01, 0x04, 0x00, 0x04, 0x04, 
	0x00, 0x00, 0x0a, 0x07, 0x03, 0x02, 0x05, 0x02, 
	0x06, 0x06, 0x02, 0x07, 0x00, 0x01, 0x09, 0x00, 
	0x00, 0x01, 0x01, 0x01, 0x02, 0x02, 0x02, 0x02, 
	0x08, 0x01, 0x00, 0x01, 0x07, 0x0a, 0x04, 0x04, 
	0x00, 0x00, 0x0b, 0x07, 0x05, 0x02, 0x05, 0x02, 
	0x06, 0x06, 0x02, 0x07, 0x00, 0x01, 0x09, 0x00, 
	0x00, 0x01, 0x01, 0x00, 0x02, 0x02, 0x02, 0x02, 
	0x00, 0x00, 0x00, 0x00, 0x07, 0x0a, 0x00, 0x04, 
	0x00, 0x07, 0x0b, 0x00, 0x05, 0x05, 0x05, 0x02, 
	0x06, 0x06, 0x02, 0x07, 0x00, 0x01, 0x09, 0x00, 
	0x00, 0x01, 0x01, 0x01, 0x00, 0x00, 0x00, 0x00, 
	0x07, 0x07, 0x07, 0x07, 0x0c, 0x0c, 0x0c, 0x0c, 
	0x00, 0x00, 0x00, 0x00, 0x00, 0x00, 0x00, 0x00, 
	0x04, 0x04, 0x04, 0x07, 0x00, 0x01, 0x00, 0x00, 
	0x00, 0x01, 0x01, 0x00, 0x00, 0x00, 0x00, 0x00, 
	0x07, 0x07, 0x07, 0x0d, 0x0e, 0x0f, 0x0f, 0x0f, 
	0x10, 0x10, 0x10, 0x00, 0x00, 0x00, 0x00, 0x00, 
	0x04, 0x04, 0x04, 0x07, 0x00, 0x01, 0x00, 0x00, 
	0x00, 0x01, 0x01, 0x01, 0x00, 0x00, 0x00, 0x00, 
	0x07, 0x07, 0x0d, 0x11, 0x12, 0x12, 0x12, 0x12, 
	0x12, 0x13, 0x13, 0x13, 0x0e, 0x00, 0x00, 0x00, 
	0x04, 0x00, 0x00, 0x07, 0x00, 0x01, 0x00, 0x00, 
	0x00, 0x01, 0x01, 0x01, 0x00, 0x00, 0x00, 0x0b, 
	0x07, 0x14, 0x11, 0x11, 0x12, 0x15, 0x15, 0x15, 
	0x13, 0x13, 0x13, 0x12, 0x16, 0x0f, 0x00, 0x00, 
	0x00, 0x04, 0x08, 0x03, 0x08, 0x01, 0x00, 0x00, 
	0x00, 0x04, 0x04, 0x00, 0x07, 0x07, 0x07, 0x07, 
	0x17, 0x11, 0x11, 0x18, 0x17, 0x17, 0x19, 0x19, 
	0x1a, 0x1b, 0x1b, 0x16, 0x12, 0x12, 0x15, 0x01, 
	0x08, 0x08, 0x08, 0x08, 0x00, 0x01, 0x00, 0x00, 
	0x00, 0x04, 0x04, 0x00, 0x07, 0x07, 0x07, 0x1c, 
	0x11, 0x11, 0x18, 0x17, 0x1d, 0x16, 0x16, 0x16, 
	0x1e, 0x1a, 0x1a, 0x1a, 0x15, 0x12, 0x12, 0x15, 
	0x08, 0x08, 0x08, 0x08, 0x00, 0x01, 0x00, 0x00, 
	0x00, 0x04, 0x04, 0x00, 0x07, 0x07, 0x07, 0x1f, 
	0x11, 0x18, 0x17, 0x11, 0x16, 0x1d, 0x19, 0x17, 
	0x1b, 0x1b, 0x1e, 0x12, 0x12, 0x15, 0x12, 0x12, 
	0x20, 0x08, 0x08, 0x08, 0x07, 0x01, 0x09, 0x00, 
	0x00, 0x04, 0x00, 0x00, 0x07, 0x07, 0x1f, 0x16, 
	0x21, 0x17, 0x21, 0x11, 0x19, 0x17, 0x17, 0x17, 
	0x1a, 0x1b, 0x1b, 0x16, 0x12, 0x15, 0x15, 0x12, 
	0x19, 0x20, 0x08, 0x08, 0x07, 0x00, 0x09, 0x00, 
	0x00, 0x04, 0x00, 0x00, 0x0a, 0x0a, 0x14, 0x22, 
	0x1d, 0x23, 0x22, 0x19, 0x0f, 0x1d, 0x11, 0x11, 
	0x24, 0x1a, 0x1a, 0x1f, 0x12, 0x12, 0x1e, 0x12, 
	0x12, 0x10, 0x00, 0x00, 0x07, 0x08, 0x00, 0x00, 
	0x00, 0x04, 0x00, 0x00, 0x0a, 0x0d, 0x22, 0x22, 
	0x19, 0x1d, 0x1d, 0x23, 0x1d, 0x11, 0x1d, 0x0f, 
	0x1f, 0x1f, 0x24, 0x24, 0x15, 0x12, 0x1e, 0x12, 
	0x12, 0x13, 0x00, 0x00, 0x08, 0x00, 0x00, 0x00, 
	0x00, 0x04, 0x04, 0x00, 0x0a, 0x0d, 0x22, 0x22, 
	0x19, 0x22, 0x1d, 0x23, 0x11, 0x0f, 0x25, 0x1f, 
	0x19, 0x19, 0x19, 0x24, 0x1b, 0x12, 0x1e, 0x1e, 
	0x12, 0x13, 0x00, 0x00, 0x00, 0x00, 0x00, 0x00, 
	0x00, 0x04, 0x04, 0x00, 0x0a, 0x14, 0x22, 0x22, 
	0x19, 0x22, 0x19, 0x1d, 0x11, 0x25, 0x1f, 0x1d, 
	0x1f, 0x1f, 0x24, 0x24, 0x1b, 0x15, 0x12, 0x1e, 
	0x12, 0x13, 0x00, 0x00, 0x00, 0x00, 0x00, 0x00, 
	0x08, 0x01, 0x01, 0x08, 0x0a, 0x14, 0x22, 0x22, 
	0x1a, 0x22, 0x1f, 0x24, 0x1d, 0x1b, 0x1d, 0x1d, 
	0x12, 0x1a, 0x16, 0x16, 0x1f, 0x1f, 0x1e, 0x1d, 
	0x22, 0x15, 0x07, 0x07, 0x07, 0x00, 0x00, 0x00, 
	0x08, 0x01, 0x01, 0x08, 0x0a, 0x14, 0x22, 0x22, 
	0x24, 0x22, 0x1f, 0x24, 0x16, 0x1b, 0x1d, 0x16, 
	0x16, 0x24, 0x12, 0x12, 0x1f, 0x1f, 0x1d, 0x1f, 
	0x15, 0x15, 0x07, 0x07, 0x0a, 0x0a, 0x00, 0x08, 
	0x08, 0x01, 0x01, 0x00, 0x0a, 0x14, 0x22, 0x22, 
	0x1a, 0x22, 0x1f, 0x1a, 0x16, 0x1b, 0x1b, 0x16, 
	0x16, 0x12, 0x12, 0x16, 0x1f, 0x1e, 0x1e, 0x1d, 
	0x22, 0x15, 0x07, 0x07, 0x00, 0x07, 0x00, 0x00, 
	0x00, 0x01, 0x01, 0x00, 0x0a, 0x26, 0x22, 0x22, 
	0x1f, 0x24, 0x24, 0x1f, 0x16, 0x1d, 0x1b, 0x1b, 
	0x1a, 0x12, 0x12, 0x1a, 0x1d, 0x22, 0x1d, 0x1e, 
	0x22, 0x15, 0x07, 0x07, 0x00, 0x00, 0x00, 0x00, 
	0x04, 0x04, 0x04, 0x00, 0x07, 0x07, 0x22, 0x22, 
	0x1e, 0x1f, 0x12, 0x1d, 0x27, 0x1e, 0x27, 0x1e, 
	0x16, 0x16, 0x1d, 0x19, 0x16, 0x16, 0x19, 0x22, 
	0x1e, 0x1c, 0x00, 0x00, 0x00, 0x04, 0x00, 0x00, 
	0x00, 0x04, 0x04, 0x07, 0x07, 0x07, 0x22, 0x22, 
	0x12, 0x1f, 0x1d, 0x12, 0x1d, 0x27, 0x27, 0x1e, 
	0x24, 0x19, 0x19, 0x16, 0x16, 0x19, 0x16, 0x22, 
	0x1e, 0x00, 0x00, 0x00, 0x00, 0x04, 0x04, 0x00, 
	0x04, 0x04, 0x04, 0x00, 0x07, 0x07, 0x28, 0x22, 
	0x12, 0x1e, 0x1f, 0x1d, 0x22, 0x1e, 0x27, 0x1d, 
	0x24, 0x24, 0x16, 0x16, 0x19, 0x24, 0x22, 0x16, 
	0x29, 0x00, 0x00, 0x00, 0x00, 0x04, 0x04, 0x00, 
	0x04, 0x04, 0x04, 0x04, 0x07, 0x07, 0x07, 0x22, 
	0x12, 0x12, 0x1e, 0x1f, 0x27, 0x27, 0x1d, 0x22, 
	0x16, 0x24, 0x1d, 0x19, 0x24, 0x22, 0x16, 0x24, 
	0x00, 0x00, 0x00, 0x00, 0x00, 0x04, 0x00, 0x00, 
	0x09, 0x01, 0x01, 0x01, 0x2a, 0x2b, 0x07, 0x1c, 
	0x11, 0x11, 0x11, 0x11, 0x1d, 0x15, 0x15, 0x15, 
	0x1a, 0x1a, 0x1a, 0x22, 0x16, 0x16, 0x14, 0x0e, 
	0x07, 0x00, 0x00, 0x00, 0x09, 0x01, 0x09, 0x09, 
	0x09, 0x01, 0x01, 0x09, 0x09, 0x2b, 0x2b, 0x07, 
	0x0d, 0x11, 0x11, 0x11, 0x22, 0x22, 0x22, 0x22, 
	0x22, 0x22, 0x22, 0x22, 0x16, 0x14, 0x0e, 0x00, 
	0x00, 0x04, 0x04, 0x00, 0x09, 0x01, 0x09, 0x09, 
	0x09, 0x01, 0x01, 0x01, 0x09, 0x2b, 0x2b, 0x2b, 
	0x07, 0x0d, 0x14, 0x11, 0x22, 0x22, 0x22, 0x22, 
	0x22, 0x22, 0x1a, 0x28, 0x14, 0x0e, 0x00, 0x00, 
	0x04, 0x04, 0x04, 0x07, 0x09, 0x01, 0x00, 0x09, 
	0x09, 0x01, 0x01, 0x01, 0x09, 0x2a, 0x2b, 0x09, 
	0x07, 0x07, 0x07, 0x0d, 0x25, 0x15, 0x1d, 0x1d, 
	0x1a, 0x1a, 0x28, 0x1c, 0x00, 0x00, 0x00, 0x00, 
	0x00, 0x04, 0x04, 0x07, 0x09, 0x01, 0x09, 0x09, 
	0x00, 0x01, 0x01, 0x01, 0x01, 0x01, 0x01, 0x01, 
	0x05, 0x05, 0x05, 0x08, 0x07, 0x00, 0x2a, 0x2a, 
	0x06, 0x06, 0x02, 0x00, 0x00, 0x09, 0x09, 0x09, 
	0x02, 0x02, 0x02, 0x2c, 0x09, 0x01, 0x09, 0x09, 
	0x00, 0x01, 0x01, 0x01, 0x01, 0x01, 0x09, 0x01, 
	0x07, 0x05, 0x05, 0x05, 0x07, 0x09, 0x09, 0x09, 
	0x00, 0x00, 0x02, 0x02, 0x00, 0x01, 0x09, 0x01, 
	0x02, 0x02, 0x02, 0x03, 0x09, 0x01, 0x09, 0x00, 
	0x00, 0x01, 0x01, 0x01, 0x01, 0x01, 0x09, 0x09, 
	0x03, 0x02, 0x05, 0x05, 0x09, 0x2b, 0x02, 0x2b, 
	0x02, 0x02, 0x02, 0x02, 0x07, 0x01, 0x00, 0x01, 
	0x02, 0x02, 0x02, 0x03, 0x09, 0x01, 0x09, 0x00, 
	0x00, 0x01, 0x01, 0x01, 0x01, 0x01, 0x01, 0x01, 
	0x03, 0x02, 0x05, 0x02, 0x02, 0x02, 0x02, 0x00, 
	0x02, 0x02, 0x02, 0x00, 0x07, 0x01, 0x00, 0x01, 
	0x02, 0x02, 0x02, 0x03, 0x09, 0x01, 0x09, 0x00, 
	
};

Gfx maple_treewway_dl_Material10_ci8_pal_rgba16_aligner[] = {gsSPEndDisplayList()};
u8 maple_treewway_dl_Material10_ci8_pal_rgba16[] = {
	0xab, 0x91, 0xb3, 0xd1, 0xb3, 0xd3, 0x9b, 0x51, 
	0xab, 0xd1, 0xab, 0x93, 0xbc, 0x13, 0xa3, 0x51, 
	0xa3, 0x91, 0xb3, 0x91, 0x9b, 0x11, 0x92, 0xd1, 
	0xab, 0x51, 0xd5, 0xe1, 0xdd, 0xe1, 0xf6, 0xa5, 
	0xde, 0x23, 0xff, 0xab, 0xff, 0xeb, 0xf6, 0xe7, 
	0xee, 0xa5, 0xf6, 0xe5, 0xff, 0xa9, 0xf6, 0x63, 
	0xfe, 0xe7, 0xfe, 0xe5, 0xff, 0x25, 0xee, 0x61, 
	0xdd, 0xdf, 0xff, 0x27, 0xff, 0x69, 0xf6, 0xa3, 
	0xbc, 0x53, 0xff, 0x29, 0xff, 0xe9, 0xf6, 0x61, 
	0xff, 0x67, 0xee, 0x21, 0xd5, 0xa1, 0xf6, 0xe3, 
	0xee, 0xa3, 0xee, 0x63, 0xbb, 0xd3, 0xb3, 0x93, 
	0xa3, 0x93, 
};

Gfx maple_treewway_dl_D301_tk_Ami_02_0_ci8_aligner[] = {gsSPEndDisplayList()};
u8 maple_treewway_dl_D301_tk_Ami_02_0_ci8[] = {
	0x00, 0x00, 0x00, 0x00, 0x01, 0x01, 0x01, 0x01, 
	0x02, 0x02, 0x02, 0x03, 0x04, 0x05, 0x06, 0x06, 
	0x04, 0x04, 0x06, 0x06, 0x07, 0x08, 0x08, 0x08, 
	0x09, 0x09, 0x09, 0x09, 0x0a, 0x0a, 0x0a, 0x0a, 
	0x00, 0x00, 0x00, 0x00, 0x01, 0x01, 0x01, 0x01, 
	0x02, 0x02, 0x02, 0x0b, 0x05, 0x06, 0x06, 0x06, 
	0x0c, 0x0c, 0x06, 0x0d, 0x07, 0x08, 0x08, 0x08, 
	0x09, 0x09, 0x09, 0x09, 0x0a, 0x0a, 0x0a, 0x0a, 
	0x00, 0x00, 0x00, 0x00, 0x01, 0x01, 0x01, 0x01, 
	0x02, 0x02, 0x02, 0x0b, 0x06, 0x06, 0x06, 0x05, 
	0x0c, 0x0c, 0x06, 0x04, 0x0e, 0x08, 0x08, 0x08, 
	0x09, 0x09, 0x09, 0x09, 0x0a, 0x0a, 0x0a, 0x0a, 
	0x00, 0x00, 0x00, 0x00, 0x01, 0x01, 0x01, 0x01, 
	0x02, 0x02, 0x02, 0x0f, 0x06, 0x06, 0x06, 0x06, 
	0x0c, 0x0c, 0x0c, 0x0c, 0x07, 0x08, 0x08, 0x08, 
	0x09, 0x09, 0x09, 0x09, 0x0a, 0x0a, 0x0a, 0x0a, 
	0x01, 0x01, 0x01, 0x01, 0x10, 0x10, 0x10, 0x10, 
	0x11, 0x11, 0x11, 0x12, 0x13, 0x14, 0x15, 0x14, 
	0x16, 0x16, 0x16, 0x04, 0x07, 0x17, 0x17, 0x17, 
	0x01, 0x01, 0x01, 0x01, 0x0a, 0x0a, 0x0a, 0x0a, 
	0x01, 0x01, 0x01, 0x01, 0x10, 0x10, 0x10, 0x10, 
	0x11, 0x11, 0x11, 0x18, 0x14, 0x19, 0x15, 0x14, 
	0x04, 0x04, 0x04, 0x04, 0x07, 0x17, 0x17, 0x17, 
	0x01, 0x01, 0x01, 0x01, 0x0a, 0x0a, 0x0a, 0x0a, 
	0x01, 0x01, 0x01, 0x01, 0x10, 0x10, 0x10, 0x10, 
	0x11, 0x11, 0x11, 0x18, 0x15, 0x15, 0x15, 0x15, 
	0x16, 0x06, 0x06, 0x04, 0x07, 0x17, 0x17, 0x17, 
	0x01, 0x01, 0x01, 0x01, 0x0a, 0x0a, 0x0a, 0x0a, 
	0x01, 0x01, 0x01, 0x01, 0x10, 0x10, 0x10, 0x10, 
	0x11, 0x11, 0x11, 0x1a, 0x15, 0x19, 0x15, 0x14, 
	0x16, 0x16, 0x16, 0x12, 0x1b, 0x17, 0x17, 0x17, 
	0x01, 0x01, 0x01, 0x01, 0x0a, 0x0a, 0x0a, 0x0a, 
	0x1c, 0x1c, 0x1c, 0x1c, 0x1d, 0x1d, 0x1d, 0x1d, 
	0x1e, 0x1e, 0x1e, 0x1f, 0x15, 0x15, 0x15, 0x12, 
	0x12, 0x16, 0x16, 0x16, 0x07, 0x20, 0x20, 0x20, 
	0x21, 0x21, 0x21, 0x21, 0x22, 0x22, 0x22, 0x22, 
	0x1c, 0x1c, 0x1c, 0x1c, 0x1d, 0x1d, 0x1d, 0x1d, 
	0x1e, 0x1e, 0x1e, 0x1f, 0x15, 0x15, 0x12, 0x15, 
	0x12, 0x12, 0x12, 0x16, 0x07, 0x20, 0x20, 0x20, 
	0x21, 0x21, 0x21, 0x21, 0x22, 0x22, 0x22, 0x22, 
	0x1c, 0x1c, 0x1c, 0x1c, 0x1d, 0x1d, 0x1d, 0x1d, 
	0x1e, 0x1e, 0x1e, 0x23, 0x12, 0x12, 0x12, 0x12, 
	0x12, 0x12, 0x12, 0x12, 0x07, 0x20, 0x20, 0x20, 
	0x21, 0x21, 0x21, 0x21, 0x22, 0x22, 0x22, 0x22, 
	0x24, 0x24, 0x25, 0x25, 0x26, 0x27, 0x28, 0x28, 
	0x23, 0x26, 0x26, 0x26, 0x29, 0x29, 0x29, 0x29, 
	0x29, 0x29, 0x29, 0x29, 0x29, 0x29, 0x29, 0x29, 
	0x18, 0x29, 0x29, 0x2a, 0x2b, 0x2b, 0x2b, 0x2a, 
	0x2c, 0x2c, 0x2d, 0x2e, 0x15, 0x15, 0x1a, 0x1a, 
	0x0f, 0x0f, 0x0f, 0x2f, 0x05, 0x05, 0x05, 0x05, 
	0x06, 0x06, 0x06, 0x06, 0x06, 0x12, 0x12, 0x12, 
	0x12, 0x12, 0x12, 0x12, 0x2c, 0x2c, 0x2e, 0x2e, 
	0x2c, 0x2d, 0x2d, 0x2c, 0x19, 0x12, 0x12, 0x1a, 
	0x05, 0x05, 0x05, 0x0f, 0x05, 0x05, 0x0d, 0x0d, 
	0x30, 0x30, 0x30, 0x06, 0x06, 0x06, 0x12, 0x12, 
	0x12, 0x06, 0x06, 0x06, 0x06, 0x2c, 0x2c, 0x2c, 
	0x2d, 0x0d, 0x0d, 0x0d, 0x19, 0x15, 0x12, 0x12, 
	0x2f, 0x05, 0x05, 0x13, 0x05, 0x0d, 0x0d, 0x05, 
	0x06, 0x30, 0x30, 0x06, 0x06, 0x15, 0x15, 0x06, 
	0x06, 0x15, 0x15, 0x06, 0x06, 0x06, 0x06, 0x06, 
	0x0d, 0x0d, 0x0d, 0x2d, 0x19, 0x15, 0x15, 0x12, 
	0x05, 0x13, 0x13, 0x13, 0x0d, 0x0d, 0x0d, 0x31, 
	0x23, 0x30, 0x32, 0x30, 0x15, 0x15, 0x15, 0x15, 
	0x15, 0x15, 0x15, 0x15, 0x15, 0x15, 0x06, 0x06, 
	0x0e, 0x33, 0x0e, 0x0e, 0x0d, 0x07, 0x0d, 0x13, 
	0x34, 0x14, 0x14, 0x04, 0x0d, 0x35, 0x36, 0x16, 
	0x37, 0x38, 0x38, 0x39, 0x0e, 0x19, 0x04, 0x06, 
	0x04, 0x04, 0x0d, 0x0d, 0x0d, 0x04, 0x04, 0x06, 
	0x33, 0x0e, 0x0d, 0x0d, 0x0d, 0x0d, 0x0d, 0x07, 
	0x3a, 0x04, 0x04, 0x04, 0x0d, 0x36, 0x35, 0x35, 
	0x38, 0x38, 0x38, 0x3b, 0x0e, 0x04, 0x06, 0x06, 
	0x0d, 0x0d, 0x0d, 0x0d, 0x04, 0x04, 0x04, 0x04, 
	0x0e, 0x0d, 0x0d, 0x0d, 0x0d, 0x07, 0x07, 0x07, 
	0x3a, 0x04, 0x14, 0x3a, 0x0d, 0x35, 0x35, 0x35, 
	0x38, 0x38, 0x39, 0x3b, 0x19, 0x04, 0x06, 0x0e, 
	0x0d, 0x0d, 0x0d, 0x04, 0x04, 0x04, 0x0d, 0x0d, 
	0x2d, 0x2d, 0x0d, 0x2d, 0x07, 0x07, 0x07, 0x15, 
	0x3a, 0x3a, 0x14, 0x3a, 0x0d, 0x0d, 0x0d, 0x36, 
	0x39, 0x3b, 0x3b, 0x3b, 0x19, 0x19, 0x19, 0x0e, 
	0x04, 0x0d, 0x0d, 0x04, 0x04, 0x04, 0x04, 0x0d, 
	0x07, 0x0e, 0x07, 0x07, 0x3c, 0x3d, 0x3c, 0x3c, 
	0x1b, 0x1b, 0x1b, 0x1b, 0x1b, 0x3d, 0x3d, 0x1b, 
	0x36, 0x3e, 0x3e, 0x3f, 0x40, 0x40, 0x3e, 0x3e, 
	0x3e, 0x3d, 0x3d, 0x3d, 0x3e, 0x3e, 0x3d, 0x39, 
	0x08, 0x08, 0x08, 0x08, 0x41, 0x41, 0x41, 0x41, 
	0x42, 0x42, 0x42, 0x43, 0x3d, 0x3d, 0x1b, 0x3d, 
	0x36, 0x36, 0x36, 0x36, 0x3d, 0x44, 0x44, 0x44, 
	0x45, 0x45, 0x45, 0x45, 0x44, 0x44, 0x44, 0x44, 
	0x08, 0x08, 0x08, 0x08, 0x41, 0x41, 0x41, 0x41, 
	0x42, 0x42, 0x42, 0x43, 0x3d, 0x46, 0x46, 0x3d, 
	0x47, 0x36, 0x36, 0x3e, 0x3e, 0x44, 0x44, 0x44, 
	0x45, 0x45, 0x45, 0x45, 0x44, 0x44, 0x44, 0x44, 
	0x08, 0x08, 0x08, 0x08, 0x41, 0x41, 0x41, 0x41, 
	0x42, 0x42, 0x42, 0x48, 0x46, 0x46, 0x1b, 0x1b, 
	0x3e, 0x3e, 0x3f, 0x3f, 0x40, 0x44, 0x44, 0x44, 
	0x45, 0x45, 0x45, 0x45, 0x44, 0x44, 0x44, 0x44, 
	0x49, 0x49, 0x49, 0x49, 0x01, 0x01, 0x01, 0x01, 
	0x4a, 0x4a, 0x4a, 0x4b, 0x07, 0x3e, 0x07, 0x3e, 
	0x33, 0x33, 0x3f, 0x3a, 0x07, 0x08, 0x08, 0x08, 
	0x4c, 0x4c, 0x4c, 0x4c, 0x09, 0x09, 0x09, 0x09, 
	0x49, 0x49, 0x49, 0x49, 0x01, 0x01, 0x01, 0x01, 
	0x4a, 0x4a, 0x4a, 0x4d, 0x07, 0x3e, 0x07, 0x3e, 
	0x33, 0x40, 0x3f, 0x3a, 0x07, 0x08, 0x08, 0x08, 
	0x4c, 0x4c, 0x4c, 0x4c, 0x09, 0x09, 0x09, 0x09, 
	0x49, 0x49, 0x49, 0x49, 0x01, 0x01, 0x01, 0x01, 
	0x4a, 0x4a, 0x4a, 0x4b, 0x3a, 0x3a, 0x3a, 0x07, 
	0x40, 0x40, 0x3a, 0x3a, 0x07, 0x08, 0x08, 0x08, 
	0x4c, 0x4c, 0x4c, 0x4c, 0x09, 0x09, 0x09, 0x09, 
	0x49, 0x49, 0x49, 0x49, 0x01, 0x01, 0x01, 0x01, 
	0x4a, 0x4a, 0x4a, 0x2e, 0x48, 0x48, 0x3a, 0x3e, 
	0x40, 0x3a, 0x3a, 0x3a, 0x07, 0x08, 0x08, 0x08, 
	0x4c, 0x4c, 0x4c, 0x4c, 0x09, 0x09, 0x09, 0x09, 
	0x0a, 0x0a, 0x0a, 0x0a, 0x4e, 0x4e, 0x4e, 0x4e, 
	0x4f, 0x4f, 0x4f, 0x03, 0x50, 0x40, 0x40, 0x30, 
	0x40, 0x0d, 0x2d, 0x2d, 0x3e, 0x51, 0x51, 0x51, 
	0x52, 0x52, 0x52, 0x52, 0x00, 0x00, 0x00, 0x00, 
	0x0a, 0x0a, 0x0a, 0x0a, 0x4e, 0x4e, 0x4e, 0x4e, 
	0x4f, 0x4f, 0x4f, 0x03, 0x50, 0x2d, 0x40, 0x40, 
	0x33, 0x0d, 0x0d, 0x2d, 0x53, 0x51, 0x51, 0x51, 
	0x52, 0x52, 0x52, 0x52, 0x00, 0x00, 0x00, 0x00, 
	0x0a, 0x0a, 0x0a, 0x0a, 0x4e, 0x4e, 0x4e, 0x4e, 
	0x4f, 0x4f, 0x4f, 0x2f, 0x50, 0x2d, 0x2d, 0x30, 
	0x33, 0x40, 0x0d, 0x2d, 0x53, 0x51, 0x51, 0x51, 
	0x52, 0x52, 0x52, 0x52, 0x00, 0x00, 0x00, 0x00, 
	0x0a, 0x0a, 0x0a, 0x0a, 0x4e, 0x4e, 0x4e, 0x4e, 
	0x4f, 0x4f, 0x4f, 0x54, 0x50, 0x2d, 0x40, 0x30, 
	0x33, 0x0d, 0x0d, 0x2d, 0x3f, 0x51, 0x51, 0x51, 
	0x52, 0x52, 0x52, 0x52, 0x00, 0x00, 0x00, 0x00, 
	
};

Gfx maple_treewway_dl_D301_tk_Ami_02_0_ci8_pal_rgba16_aligner[] = {gsSPEndDisplayList()};
u8 maple_treewway_dl_D301_tk_Ami_02_0_ci8_pal_rgba16[] = {
	0x62, 0x8c, 0x6a, 0xce, 0xbd, 0x18, 0xbc, 0xd9, 
	0x9c, 0x17, 0xac, 0x9b, 0xa4, 0x59, 0x8b, 0x93, 
	0x8b, 0x94, 0x62, 0x8e, 0x73, 0x10, 0xc5, 0x19, 
	0x9c, 0x57, 0x93, 0xd5, 0x8b, 0xd5, 0xb4, 0xd9, 
	0x7b, 0x52, 0xb4, 0xda, 0xac, 0x99, 0xa4, 0x5b, 
	0x9c, 0x59, 0x9c, 0x19, 0xa4, 0x57, 0x8b, 0x92, 
	0xbd, 0x1b, 0x93, 0xd7, 0xb4, 0xdb, 0x83, 0x51, 
	0xc5, 0x58, 0xcd, 0x9e, 0xc5, 0x5e, 0xb4, 0xdd, 
	0x9c, 0x14, 0xc5, 0x5a, 0xcd, 0x9a, 0xbd, 0x1d, 
	0xcd, 0x99, 0xbd, 0x17, 0xcd, 0x9f, 0xd5, 0xdf, 
	0xc5, 0x5f, 0xc5, 0x5b, 0xcd, 0x9b, 0xcd, 0x5b, 
	0xac, 0x97, 0x9c, 0x15, 0xb4, 0xd7, 0xbd, 0x19, 
	0x83, 0x55, 0xd5, 0xe5, 0x6a, 0x91, 0x83, 0x95, 
	0xa4, 0x5d, 0x72, 0xd1, 0x83, 0x53, 0xa4, 0x17, 
	0x6a, 0xd1, 0x7b, 0x53, 0x93, 0xd3, 0x93, 0x95, 
	0x73, 0x11, 0x7b, 0x51, 0x83, 0x93, 0x8b, 0xd3, 
	0x8b, 0x95, 0x7b, 0x10, 0x93, 0xd2, 0x93, 0x93, 
	0x83, 0x92, 0x83, 0x50, 0x83, 0x91, 0x7b, 0x13, 
	0x9c, 0x13, 0x72, 0xd0, 0xb4, 0x96, 0xac, 0x95, 
	0x62, 0xce, 0xb4, 0x95, 0x73, 0x0e, 0xc5, 0x18, 
	0xa4, 0x55, 0x8b, 0xd4, 0x5a, 0x4a, 0x94, 0x15, 
	0xc5, 0x59, 
};

Vtx maple_treewway_dl_Main_mesh_layer_1_vtx_0[510] = {
	{{ {5641, 1977, -8023}, 0, {-4734, 1723}, {197, 190, 189, 255} }},
	{{ {5653, 1914, -8002}, 0, {-4618, 2341}, {242, 241, 241, 255} }},
	{{ {5641, 2095, -8023}, 0, {-4633, 634}, {208, 210, 197, 255} }},
	{{ {5924, 1977, -8174}, 0, {-1842, 1722}, {186, 177, 175, 255} }},
	{{ {5924, 2095, -8174}, 0, {-1797, 632}, {155, 156, 147, 255} }},
	{{ {5934, 1914, -8152}, 0, {-2057, 2341}, {187, 177, 175, 255} }},
	{{ {6065, 1976, -8248}, 0, {-617, 1740}, {162, 159, 141, 255} }},
	{{ {6075, 1914, -8226}, 0, {-521, 2341}, {196, 189, 187, 255} }},
	{{ {6065, 2092, -8248}, 0, {-491, 658}, {208, 210, 197, 255} }},
	{{ {5978, 2092, -8421}, 0, {175, 604}, {206, 207, 202, 255} }},
	{{ {5978, 1926, -8421}, 0, {724, 2221}, {193, 186, 183, 255} }},
	{{ {5978, 1976, -8421}, 0, {560, 1740}, {195, 190, 188, 255} }},
	{{ {5837, 1977, -8346}, 0, {-2829, 1722}, {216, 212, 212, 255} }},
	{{ {5837, 1926, -8346}, 0, {-2922, 2221}, {195, 188, 187, 255} }},
	{{ {5837, 2095, -8346}, 0, {-2614, 580}, {196, 189, 187, 255} }},
	{{ {5554, 1977, -8196}, 0, {-1626, 1723}, {196, 189, 187, 255} }},
	{{ {5554, 2095, -8196}, 0, {-2024, 580}, {198, 192, 189, 255} }},
	{{ {5554, 1926, -8196}, 0, {-1452, 2221}, {183, 173, 170, 255} }},
	{{ {5414, 1976, -8122}, 0, {-6937, 1740}, {195, 188, 186, 255} }},
	{{ {5413, 1926, -8121}, 0, {-7024, 2221}, {223, 220, 219, 255} }},
	{{ {5414, 2092, -8122}, 0, {-6767, 604}, {196, 189, 188, 255} }},
	{{ {5501, 2092, -7949}, 0, {-3993, 657}, {186, 188, 176, 255} }},
	{{ {5512, 1914, -7928}, 0, {-4233, 2341}, {208, 203, 202, 255} }},
	{{ {5501, 1976, -7949}, 0, {-4024, 1740}, {178, 166, 164, 255} }},
	{{ {6649, 2173, -8557}, 0, {5064, -180}, {208, 210, 197, 255} }},
	{{ {6661, 2110, -8536}, 0, {5180, 438}, {213, 215, 202, 255} }},
	{{ {6649, 2291, -8557}, 0, {5164, -1269}, {206, 206, 195, 255} }},
	{{ {6933, 2173, -8708}, 0, {3346, -180}, {212, 213, 201, 255} }},
	{{ {6933, 2291, -8708}, 0, {3391, -1271}, {207, 208, 196, 255} }},
	{{ {6942, 2110, -8686}, 0, {3130, 438}, {213, 215, 202, 255} }},
	{{ {7073, 2171, -8782}, 0, {9181, -163}, {204, 205, 193, 255} }},
	{{ {7083, 2110, -8760}, 0, {9277, 438}, {214, 214, 199, 255} }},
	{{ {7073, 2288, -8782}, 0, {9306, -1245}, {214, 210, 209, 255} }},
	{{ {6986, 2288, -8955}, 0, {5728, -1246}, {196, 189, 188, 255} }},
	{{ {6986, 2110, -8955}, 0, {5758, 410}, {254, 254, 254, 255} }},
	{{ {6986, 2171, -8955}, 0, {5748, -163}, {190, 182, 180, 255} }},
	{{ {6845, 2173, -8880}, 0, {6969, -180}, {191, 183, 181, 255} }},
	{{ {6845, 2110, -8880}, 0, {7024, 408}, {254, 254, 254, 255} }},
	{{ {6845, 2291, -8880}, 0, {6869, -1269}, {196, 189, 188, 255} }},
	{{ {6562, 2173, -8730}, 0, {3562, -180}, {198, 191, 190, 255} }},
	{{ {6562, 2291, -8730}, 0, {3516, -1271}, {202, 196, 195, 255} }},
	{{ {6563, 2110, -8730}, 0, {3593, 408}, {255, 255, 255, 255} }},
	{{ {6423, 2171, -8656}, 0, {2860, -163}, {191, 183, 181, 255} }},
	{{ {6423, 2110, -8656}, 0, {2894, 428}, {255, 255, 255, 255} }},
	{{ {6423, 2288, -8656}, 0, {2797, -1280}, {200, 194, 193, 255} }},
	{{ {6510, 2288, -8483}, 0, {1194, -1246}, {196, 190, 186, 255} }},
	{{ {6521, 2110, -8462}, 0, {955, 438}, {215, 213, 193, 255} }},
	{{ {6510, 2171, -8483}, 0, {1164, -163}, {206, 208, 195, 255} }},
	{{ {4599, 950, -6683}, 0, {-4734, 1723}, {176, 162, 160, 255} }},
	{{ {4599, 886, -6683}, 0, {-4618, 2341}, {196, 188, 187, 255} }},
	{{ {4599, 1067, -6683}, 0, {-4450, 580}, {196, 189, 188, 255} }},
	{{ {4454, 950, -6969}, 0, {-1842, 1722}, {196, 189, 188, 255} }},
	{{ {4469, 1067, -6939}, 0, {-1993, 580}, {215, 211, 211, 255} }},
	{{ {4476, 886, -6978}, 0, {-2057, 2341}, {175, 162, 159, 255} }},
	{{ {4280, 950, -6885}, 0, {-2829, 1722}, {195, 188, 186, 254} }},
	{{ {4259, 886, -6873}, 0, {-2945, 2341}, {192, 184, 182, 249} }},
	{{ {4295, 1067, -6856}, 0, {-3112, 580}, {223, 221, 220, 255} }},
	{{ {4425, 950, -6599}, 0, {-1626, 1723}, {196, 189, 188, 255} }},
	{{ {4425, 1067, -6599}, 0, {-1475, 580}, {208, 203, 202, 255} }},
	{{ {4403, 886, -6590}, 0, {-1411, 2341}, {172, 157, 153, 255} }},
	{{ {4497, 948, -6458}, 0, {-6937, 1740}, {191, 183, 181, 255} }},
	{{ {4475, 886, -6448}, 0, {-7042, 2341}, {176, 163, 160, 255} }},
	{{ {4497, 1065, -6458}, 0, {-7209, 604}, {193, 186, 184, 255} }},
	{{ {795, 1, -40}, 0, {1008, 1207}, {255, 254, 254, 255} }},
	{{ {560, -161, -608}, 0, {-2546, 188}, {173, 174, 164, 255} }},
	{{ {560, 1, -608}, 0, {-2546, 1207}, {255, 255, 255, 255} }},
	{{ {795, -161, -40}, 0, {1008, 188}, {173, 175, 164, 255} }},
	{{ {560, 1, 527}, 0, {4562, 1207}, {175, 176, 166, 255} }},
	{{ {560, -161, 527}, 0, {4562, 188}, {184, 185, 177, 255} }},
	{{ {-8, 1, 763}, 0, {1008, 1207}, {173, 175, 164, 255} }},
	{{ {-8, -161, 763}, 0, {1008, 188}, {204, 183, 165, 255} }},
	{{ {560, -161, 527}, 0, {-2546, 188}, {184, 185, 177, 255} }},
	{{ {560, 1, 527}, 0, {-2546, 1207}, {175, 176, 166, 255} }},
	{{ {-811, 1, -40}, 0, {1008, 1207}, {173, 175, 164, 255} }},
	{{ {-576, -161, 527}, 0, {4562, 188}, {182, 182, 173, 255} }},
	{{ {-576, 1, 527}, 0, {4562, 1207}, {173, 175, 164, 255} }},
	{{ {-811, 1, -40}, 0, {1008, 1207}, {173, 175, 164, 255} }},
	{{ {-811, -161, -40}, 0, {1008, 188}, {173, 175, 164, 255} }},
	{{ {-576, -161, 527}, 0, {4562, 188}, {182, 182, 173, 255} }},
	{{ {-576, 1, -608}, 0, {-2546, 1207}, {254, 254, 254, 255} }},
	{{ {-576, -161, -608}, 0, {-2546, 188}, {173, 175, 164, 255} }},
	{{ {-576, 1, 527}, 0, {4562, 1207}, {173, 175, 164, 255} }},
	{{ {-576, -161, 527}, 0, {4562, 188}, {182, 182, 173, 255} }},
	{{ {-8, -161, 763}, 0, {1008, 188}, {204, 183, 165, 255} }},
	{{ {-8, 1, 763}, 0, {1008, 1207}, {173, 175, 164, 255} }},
	{{ {5843, 2110, -9467}, 0, {6315, -2352}, {188, 178, 165, 255} }},
	{{ {5843, 1914, -9467}, 0, {6315, -3134}, {199, 199, 184, 255} }},
	{{ {6250, 1914, -8318}, 0, {10622, -3134}, {162, 159, 141, 255} }},
	{{ {6250, 2012, -8318}, 0, {10622, -2743}, {208, 209, 196, 255} }},
	{{ {6250, 2110, -8318}, 0, {10622, -2352}, {214, 213, 194, 255} }},
	{{ {5372, 2110, -7853}, 0, {-7306, 2674}, {255, 255, 255, 255} }},
	{{ {5263, 2110, -8069}, 0, {-7306, 1544}, {242, 241, 240, 255} }},
	{{ {5161, 2092, -7988}, 0, {-8627, 1659}, {188, 179, 172, 255} }},
	{{ {5248, 2092, -7815}, 0, {-8627, 2564}, {208, 210, 197, 255} }},
	{{ {5372, 1914, -7853}, 0, {-7349, 2341}, {228, 226, 224, 255} }},
	{{ {5372, 2110, -7853}, 0, {-7349, 438}, {255, 255, 255, 255} }},
	{{ {5248, 2092, -7815}, 0, {-8547, 604}, {208, 210, 197, 255} }},
	{{ {5248, 1914, -7815}, 0, {-8547, 2341}, {200, 193, 186, 255} }},
	{{ {5248, 1914, -7815}, 0, {-5328, 2341}, {200, 193, 186, 255} }},
	{{ {5248, 2092, -7815}, 0, {-5328, 604}, {208, 210, 197, 255} }},
	{{ {5161, 2092, -7988}, 0, {-3650, 604}, {188, 179, 172, 255} }},
	{{ {5161, 1926, -7988}, 0, {-3650, 2221}, {187, 181, 164, 255} }},
	{{ {6106, 1926, -8517}, 0, {-214, 2221}, {208, 210, 197, 255} }},
	{{ {6106, 2110, -8517}, 0, {-214, 438}, {239, 238, 238, 255} }},
	{{ {6167, 2110, -8552}, 0, {378, 438}, {195, 188, 187, 255} }},
	{{ {6220, 1926, -8583}, 0, {889, 2221}, {255, 255, 255, 255} }},
	{{ {5554, 1926, -8196}, 0, {-5668, 2221}, {183, 173, 170, 255} }},
	{{ {5554, 2095, -8196}, 0, {-5559, 581}, {198, 192, 189, 255} }},
	{{ {5685, 2110, -8293}, 0, {-4310, 438}, {255, 255, 255, 255} }},
	{{ {5685, 1926, -8293}, 0, {-4310, 2221}, {196, 189, 188, 255} }},
	{{ {5934, 1914, -8152}, 0, {-1886, 2341}, {187, 177, 175, 255} }},
	{{ {5924, 2095, -8174}, 0, {-1996, 582}, {155, 156, 147, 255} }},
	{{ {5793, 2110, -8077}, 0, {-3252, 438}, {255, 255, 255, 255} }},
	{{ {5793, 1914, -8077}, 0, {-3252, 2341}, {213, 209, 208, 255} }},
	{{ {5924, 2095, -8174}, 0, {-2415, 2548}, {155, 156, 147, 255} }},
	{{ {5837, 2095, -8346}, 0, {-2418, 1644}, {196, 189, 187, 255} }},
	{{ {5685, 2110, -8293}, 0, {-3430, 1534}, {255, 255, 255, 255} }},
	{{ {5793, 2110, -8077}, 0, {-3430, 2664}, {255, 255, 255, 255} }},
	{{ {6215, 2110, -8301}, 0, {446, 2655}, {212, 214, 201, 255} }},
	{{ {6106, 2110, -8517}, 0, {446, 1524}, {239, 238, 238, 255} }},
	{{ {5978, 2092, -8421}, 0, {-1120, 1641}, {206, 207, 202, 255} }},
	{{ {6065, 2092, -8248}, 0, {-1120, 2545}, {208, 210, 197, 255} }},
	{{ {6215, 1914, -8301}, 0, {845, 2341}, {162, 159, 141, 255} }},
	{{ {6215, 2110, -8301}, 0, {845, 438}, {212, 214, 201, 255} }},
	{{ {6065, 2092, -8248}, 0, {-626, 606}, {208, 210, 197, 255} }},
	{{ {6075, 1914, -8226}, 0, {-521, 2341}, {196, 189, 187, 255} }},
	{{ {5837, 1977, -8346}, 0, {-2829, 1722}, {216, 212, 212, 255} }},
	{{ {5978, 1976, -8421}, 0, {-1463, 1740}, {195, 190, 188, 255} }},
	{{ {5978, 1926, -8421}, 0, {-1556, 2221}, {193, 186, 183, 255} }},
	{{ {5837, 1926, -8346}, 0, {-2922, 2221}, {195, 188, 187, 255} }},
	{{ {5263, 1926, -8069}, 0, {-8407, 2221}, {181, 168, 150, 255} }},
	{{ {5263, 2110, -8069}, 0, {-8407, 438}, {242, 241, 240, 255} }},
	{{ {5414, 2092, -8122}, 0, {-6932, 605}, {196, 189, 188, 255} }},
	{{ {5413, 1926, -8121}, 0, {-7035, 2221}, {223, 220, 219, 255} }},
	{{ {5641, 2095, -8023}, 0, {-3141, 624}, {208, 210, 197, 255} }},
	{{ {5554, 2095, -8196}, 0, {-1492, 663}, {198, 192, 189, 255} }},
	{{ {5554, 1977, -8196}, 0, {-1626, 1723}, {196, 189, 187, 255} }},
	{{ {5641, 1977, -8023}, 0, {-3303, 1723}, {197, 190, 189, 255} }},
	{{ {5685, 1926, -8293}, 0, {-4310, 2221}, {196, 189, 188, 255} }},
	{{ {5685, 2110, -8293}, 0, {-4310, 438}, {255, 255, 255, 255} }},
	{{ {5837, 2095, -8346}, 0, {-2825, 581}, {196, 189, 187, 255} }},
	{{ {5837, 1926, -8346}, 0, {-2937, 2221}, {195, 188, 187, 255} }},
	{{ {6065, 1976, -8248}, 0, {-617, 1740}, {162, 159, 141, 255} }},
	{{ {5924, 1977, -8174}, 0, {-1982, 1722}, {186, 177, 175, 255} }},
	{{ {5934, 1914, -8152}, 0, {-1886, 2341}, {187, 177, 175, 255} }},
	{{ {6075, 1914, -8226}, 0, {-521, 2341}, {196, 189, 187, 255} }},
	{{ {6250, 1914, -8318}, 0, {1184, 2341}, {162, 159, 141, 255} }},
	{{ {6250, 2110, -8318}, 0, {1184, 438}, {214, 213, 194, 255} }},
	{{ {6215, 2110, -8301}, 0, {845, 438}, {212, 214, 201, 255} }},
	{{ {6215, 1914, -8301}, 0, {845, 2341}, {162, 159, 141, 255} }},
	{{ {6250, 2110, -8318}, 0, {918, 2660}, {214, 213, 194, 255} }},
	{{ {6167, 2110, -8552}, 0, {918, 1510}, {195, 188, 187, 255} }},
	{{ {6106, 2110, -8517}, 0, {446, 1524}, {239, 238, 238, 255} }},
	{{ {6215, 2110, -8301}, 0, {446, 2655}, {212, 214, 201, 255} }},
	{{ {5978, 1926, -8421}, 0, {-1570, 2221}, {193, 186, 183, 255} }},
	{{ {5978, 2092, -8421}, 0, {-1445, 605}, {206, 207, 202, 255} }},
	{{ {6106, 2110, -8517}, 0, {-214, 438}, {239, 238, 238, 255} }},
	{{ {6106, 1926, -8517}, 0, {-214, 2221}, {208, 210, 197, 255} }},
	{{ {5793, 2110, -8077}, 0, {-3430, 2664}, {255, 255, 255, 255} }},
	{{ {5685, 2110, -8293}, 0, {-3430, 1534}, {255, 255, 255, 255} }},
	{{ {5554, 2095, -8196}, 0, {-5015, 1650}, {198, 192, 189, 255} }},
	{{ {5641, 2095, -8023}, 0, {-5019, 2555}, {208, 210, 197, 255} }},
	{{ {5793, 1914, -8077}, 0, {-3252, 2341}, {213, 209, 208, 255} }},
	{{ {5793, 2110, -8077}, 0, {-3252, 438}, {255, 255, 255, 255} }},
	{{ {5641, 2095, -8023}, 0, {-4744, 582}, {208, 210, 197, 255} }},
	{{ {5653, 1914, -8002}, 0, {-4618, 2341}, {242, 241, 241, 255} }},
	{{ {5414, 1976, -8122}, 0, {-6937, 1740}, {195, 188, 186, 255} }},
	{{ {5554, 1977, -8196}, 0, {-5581, 1723}, {196, 189, 187, 255} }},
	{{ {5554, 1926, -8196}, 0, {-5658, 2221}, {183, 173, 170, 255} }},
	{{ {5413, 1926, -8121}, 0, {-7023, 2221}, {223, 220, 219, 255} }},
	{{ {5161, 1926, -7988}, 0, {-9394, 2221}, {187, 181, 164, 255} }},
	{{ {5161, 2092, -7988}, 0, {-9394, 604}, {188, 179, 172, 255} }},
	{{ {5263, 2110, -8069}, 0, {-8407, 438}, {242, 241, 240, 255} }},
	{{ {5263, 1926, -8069}, 0, {-8407, 2221}, {181, 168, 150, 255} }},
	{{ {5512, 1914, -7928}, 0, {-5983, 2341}, {208, 203, 202, 255} }},
	{{ {5501, 2092, -7949}, 0, {-6104, 606}, {186, 188, 176, 255} }},
	{{ {5372, 2110, -7853}, 0, {-7349, 438}, {255, 255, 255, 255} }},
	{{ {5372, 1914, -7853}, 0, {-7349, 2341}, {228, 226, 224, 255} }},
	{{ {5501, 2092, -7949}, 0, {-6303, 2558}, {186, 188, 176, 255} }},
	{{ {5414, 2092, -8122}, 0, {-6307, 1654}, {196, 189, 188, 255} }},
	{{ {5263, 2110, -8069}, 0, {-7306, 1544}, {242, 241, 240, 255} }},
	{{ {5372, 2110, -7853}, 0, {-7306, 2674}, {255, 255, 255, 255} }},
	{{ {5641, 1977, -8023}, 0, {-5019, 2555}, {197, 190, 189, 255} }},
	{{ {5554, 1977, -8196}, 0, {-5019, 1650}, {196, 189, 187, 255} }},
	{{ {5414, 1976, -8122}, 0, {-6303, 1654}, {195, 188, 186, 255} }},
	{{ {5501, 1976, -7949}, 0, {-6303, 2558}, {178, 166, 164, 255} }},
	{{ {5414, 2092, -8122}, 0, {-2501, 644}, {196, 189, 188, 255} }},
	{{ {5501, 2092, -7949}, 0, {-4153, 681}, {186, 188, 176, 255} }},
	{{ {5501, 1976, -7949}, 0, {-4024, 1740}, {178, 166, 164, 255} }},
	{{ {5414, 1976, -8122}, 0, {-2346, 1740}, {195, 188, 186, 255} }},
	{{ {5641, 1977, -8023}, 0, {-4734, 1723}, {197, 190, 189, 255} }},
	{{ {5501, 1976, -7949}, 0, {-6091, 1740}, {178, 166, 164, 255} }},
	{{ {5512, 1914, -7928}, 0, {-5983, 2341}, {208, 203, 202, 255} }},
	{{ {5653, 1914, -8002}, 0, {-4618, 2341}, {242, 241, 241, 255} }},
	{{ {6065, 1976, -8248}, 0, {-1120, 2545}, {162, 159, 141, 255} }},
	{{ {5978, 1976, -8421}, 0, {-1123, 1640}, {195, 190, 188, 255} }},
	{{ {5837, 1977, -8346}, 0, {-2415, 1644}, {216, 212, 212, 255} }},
	{{ {5924, 1977, -8174}, 0, {-2415, 2548}, {186, 177, 175, 255} }},
	{{ {5837, 2095, -8346}, 0, {-299, 663}, {196, 189, 187, 255} }},
	{{ {5924, 2095, -8174}, 0, {-1958, 624}, {155, 156, 147, 255} }},
	{{ {5924, 1977, -8174}, 0, {-1842, 1722}, {186, 177, 175, 255} }},
	{{ {5837, 1977, -8346}, 0, {-165, 1722}, {216, 212, 212, 255} }},
	{{ {6065, 2092, -8248}, 0, {-992, 677}, {208, 210, 197, 255} }},
	{{ {5978, 2092, -8421}, 0, {670, 642}, {206, 207, 202, 255} }},
	{{ {5978, 1976, -8421}, 0, {560, 1740}, {195, 190, 188, 255} }},
	{{ {6065, 1976, -8248}, 0, {-1117, 1740}, {162, 159, 141, 255} }},
	{{ {6380, 2305, -8387}, 0, {2115, 2657}, {249, 249, 249, 255} }},
	{{ {6290, 2305, -8662}, 0, {2115, 1322}, {253, 253, 253, 255} }},
	{{ {6218, 2288, -8576}, 0, {1253, 1524}, {206, 207, 195, 255} }},
	{{ {6286, 2274, -8337}, 0, {1253, 2659}, {220, 216, 216, 255} }},
	{{ {6380, 2110, -8387}, 0, {2449, 438}, {213, 215, 202, 255} }},
	{{ {6380, 2305, -8387}, 0, {2449, -1465}, {249, 249, 249, 255} }},
	{{ {6286, 2274, -8337}, 0, {1538, -1157}, {220, 216, 216, 255} }},
	{{ {6250, 2110, -8318}, 0, {1184, 438}, {214, 213, 194, 255} }},
	{{ {6250, 2110, -8318}, 0, {-441, 438}, {214, 213, 194, 255} }},
	{{ {6286, 2274, -8337}, 0, {-253, -1157}, {220, 216, 216, 255} }},
	{{ {6218, 2288, -8576}, 0, {2092, -1271}, {206, 207, 195, 255} }},
	{{ {6203, 2110, -8571}, 0, {2045, 464}, {193, 185, 183, 255} }},
	{{ {6563, 2110, -8730}, 0, {4100, 421}, {255, 255, 255, 255} }},
	{{ {6562, 2291, -8730}, 0, {4235, -1324}, {202, 196, 195, 255} }},
	{{ {6693, 2305, -8827}, 0, {5487, -1465}, {251, 250, 250, 255} }},
	{{ {6693, 2110, -8827}, 0, {5487, 438}, {255, 255, 255, 255} }},
	{{ {6942, 2110, -8686}, 0, {7911, 438}, {213, 215, 202, 255} }},
	{{ {6933, 2291, -8708}, 0, {7802, -1321}, {207, 208, 196, 255} }},
	{{ {6802, 2305, -8611}, 0, {6546, -1465}, {253, 253, 253, 255} }},
	{{ {6802, 2110, -8611}, 0, {6546, 438}, {213, 215, 202, 255} }},
	{{ {6933, 2291, -8708}, 0, {6832, 2531}, {207, 208, 196, 255} }},
	{{ {6845, 2291, -8880}, 0, {6832, 1626}, {196, 189, 188, 255} }},
	{{ {6693, 2305, -8827}, 0, {5820, 1516}, {251, 250, 250, 255} }},
	{{ {6802, 2305, -8611}, 0, {5820, 2647}, {253, 253, 253, 255} }},
	{{ {7223, 2305, -8835}, 0, {9868, 2637}, {252, 252, 251, 255} }},
	{{ {7101, 2305, -9064}, 0, {9868, 1420}, {253, 253, 253, 255} }},
	{{ {6986, 2288, -8955}, 0, {8131, 1623}, {196, 189, 188, 255} }},
	{{ {7073, 2288, -8782}, 0, {8131, 2527}, {214, 210, 209, 255} }},
	{{ {7218, 2110, -8832}, 0, {10591, 438}, {215, 212, 190, 255} }},
	{{ {7223, 2305, -8835}, 0, {10643, -1465}, {252, 251, 251, 255} }},
	{{ {7073, 2288, -8782}, 0, {9172, -1297}, {214, 210, 209, 255} }},
	{{ {7083, 2110, -8760}, 0, {9277, 438}, {214, 214, 199, 255} }},
	{{ {6845, 2173, -8880}, 0, {6969, -180}, {191, 183, 181, 255} }},
	{{ {6986, 2171, -8955}, 0, {8335, -163}, {190, 182, 180, 255} }},
	{{ {6986, 2110, -8955}, 0, {8239, 359}, {254, 254, 254, 255} }},
	{{ {6845, 2110, -8880}, 0, {6873, 359}, {254, 254, 254, 255} }},
	{{ {6290, 2110, -8662}, 0, {1571, 438}, {255, 255, 255, 255} }},
	{{ {6290, 2305, -8662}, 0, {1571, -1465}, {253, 253, 253, 255} }},
	{{ {6423, 2288, -8656}, 0, {2937, -1295}, {200, 194, 193, 255} }},
	{{ {6423, 2110, -8656}, 0, {2841, 434}, {255, 255, 255, 255} }},
	{{ {6649, 2291, -8557}, 0, {2047, -1279}, {206, 206, 195, 255} }},
	{{ {6562, 2291, -8730}, 0, {3696, -1240}, {202, 196, 195, 255} }},
	{{ {6562, 2173, -8730}, 0, {3562, -180}, {198, 191, 190, 255} }},
	{{ {6649, 2173, -8557}, 0, {1885, -180}, {208, 210, 197, 255} }},
	{{ {6693, 2110, -8827}, 0, {5487, 438}, {255, 255, 255, 255} }},
	{{ {6693, 2305, -8827}, 0, {5487, -1465}, {251, 250, 250, 255} }},
	{{ {6845, 2291, -8880}, 0, {6975, -1324}, {196, 189, 188, 255} }},
	{{ {6845, 2110, -8880}, 0, {6879, 421}, {254, 254, 254, 255} }},
	{{ {7073, 2171, -8782}, 0, {9181, -163}, {204, 205, 193, 255} }},
	{{ {6933, 2173, -8708}, 0, {7816, -180}, {212, 213, 201, 255} }},
	{{ {6942, 2110, -8686}, 0, {7911, 438}, {213, 215, 202, 255} }},
	{{ {7083, 2110, -8760}, 0, {9277, 438}, {214, 214, 199, 255} }},
	{{ {6986, 2110, -8955}, 0, {8186, 419}, {254, 254, 254, 255} }},
	{{ {6986, 2288, -8955}, 0, {8381, -1299}, {196, 189, 188, 255} }},
	{{ {7101, 2305, -9064}, 0, {9451, -1465}, {253, 253, 253, 255} }},
	{{ {7101, 2110, -9064}, 0, {9451, 438}, {255, 255, 255, 255} }},
	{{ {6802, 2305, -8611}, 0, {5820, 2647}, {253, 253, 253, 255} }},
	{{ {6693, 2305, -8827}, 0, {5820, 1516}, {251, 250, 250, 255} }},
	{{ {6562, 2291, -8730}, 0, {4235, 1633}, {202, 196, 195, 255} }},
	{{ {6649, 2291, -8557}, 0, {4238, 2537}, {206, 206, 195, 255} }},
	{{ {6802, 2110, -8611}, 0, {6546, 438}, {213, 215, 202, 255} }},
	{{ {6802, 2305, -8611}, 0, {6546, -1465}, {253, 253, 253, 255} }},
	{{ {6649, 2291, -8557}, 0, {5054, -1321}, {206, 206, 195, 255} }},
	{{ {6661, 2110, -8536}, 0, {5180, 438}, {213, 215, 202, 255} }},
	{{ {6423, 2171, -8656}, 0, {2860, -163}, {191, 183, 181, 255} }},
	{{ {6562, 2173, -8730}, 0, {4217, -180}, {198, 191, 190, 255} }},
	{{ {6563, 2110, -8730}, 0, {4130, 359}, {255, 255, 255, 255} }},
	{{ {6423, 2110, -8656}, 0, {2764, 359}, {255, 255, 255, 255} }},
	{{ {6203, 2110, -8571}, 0, {1985, 439}, {193, 185, 183, 255} }},
	{{ {6218, 2288, -8576}, 0, {2029, -1298}, {206, 207, 195, 255} }},
	{{ {6290, 2305, -8662}, 0, {2901, -1465}, {253, 253, 253, 255} }},
	{{ {6290, 2110, -8662}, 0, {2901, 438}, {255, 255, 255, 255} }},
	{{ {6521, 2110, -8462}, 0, {3814, 438}, {215, 213, 193, 255} }},
	{{ {6510, 2288, -8483}, 0, {3694, -1297}, {196, 190, 186, 255} }},
	{{ {6380, 2305, -8387}, 0, {2449, -1465}, {249, 249, 249, 255} }},
	{{ {6380, 2110, -8387}, 0, {2449, 438}, {213, 215, 202, 255} }},
	{{ {6510, 2288, -8483}, 0, {3635, 2558}, {196, 190, 186, 255} }},
	{{ {6423, 2288, -8656}, 0, {3635, 1244}, {200, 194, 193, 255} }},
	{{ {6290, 2305, -8662}, 0, {2115, 1322}, {253, 253, 253, 255} }},
	{{ {6380, 2305, -8387}, 0, {2115, 2657}, {249, 249, 249, 255} }},
	{{ {6649, 2173, -8557}, 0, {4235, 2537}, {208, 210, 197, 255} }},
	{{ {6562, 2173, -8730}, 0, {4231, 1633}, {198, 191, 190, 255} }},
	{{ {6423, 2171, -8656}, 0, {2947, 1636}, {191, 183, 181, 255} }},
	{{ {6510, 2171, -8483}, 0, {2947, 2540}, {206, 208, 195, 255} }},
	{{ {6423, 2288, -8656}, 0, {2509, -1240}, {200, 194, 193, 255} }},
	{{ {6510, 2288, -8483}, 0, {1049, -1259}, {196, 190, 186, 255} }},
	{{ {6510, 2171, -8483}, 0, {1164, -163}, {206, 208, 195, 255} }},
	{{ {6423, 2171, -8656}, 0, {2842, -163}, {191, 183, 181, 255} }},
	{{ {6649, 2173, -8557}, 0, {5064, -180}, {208, 210, 197, 255} }},
	{{ {6510, 2171, -8483}, 0, {3707, -163}, {206, 208, 195, 255} }},
	{{ {6521, 2110, -8462}, 0, {3814, 438}, {215, 213, 193, 255} }},
	{{ {6661, 2110, -8536}, 0, {5180, 438}, {213, 215, 202, 255} }},
	{{ {7073, 2171, -8782}, 0, {8131, 2527}, {204, 205, 193, 255} }},
	{{ {6986, 2171, -8955}, 0, {8127, 1623}, {190, 182, 180, 255} }},
	{{ {6845, 2173, -8880}, 0, {6835, 1626}, {191, 183, 181, 255} }},
	{{ {6933, 2173, -8708}, 0, {6832, 2531}, {212, 213, 201, 255} }},
	{{ {6845, 2291, -8880}, 0, {4889, -1240}, {196, 189, 188, 255} }},
	{{ {6933, 2291, -8708}, 0, {3230, -1279}, {207, 208, 196, 255} }},
	{{ {6933, 2173, -8708}, 0, {3346, -180}, {212, 213, 201, 255} }},
	{{ {6845, 2173, -8880}, 0, {5023, -180}, {191, 183, 181, 255} }},
	{{ {7073, 2288, -8782}, 0, {4220, -1261}, {214, 210, 209, 255} }},
	{{ {6986, 2288, -8955}, 0, {5873, -1226}, {196, 189, 188, 255} }},
	{{ {6986, 2171, -8955}, 0, {5748, -163}, {190, 182, 180, 255} }},
	{{ {7073, 2171, -8782}, 0, {4070, -163}, {204, 205, 193, 255} }},
	{{ {5228, 1914, -7776}, 0, {-7470, 2341}, {192, 183, 171, 255} }},
	{{ {6250, 1914, -8318}, 0, {-3019, 2341}, {162, 159, 141, 255} }},
	{{ {6250, 1926, -8318}, 0, {-3019, 2296}, {162, 159, 141, 255} }},
	{{ {5228, 1926, -7776}, 0, {-7470, 2296}, {194, 185, 175, 255} }},
	{{ {5116, 1914, -8008}, 0, {-7231, 2341}, {170, 153, 121, 255} }},
	{{ {5228, 1914, -7776}, 0, {-8224, 2341}, {192, 183, 171, 255} }},
	{{ {5228, 1926, -7776}, 0, {-8224, 2296}, {194, 185, 175, 255} }},
	{{ {5128, 1926, -7991}, 0, {-7285, 2296}, {170, 153, 121, 255} }},
	{{ {5843, 1914, -9467}, 0, {-1257, 2416}, {199, 199, 184, 255} }},
	{{ {5128, 1926, -7991}, 0, {-7285, 2296}, {170, 153, 121, 255} }},
	{{ {5854, 1926, -9436}, 0, {-1339, 2406}, {207, 209, 196, 255} }},
	{{ {5843, 2110, -9467}, 0, {1704, -2355}, {188, 178, 165, 255} }},
	{{ {6693, 2110, -9872}, 0, {-1682, -2355}, {196, 189, 188, 255} }},
	{{ {6693, 3459, -9872}, 0, {-1682, 3017}, {255, 255, 255, 255} }},
	{{ {5843, 3459, -9467}, 0, {1704, 3017}, {241, 219, 214, 255} }},
	{{ {5764, 1914, -9997}, 0, {4205, -3134}, {170, 153, 121, 255} }},
	{{ {5843, 1914, -9467}, 0, {6315, -3134}, {199, 199, 184, 255} }},
	{{ {5843, 3459, -9467}, 0, {6315, 3017}, {241, 219, 214, 255} }},
	{{ {5764, 3459, -9997}, 0, {4205, 3017}, {241, 219, 214, 255} }},
	{{ {5530, 1914, -11127}, 0, {-295, -3134}, {170, 153, 121, 255} }},
	{{ {5686, 1914, -10527}, 0, {2096, -3134}, {170, 153, 121, 255} }},
	{{ {5686, 3459, -10527}, 0, {2096, 3017}, {241, 219, 214, 255} }},
	{{ {5530, 3459, -11127}, 0, {-295, 3017}, {241, 219, 214, 255} }},
	{{ {5530, 1914, -11719}, 0, {-2653, -3134}, {184, 173, 157, 255} }},
	{{ {5530, 2012, -11127}, 0, {-295, -2743}, {158, 150, 137, 255} }},
	{{ {5530, 2012, -11719}, 0, {-2653, -2743}, {192, 183, 172, 255} }},
	{{ {6253, 1914, -10060}, 0, {69, -3134}, {198, 192, 178, 255} }},
	{{ {5764, 1914, -9997}, 0, {2016, -3134}, {170, 153, 121, 255} }},
	{{ {5764, 3459, -9997}, 0, {2016, 3017}, {241, 219, 214, 255} }},
	{{ {6253, 3459, -10060}, 0, {69, 3017}, {241, 219, 214, 255} }},
	{{ {5686, 1914, -10527}, 0, {2328, -3134}, {170, 153, 121, 255} }},
	{{ {6175, 1914, -10590}, 0, {381, -3134}, {198, 192, 178, 255} }},
	{{ {6175, 3459, -10590}, 0, {381, 3017}, {255, 255, 255, 255} }},
	{{ {5686, 3459, -10527}, 0, {2328, 3017}, {241, 219, 214, 255} }},
	{{ {5686, 1914, -10527}, 0, {2096, -3134}, {170, 153, 121, 255} }},
	{{ {5764, 1914, -9997}, 0, {4205, -3134}, {170, 153, 121, 255} }},
	{{ {5764, 2012, -9997}, 0, {4205, -2743}, {170, 153, 121, 255} }},
	{{ {5686, 2012, -10527}, 0, {2096, -2743}, {177, 165, 143, 255} }},
	{{ {5530, 2012, -11127}, 0, {2948, -2892}, {158, 150, 137, 255} }},
	{{ {5530, 3459, -11127}, 0, {2948, 2868}, {241, 219, 214, 255} }},
	{{ {6229, 3459, -11218}, 0, {166, 2868}, {255, 255, 255, 255} }},
	{{ {6229, 2012, -11218}, 0, {166, -2892}, {157, 150, 136, 255} }},
	{{ {6073, 2012, -11818}, 0, {213, 3640}, {205, 190, 189, 255} }},
	{{ {6073, 3358, -11818}, 0, {213, -2492}, {255, 255, 255, 255} }},
	{{ {5563, 3358, -11728}, 0, {-2113, -2492}, {229, 208, 203, 255} }},
	{{ {5530, 2012, -11719}, 0, {-2263, 3640}, {192, 183, 172, 255} }},
	{{ {5686, 3309, -10527}, 0, {2096, 2421}, {224, 205, 198, 255} }},
	{{ {5764, 3309, -9997}, 0, {4205, 2421}, {214, 204, 186, 255} }},
	{{ {5764, 3459, -9997}, 0, {4205, 3017}, {241, 219, 214, 255} }},
	{{ {5686, 3459, -10527}, 0, {2096, 3017}, {241, 219, 214, 255} }},
	{{ {6385, 2633, -10617}, 0, {1736, -272}, {147, 141, 128, 255} }},
	{{ {6229, 2633, -11218}, 0, {-655, -272}, {166, 159, 147, 255} }},
	{{ {6229, 3459, -11218}, 0, {-655, 3017}, {255, 255, 255, 255} }},
	{{ {6385, 3459, -10617}, 0, {1736, 3017}, {227, 209, 205, 255} }},
	{{ {6073, 2012, -11818}, 0, {-3046, -2743}, {205, 190, 189, 255} }},
	{{ {6229, 2012, -11218}, 0, {-655, -2743}, {157, 150, 136, 255} }},
	{{ {6229, 2151, -11218}, 0, {-655, -2083}, {119, 113, 103, 255} }},
	{{ {6073, 2151, -11818}, 0, {-3046, -2083}, {214, 199, 198, 255} }},
	{{ {6699, 2151, -11536}, 0, {-1707, -2338}, {125, 118, 110, 255} }},
	{{ {6229, 2151, -11218}, 0, {166, -2338}, {119, 113, 103, 255} }},
	{{ {6229, 2633, -11218}, 0, {166, -422}, {166, 159, 147, 255} }},
	{{ {6699, 2633, -11536}, 0, {-1707, -422}, {147, 133, 130, 255} }},
	{{ {6073, 2151, -11818}, 0, {213, 3005}, {214, 199, 198, 255} }},
	{{ {6582, 2151, -11949}, 0, {2530, 3005}, {149, 143, 131, 255} }},
	{{ {6582, 3358, -11949}, 0, {2530, -2492}, {196, 189, 188, 255} }},
	{{ {6073, 3358, -11818}, 0, {213, -2492}, {255, 255, 255, 255} }},
	{{ {6582, 2151, -11949}, 0, {3521, 3005}, {149, 143, 131, 255} }},
	{{ {6699, 2151, -11536}, 0, {1641, 3005}, {125, 118, 110, 255} }},
	{{ {6699, 3161, -11536}, 0, {1641, -1593}, {196, 189, 188, 255} }},
	{{ {6582, 3358, -11949}, 0, {3521, -2492}, {196, 189, 188, 255} }},
	{{ {4764, 1082, -6411}, 0, {-1301, 6080}, {255, 255, 255, 255} }},
	{{ {4547, 1082, -6306}, 0, {-3504, 6080}, {255, 255, 255, 255} }},
	{{ {4626, 1065, -6203}, 0, {-3325, 7481}, {186, 177, 175, 255} }},
	{{ {4800, 1065, -6287}, 0, {-1563, 7481}, {179, 167, 165, 255} }},
	{{ {4764, 886, -6411}, 0, {-7349, 2341}, {196, 189, 188, 255} }},
	{{ {4764, 1082, -6411}, 0, {-7349, 438}, {255, 255, 255, 255} }},
	{{ {4800, 1065, -6287}, 0, {-8547, 604}, {179, 167, 165, 255} }},
	{{ {4800, 886, -6287}, 0, {-8547, 2341}, {194, 186, 184, 255} }},
	{{ {4800, 886, -6287}, 0, {-5328, 2341}, {194, 186, 184, 255} }},
	{{ {4800, 1065, -6287}, 0, {-5328, 604}, {179, 167, 165, 255} }},
	{{ {4626, 1065, -6203}, 0, {-3650, 604}, {186, 177, 175, 255} }},
	{{ {4626, 886, -6203}, 0, {-3650, 2341}, {194, 186, 184, 255} }},
	{{ {4403, 886, -6590}, 0, {-5676, 2341}, {172, 157, 153, 255} }},
	{{ {4425, 1067, -6599}, 0, {-5297, 580}, {208, 203, 202, 255} }},
	{{ {4331, 1082, -6731}, 0, {-4310, 438}, {254, 255, 254, 255} }},
	{{ {4331, 886, -6731}, 0, {-4310, 2341}, {201, 195, 194, 255} }},
	{{ {4476, 886, -6978}, 0, {-1886, 2341}, {175, 162, 159, 255} }},
	{{ {4469, 1067, -6939}, 0, {-2265, 580}, {215, 211, 211, 255} }},
	{{ {4548, 1082, -6836}, 0, {-3252, 438}, {255, 255, 255, 255} }},
	{{ {4548, 886, -6836}, 0, {-3252, 2341}, {196, 189, 188, 255} }},
	{{ {4469, 1067, -6939}, 0, {-1325, 1209}, {215, 211, 210, 255} }},
	{{ {4295, 1067, -6856}, 0, {-3088, 1209}, {223, 221, 220, 255} }},
	{{ {4331, 1082, -6731}, 0, {-3349, 1990}, {254, 255, 254, 255} }},
	{{ {4548, 1082, -6836}, 0, {-1146, 1990}, {255, 255, 255, 255} }},
	{{ {4280, 950, -6885}, 0, {-2829, 1722}, {195, 188, 186, 254} }},
	{{ {4208, 948, -7027}, 0, {-1463, 1740}, {191, 182, 180, 241} }},
	{{ {4187, 886, -7015}, 0, {-1579, 2341}, {238, 237, 235, 222} }},
	{{ {4259, 886, -6873}, 0, {-2945, 2341}, {192, 184, 182, 249} }},
	{{ {4547, 886, -6306}, 0, {-8407, 2341}, {180, 168, 166, 255} }},
	{{ {4547, 1082, -6306}, 0, {-8407, 438}, {255, 255, 255, 255} }},
	{{ {4497, 1065, -6458}, 0, {-7209, 604}, {193, 186, 184, 255} }},
	{{ {4475, 886, -6448}, 0, {-7042, 2341}, {176, 163, 160, 255} }},
	{{ {4599, 1067, -6683}, 0, {-3153, 580}, {196, 189, 188, 255} }},
	{{ {4425, 1067, -6599}, 0, {-1475, 580}, {208, 203, 202, 255} }},
	{{ {4425, 950, -6599}, 0, {-1626, 1723}, {196, 189, 188, 255} }},
	{{ {4599, 950, -6683}, 0, {-3303, 1723}, {176, 162, 160, 255} }},
	{{ {4331, 886, -6731}, 0, {-4310, 2341}, {201, 195, 194, 255} }},
	{{ {4331, 1082, -6731}, 0, {-4310, 438}, {254, 255, 254, 255} }},
	{{ {4295, 1067, -6856}, 0, {-3112, 580}, {223, 221, 220, 255} }},
	{{ {4259, 886, -6873}, 0, {-2945, 2341}, {192, 184, 182, 249} }},
	{{ {4382, 948, -7111}, 0, {-617, 1740}, {231, 230, 229, 255} }},
	{{ {4454, 950, -6969}, 0, {-1982, 1722}, {196, 189, 188, 255} }},
	{{ {4476, 886, -6978}, 0, {-1886, 2341}, {175, 162, 159, 255} }},
	{{ {4404, 886, -7120}, 0, {-521, 2341}, {196, 189, 187, 255} }},
	{{ {4548, 1082, -6836}, 0, {-1146, 1990}, {255, 255, 255, 255} }},
	{{ {4331, 1082, -6731}, 0, {-3349, 1990}, {254, 255, 254, 255} }},
	{{ {4425, 1067, -6599}, 0, {-3170, 3391}, {208, 203, 202, 255} }},
	{{ {4599, 1067, -6683}, 0, {-1408, 3391}, {196, 189, 188, 255} }},
	{{ {4548, 886, -6836}, 0, {-3252, 2341}, {196, 189, 188, 255} }},
	{{ {4548, 1082, -6836}, 0, {-3252, 438}, {255, 255, 255, 255} }},
	{{ {4599, 1067, -6683}, 0, {-4450, 580}, {196, 189, 188, 255} }},
	{{ {4599, 886, -6683}, 0, {-4618, 2341}, {196, 188, 187, 255} }},
	{{ {4497, 948, -6458}, 0, {-6937, 1740}, {191, 183, 181, 255} }},
	{{ {4425, 950, -6599}, 0, {-5581, 1723}, {196, 189, 188, 255} }},
	{{ {4403, 886, -6590}, 0, {-5676, 2341}, {172, 157, 153, 255} }},
	{{ {4475, 886, -6448}, 0, {-7042, 2341}, {176, 163, 160, 255} }},
	{{ {4626, 886, -6203}, 0, {-9394, 2341}, {194, 186, 184, 255} }},
	{{ {4626, 1065, -6203}, 0, {-9394, 604}, {186, 177, 175, 255} }},
	{{ {4547, 1082, -6306}, 0, {-8407, 438}, {255, 255, 255, 255} }},
	{{ {4547, 886, -6306}, 0, {-8407, 2341}, {180, 168, 166, 255} }},
	{{ {4671, 886, -6541}, 0, {-5983, 2341}, {196, 189, 188, 255} }},
	{{ {4671, 1065, -6542}, 0, {-6362, 604}, {191, 183, 181, 255} }},
	{{ {4764, 1082, -6411}, 0, {-7349, 438}, {255, 255, 255, 255} }},
	{{ {4764, 886, -6411}, 0, {-7349, 2341}, {196, 189, 188, 255} }},
	{{ {4671, 1065, -6542}, 0, {-1480, 5299}, {191, 183, 181, 255} }},
	{{ {4497, 1065, -6458}, 0, {-3243, 5299}, {193, 186, 184, 255} }},
	{{ {4547, 1082, -6306}, 0, {-3504, 6080}, {255, 255, 255, 255} }},
	{{ {4764, 1082, -6411}, 0, {-1301, 6080}, {255, 255, 255, 255} }},
	{{ {4599, 950, -6683}, 0, {-1419, 3674}, {176, 162, 160, 255} }},
	{{ {4425, 950, -6599}, 0, {-3181, 3674}, {196, 189, 188, 255} }},
	{{ {4497, 948, -6458}, 0, {-3232, 5028}, {191, 183, 181, 255} }},
	{{ {4671, 948, -6542}, 0, {-1470, 5028}, {176, 163, 160, 255} }},
	{{ {4497, 1065, -6458}, 0, {-2490, 604}, {193, 186, 184, 255} }},
	{{ {4671, 948, -6542}, 0, {-4024, 1740}, {176, 163, 160, 255} }},
	{{ {4497, 948, -6458}, 0, {-2346, 1740}, {191, 183, 181, 255} }},
	{{ {4671, 1065, -6542}, 0, {-4168, 604}, {191, 183, 181, 255} }},
	{{ {4671, 1065, -6542}, 0, {-4168, 604}, {191, 183, 181, 255} }},
	{{ {4671, 886, -6541}, 0, {-4233, 2341}, {196, 189, 188, 255} }},
	{{ {4671, 948, -6542}, 0, {-4024, 1740}, {176, 163, 160, 255} }},
	{{ {4599, 950, -6683}, 0, {-4734, 1723}, {176, 162, 160, 255} }},
	{{ {4671, 948, -6542}, 0, {-6091, 1740}, {176, 163, 160, 255} }},
	{{ {4671, 886, -6541}, 0, {-5983, 2341}, {196, 189, 188, 255} }},
	{{ {4599, 886, -6683}, 0, {-4618, 2341}, {196, 188, 187, 255} }},
	{{ {4382, 948, -7111}, 0, {-1263, -437}, {231, 230, 229, 255} }},
	{{ {4208, 948, -7027}, 0, {-3025, -437}, {191, 182, 180, 241} }},
	{{ {4280, 950, -6885}, 0, {-3077, 926}, {195, 188, 186, 254} }},
	{{ {4454, 950, -6969}, 0, {-1315, 926}, {196, 189, 188, 255} }},
	{{ {4295, 1067, -6856}, 0, {-315, 580}, {223, 221, 220, 255} }},
	{{ {4469, 1067, -6939}, 0, {-1993, 580}, {215, 211, 211, 255} }},
	{{ {4454, 950, -6969}, 0, {-1842, 1722}, {196, 189, 188, 255} }},
	{{ {4280, 950, -6885}, 0, {-165, 1722}, {195, 188, 186, 254} }},
	{{ {5563, 3358, -11728}, 0, {-2686, 3017}, {229, 208, 203, 255} }},
	{{ {5563, 3209, -11728}, 0, {-2686, 2424}, {217, 207, 212, 187} }},
	{{ {5530, 3310, -11127}, 0, {-295, 2424}, {191, 183, 172, 187} }},
	{{ {5530, 3459, -11127}, 0, {-295, 3017}, {241, 219, 214, 255} }},
	{{ {6229, 3459, -11218}, 0, {-655, 3017}, {255, 255, 255, 255} }},
	{{ {6229, 3310, -11218}, 0, {-655, 2424}, {187, 178, 163, 187} }},
	{{ {6073, 3209, -11818}, 0, {-3046, 2424}, {186, 178, 161, 187} }},
	{{ {6073, 3358, -11818}, 0, {-3046, 3017}, {255, 255, 255, 255} }},
	{{ {6699, 2633, -11536}, 0, {1641, 812}, {147, 133, 130, 255} }},
	{{ {6796, 2633, -11142}, 0, {-156, 812}, {118, 113, 103, 255} }},
	{{ {6796, 3161, -11142}, 0, {-156, -1593}, {196, 189, 188, 255} }},
	{{ {6699, 3161, -11536}, 0, {1641, -1593}, {196, 189, 188, 255} }},
	{{ {6796, 3161, -11142}, 0, {3508, -1593}, {196, 189, 188, 255} }},
	{{ {6796, 2633, -11142}, 0, {3508, 812}, {118, 113, 103, 255} }},
	{{ {6286, 2633, -11017}, 0, {1184, 812}, {147, 141, 128, 255} }},
	{{ {6286, 3161, -11017}, 0, {1184, -1593}, {196, 189, 188, 255} }},
	{{ {6385, 3161, -10617}, 0, {-454, 1829}, {196, 189, 188, 255} }},
	{{ {6385, 3459, -10617}, 0, {-454, 3017}, {227, 209, 205, 255} }},
	{{ {6893, 3459, -10748}, 0, {-2479, 3017}, {241, 219, 214, 255} }},
	{{ {6893, 3161, -10748}, 0, {-2479, 1829}, {196, 189, 188, 255} }},
	{{ {6893, 3161, -10748}, 0, {-2479, 1829}, {196, 189, 188, 255} }},
	{{ {7395, 3459, -10857}, 0, {-4476, 3017}, {133, 122, 92, 255} }},
	{{ {7395, 3161, -10857}, 0, {-4476, 1829}, {166, 157, 151, 255} }},
	{{ {6253, 2012, -10060}, 0, {-515, 3017}, {198, 192, 178, 255} }},
	{{ {6253, 3309, -10060}, 0, {-515, -3134}, {186, 178, 161, 255} }},
	{{ {6175, 3309, -10590}, 0, {1840, -3134}, {186, 178, 162, 255} }},
	{{ {6175, 2012, -10590}, 0, {1840, 3017}, {198, 192, 178, 255} }},
	{{ {6250, 2012, -8318}, 0, {1184, 1389}, {208, 209, 196, 255} }},
	{{ {6734, 2110, -8575}, 0, {5887, 438}, {213, 215, 202, 255} }},
	{{ {6250, 2110, -8318}, 0, {1184, 438}, {214, 213, 194, 255} }},
	{{ {6734, 2012, -8575}, 0, {5887, 1389}, {162, 159, 141, 255} }},
	{{ {6250, 1914, -8318}, 0, {1184, 2341}, {162, 159, 141, 255} }},
	{{ {6250, 1914, -8318}, 0, {1184, 2341}, {162, 159, 141, 255} }},
	{{ {6734, 1914, -8575}, 0, {5887, 2341}, {163, 159, 142, 255} }},
	{{ {6734, 2012, -8575}, 0, {5887, 1389}, {162, 159, 141, 255} }},
	{{ {7218, 2012, -8832}, 0, {10591, 1389}, {186, 183, 175, 255} }},
	{{ {7218, 1914, -8832}, 0, {10591, 2341}, {162, 159, 141, 255} }},
	{{ {7218, 2110, -8832}, 0, {10591, 438}, {215, 212, 190, 255} }},
	{{ {6734, 2110, -8575}, 0, {5887, 438}, {213, 215, 202, 255} }},
};

Gfx maple_treewway_dl_Main_mesh_layer_1_tri_0[] = {
	gsSPVertex(maple_treewway_dl_Main_mesh_layer_1_vtx_0 + 0, 15, 0),
	gsSP1Triangle(0, 1, 2, 0),
	gsSP1Triangle(3, 4, 5, 0),
	gsSP1Triangle(6, 7, 8, 0),
	gsSP1Triangle(9, 10, 11, 0),
	gsSP1Triangle(12, 13, 14, 0),
	gsSPVertex(maple_treewway_dl_Main_mesh_layer_1_vtx_0 + 15, 15, 0),
	gsSP1Triangle(0, 1, 2, 0),
	gsSP1Triangle(3, 4, 5, 0),
	gsSP1Triangle(6, 7, 8, 0),
	gsSP1Triangle(9, 10, 11, 0),
	gsSP1Triangle(12, 13, 14, 0),
	gsSPVertex(maple_treewway_dl_Main_mesh_layer_1_vtx_0 + 30, 15, 0),
	gsSP1Triangle(0, 1, 2, 0),
	gsSP1Triangle(3, 4, 5, 0),
	gsSP1Triangle(6, 7, 8, 0),
	gsSP1Triangle(9, 10, 11, 0),
	gsSP1Triangle(12, 13, 14, 0),
	gsSPVertex(maple_treewway_dl_Main_mesh_layer_1_vtx_0 + 45, 15, 0),
	gsSP1Triangle(0, 1, 2, 0),
	gsSP1Triangle(3, 4, 5, 0),
	gsSP1Triangle(6, 7, 8, 0),
	gsSP1Triangle(9, 10, 11, 0),
	gsSP1Triangle(12, 13, 14, 0),
	gsSPVertex(maple_treewway_dl_Main_mesh_layer_1_vtx_0 + 60, 16, 0),
	gsSP1Triangle(0, 1, 2, 0),
	gsSP1Triangle(3, 4, 5, 0),
	gsSP1Triangle(3, 6, 4, 0),
	gsSP1Triangle(7, 6, 3, 0),
	gsSP1Triangle(7, 8, 6, 0),
	gsSP1Triangle(9, 10, 11, 0),
	gsSP1Triangle(9, 11, 12, 0),
	gsSP1Triangle(13, 14, 15, 0),
	gsSPVertex(maple_treewway_dl_Main_mesh_layer_1_vtx_0 + 76, 14, 0),
	gsSP1Triangle(0, 1, 2, 0),
	gsSP1Triangle(3, 1, 0, 0),
	gsSP1Triangle(3, 4, 1, 0),
	gsSP1Triangle(5, 6, 7, 0),
	gsSP1Triangle(5, 7, 8, 0),
	gsSP1Triangle(9, 10, 11, 0),
	gsSP1Triangle(11, 12, 9, 0),
	gsSP1Triangle(12, 13, 9, 0),
	gsSPVertex(maple_treewway_dl_Main_mesh_layer_1_vtx_0 + 90, 16, 0),
	gsSP1Triangle(0, 1, 2, 0),
	gsSP1Triangle(0, 2, 3, 0),
	gsSP1Triangle(4, 5, 6, 0),
	gsSP1Triangle(4, 6, 7, 0),
	gsSP1Triangle(8, 9, 10, 0),
	gsSP1Triangle(8, 10, 11, 0),
	gsSP1Triangle(12, 13, 14, 0),
	gsSP1Triangle(12, 14, 15, 0),
	gsSPVertex(maple_treewway_dl_Main_mesh_layer_1_vtx_0 + 106, 16, 0),
	gsSP1Triangle(0, 1, 2, 0),
	gsSP1Triangle(0, 2, 3, 0),
	gsSP1Triangle(4, 5, 6, 0),
	gsSP1Triangle(4, 6, 7, 0),
	gsSP1Triangle(8, 9, 10, 0),
	gsSP1Triangle(8, 10, 11, 0),
	gsSP1Triangle(12, 13, 14, 0),
	gsSP1Triangle(12, 14, 15, 0),
	gsSPVertex(maple_treewway_dl_Main_mesh_layer_1_vtx_0 + 122, 16, 0),
	gsSP1Triangle(0, 1, 2, 0),
	gsSP1Triangle(0, 2, 3, 0),
	gsSP1Triangle(4, 5, 6, 0),
	gsSP1Triangle(4, 6, 7, 0),
	gsSP1Triangle(8, 9, 10, 0),
	gsSP1Triangle(8, 10, 11, 0),
	gsSP1Triangle(12, 13, 14, 0),
	gsSP1Triangle(12, 14, 15, 0),
	gsSPVertex(maple_treewway_dl_Main_mesh_layer_1_vtx_0 + 138, 16, 0),
	gsSP1Triangle(0, 1, 2, 0),
	gsSP1Triangle(0, 2, 3, 0),
	gsSP1Triangle(4, 5, 6, 0),
	gsSP1Triangle(4, 6, 7, 0),
	gsSP1Triangle(8, 9, 10, 0),
	gsSP1Triangle(8, 10, 11, 0),
	gsSP1Triangle(12, 13, 14, 0),
	gsSP1Triangle(12, 14, 15, 0),
	gsSPVertex(maple_treewway_dl_Main_mesh_layer_1_vtx_0 + 154, 16, 0),
	gsSP1Triangle(0, 1, 2, 0),
	gsSP1Triangle(0, 2, 3, 0),
	gsSP1Triangle(4, 5, 6, 0),
	gsSP1Triangle(4, 6, 7, 0),
	gsSP1Triangle(8, 9, 10, 0),
	gsSP1Triangle(8, 10, 11, 0),
	gsSP1Triangle(12, 13, 14, 0),
	gsSP1Triangle(12, 14, 15, 0),
	gsSPVertex(maple_treewway_dl_Main_mesh_layer_1_vtx_0 + 170, 16, 0),
	gsSP1Triangle(0, 1, 2, 0),
	gsSP1Triangle(0, 2, 3, 0),
	gsSP1Triangle(4, 5, 6, 0),
	gsSP1Triangle(4, 6, 7, 0),
	gsSP1Triangle(8, 9, 10, 0),
	gsSP1Triangle(8, 10, 11, 0),
	gsSP1Triangle(12, 13, 14, 0),
	gsSP1Triangle(12, 14, 15, 0),
	gsSPVertex(maple_treewway_dl_Main_mesh_layer_1_vtx_0 + 186, 16, 0),
	gsSP1Triangle(0, 1, 2, 0),
	gsSP1Triangle(0, 2, 3, 0),
	gsSP1Triangle(4, 5, 6, 0),
	gsSP1Triangle(4, 6, 7, 0),
	gsSP1Triangle(8, 9, 10, 0),
	gsSP1Triangle(8, 10, 11, 0),
	gsSP1Triangle(12, 13, 14, 0),
	gsSP1Triangle(12, 14, 15, 0),
	gsSPVertex(maple_treewway_dl_Main_mesh_layer_1_vtx_0 + 202, 16, 0),
	gsSP1Triangle(0, 1, 2, 0),
	gsSP1Triangle(0, 2, 3, 0),
	gsSP1Triangle(4, 5, 6, 0),
	gsSP1Triangle(4, 6, 7, 0),
	gsSP1Triangle(8, 9, 10, 0),
	gsSP1Triangle(8, 10, 11, 0),
	gsSP1Triangle(12, 13, 14, 0),
	gsSP1Triangle(12, 14, 15, 0),
	gsSPVertex(maple_treewway_dl_Main_mesh_layer_1_vtx_0 + 218, 16, 0),
	gsSP1Triangle(0, 1, 2, 0),
	gsSP1Triangle(0, 2, 3, 0),
	gsSP1Triangle(4, 5, 6, 0),
	gsSP1Triangle(4, 6, 7, 0),
	gsSP1Triangle(8, 9, 10, 0),
	gsSP1Triangle(8, 10, 11, 0),
	gsSP1Triangle(12, 13, 14, 0),
	gsSP1Triangle(12, 14, 15, 0),
	gsSPVertex(maple_treewway_dl_Main_mesh_layer_1_vtx_0 + 234, 16, 0),
	gsSP1Triangle(0, 1, 2, 0),
	gsSP1Triangle(0, 2, 3, 0),
	gsSP1Triangle(4, 5, 6, 0),
	gsSP1Triangle(4, 6, 7, 0),
	gsSP1Triangle(8, 9, 10, 0),
	gsSP1Triangle(8, 10, 11, 0),
	gsSP1Triangle(12, 13, 14, 0),
	gsSP1Triangle(12, 14, 15, 0),
	gsSPVertex(maple_treewway_dl_Main_mesh_layer_1_vtx_0 + 250, 16, 0),
	gsSP1Triangle(0, 1, 2, 0),
	gsSP1Triangle(0, 2, 3, 0),
	gsSP1Triangle(4, 5, 6, 0),
	gsSP1Triangle(4, 6, 7, 0),
	gsSP1Triangle(8, 9, 10, 0),
	gsSP1Triangle(8, 10, 11, 0),
	gsSP1Triangle(12, 13, 14, 0),
	gsSP1Triangle(12, 14, 15, 0),
	gsSPVertex(maple_treewway_dl_Main_mesh_layer_1_vtx_0 + 266, 16, 0),
	gsSP1Triangle(0, 1, 2, 0),
	gsSP1Triangle(0, 2, 3, 0),
	gsSP1Triangle(4, 5, 6, 0),
	gsSP1Triangle(4, 6, 7, 0),
	gsSP1Triangle(8, 9, 10, 0),
	gsSP1Triangle(8, 10, 11, 0),
	gsSP1Triangle(12, 13, 14, 0),
	gsSP1Triangle(12, 14, 15, 0),
	gsSPVertex(maple_treewway_dl_Main_mesh_layer_1_vtx_0 + 282, 16, 0),
	gsSP1Triangle(0, 1, 2, 0),
	gsSP1Triangle(0, 2, 3, 0),
	gsSP1Triangle(4, 5, 6, 0),
	gsSP1Triangle(4, 6, 7, 0),
	gsSP1Triangle(8, 9, 10, 0),
	gsSP1Triangle(8, 10, 11, 0),
	gsSP1Triangle(12, 13, 14, 0),
	gsSP1Triangle(12, 14, 15, 0),
	gsSPVertex(maple_treewway_dl_Main_mesh_layer_1_vtx_0 + 298, 16, 0),
	gsSP1Triangle(0, 1, 2, 0),
	gsSP1Triangle(0, 2, 3, 0),
	gsSP1Triangle(4, 5, 6, 0),
	gsSP1Triangle(4, 6, 7, 0),
	gsSP1Triangle(8, 9, 10, 0),
	gsSP1Triangle(8, 10, 11, 0),
	gsSP1Triangle(12, 13, 14, 0),
	gsSP1Triangle(12, 14, 15, 0),
	gsSPVertex(maple_treewway_dl_Main_mesh_layer_1_vtx_0 + 314, 15, 0),
	gsSP1Triangle(0, 1, 2, 0),
	gsSP1Triangle(0, 2, 3, 0),
	gsSP1Triangle(4, 0, 5, 0),
	gsSP1Triangle(4, 5, 6, 0),
	gsSP1Triangle(7, 8, 9, 0),
	gsSP1Triangle(7, 9, 10, 0),
	gsSP1Triangle(11, 12, 13, 0),
	gsSP1Triangle(11, 13, 14, 0),
	gsSPVertex(maple_treewway_dl_Main_mesh_layer_1_vtx_0 + 329, 15, 0),
	gsSP1Triangle(0, 1, 2, 0),
	gsSP1Triangle(0, 2, 3, 0),
	gsSP1Triangle(4, 0, 5, 0),
	gsSP1Triangle(4, 5, 6, 0),
	gsSP1Triangle(7, 8, 9, 0),
	gsSP1Triangle(7, 9, 10, 0),
	gsSP1Triangle(11, 12, 13, 0),
	gsSP1Triangle(11, 13, 14, 0),
	gsSPVertex(maple_treewway_dl_Main_mesh_layer_1_vtx_0 + 344, 16, 0),
	gsSP1Triangle(0, 1, 2, 0),
	gsSP1Triangle(0, 2, 3, 0),
	gsSP1Triangle(4, 5, 6, 0),
	gsSP1Triangle(4, 6, 7, 0),
	gsSP1Triangle(8, 9, 10, 0),
	gsSP1Triangle(8, 10, 11, 0),
	gsSP1Triangle(12, 13, 14, 0),
	gsSP1Triangle(12, 14, 15, 0),
	gsSPVertex(maple_treewway_dl_Main_mesh_layer_1_vtx_0 + 360, 16, 0),
	gsSP1Triangle(0, 1, 2, 0),
	gsSP1Triangle(0, 2, 3, 0),
	gsSP1Triangle(4, 5, 6, 0),
	gsSP1Triangle(4, 6, 7, 0),
	gsSP1Triangle(8, 9, 10, 0),
	gsSP1Triangle(8, 10, 11, 0),
	gsSP1Triangle(12, 13, 14, 0),
	gsSP1Triangle(12, 14, 15, 0),
	gsSPVertex(maple_treewway_dl_Main_mesh_layer_1_vtx_0 + 376, 16, 0),
	gsSP1Triangle(0, 1, 2, 0),
	gsSP1Triangle(0, 2, 3, 0),
	gsSP1Triangle(4, 5, 6, 0),
	gsSP1Triangle(4, 6, 7, 0),
	gsSP1Triangle(8, 9, 10, 0),
	gsSP1Triangle(8, 10, 11, 0),
	gsSP1Triangle(12, 13, 14, 0),
	gsSP1Triangle(12, 14, 15, 0),
	gsSPVertex(maple_treewway_dl_Main_mesh_layer_1_vtx_0 + 392, 16, 0),
	gsSP1Triangle(0, 1, 2, 0),
	gsSP1Triangle(0, 2, 3, 0),
	gsSP1Triangle(4, 5, 6, 0),
	gsSP1Triangle(4, 6, 7, 0),
	gsSP1Triangle(8, 9, 10, 0),
	gsSP1Triangle(8, 10, 11, 0),
	gsSP1Triangle(12, 13, 14, 0),
	gsSP1Triangle(12, 14, 15, 0),
	gsSPVertex(maple_treewway_dl_Main_mesh_layer_1_vtx_0 + 408, 16, 0),
	gsSP1Triangle(0, 1, 2, 0),
	gsSP1Triangle(0, 2, 3, 0),
	gsSP1Triangle(4, 5, 6, 0),
	gsSP1Triangle(4, 6, 7, 0),
	gsSP1Triangle(8, 9, 10, 0),
	gsSP1Triangle(8, 10, 11, 0),
	gsSP1Triangle(12, 13, 14, 0),
	gsSP1Triangle(12, 14, 15, 0),
	gsSPVertex(maple_treewway_dl_Main_mesh_layer_1_vtx_0 + 424, 16, 0),
	gsSP1Triangle(0, 1, 2, 0),
	gsSP1Triangle(0, 2, 3, 0),
	gsSP1Triangle(4, 5, 6, 0),
	gsSP1Triangle(4, 6, 7, 0),
	gsSP1Triangle(8, 9, 10, 0),
	gsSP1Triangle(8, 10, 11, 0),
	gsSP1Triangle(12, 13, 14, 0),
	gsSP1Triangle(12, 14, 15, 0),
	gsSPVertex(maple_treewway_dl_Main_mesh_layer_1_vtx_0 + 440, 16, 0),
	gsSP1Triangle(0, 1, 2, 0),
	gsSP1Triangle(0, 2, 3, 0),
	gsSP1Triangle(4, 5, 6, 0),
	gsSP1Triangle(4, 6, 7, 0),
	gsSP1Triangle(8, 9, 10, 0),
	gsSP1Triangle(8, 10, 11, 0),
	gsSP1Triangle(12, 13, 14, 0),
	gsSP1Triangle(12, 15, 13, 0),
	gsSPVertex(maple_treewway_dl_Main_mesh_layer_1_vtx_0 + 456, 15, 0),
	gsSP1Triangle(0, 1, 2, 0),
	gsSP1Triangle(3, 4, 5, 0),
	gsSP1Triangle(3, 5, 6, 0),
	gsSP1Triangle(7, 8, 9, 0),
	gsSP1Triangle(7, 9, 10, 0),
	gsSP1Triangle(11, 12, 13, 0),
	gsSP1Triangle(11, 13, 14, 0),
	gsSPVertex(maple_treewway_dl_Main_mesh_layer_1_vtx_0 + 471, 16, 0),
	gsSP1Triangle(0, 1, 2, 0),
	gsSP1Triangle(0, 2, 3, 0),
	gsSP1Triangle(4, 5, 6, 0),
	gsSP1Triangle(4, 6, 7, 0),
	gsSP1Triangle(8, 9, 10, 0),
	gsSP1Triangle(8, 10, 11, 0),
	gsSP1Triangle(12, 13, 14, 0),
	gsSP1Triangle(12, 14, 15, 0),
	gsSPVertex(maple_treewway_dl_Main_mesh_layer_1_vtx_0 + 487, 16, 0),
	gsSP1Triangle(0, 1, 2, 0),
	gsSP1Triangle(0, 2, 3, 0),
	gsSP1Triangle(4, 2, 5, 0),
	gsSP1Triangle(4, 5, 6, 0),
	gsSP1Triangle(7, 8, 9, 0),
	gsSP1Triangle(7, 9, 10, 0),
	gsSP1Triangle(11, 12, 13, 0),
	gsSP1Triangle(11, 14, 12, 0),
	gsSP1Triangle(15, 14, 11, 0),
	gsSPVertex(maple_treewway_dl_Main_mesh_layer_1_vtx_0 + 503, 7, 0),
	gsSP1Triangle(0, 1, 2, 0),
	gsSP1Triangle(1, 3, 2, 0),
	gsSP1Triangle(1, 4, 3, 0),
	gsSP1Triangle(2, 3, 5, 0),
	gsSP1Triangle(2, 5, 6, 0),
	gsSPEndDisplayList(),
};

Vtx maple_treewway_dl_Main_mesh_layer_1_vtx_1[780] = {
	{{ {4267, 123, -10001}, 0, {-4358, -11287}, {239, 235, 232, 2} }},
	{{ {4737, 145, -9485}, 0, {-3151, -9961}, {190, 157, 99, 10} }},
	{{ {4799, 145, -10260}, 0, {-2990, -11953}, {190, 157, 99, 1} }},
	{{ {2127, 145, -10930}, 0, {-9855, -13673}, {190, 157, 99, 0} }},
	{{ {2927, 123, -10808}, 0, {-7799, -13361}, {247, 245, 243, 0} }},
	{{ {2818, 145, -11673}, 0, {-8078, -15583}, {191, 157, 100, 0} }},
	{{ {7492, 3459, -8447}, 0, {3927, -7297}, {133, 122, 92, 0} }},
	{{ {8978, 3459, -9167}, 0, {7743, -9146}, {133, 123, 92, 0} }},
	{{ {7256, 3459, -8839}, 0, {3321, -8304}, {250, 250, 250, 0} }},
	{{ {4952, 973, -6005}, 0, {-2597, -1024}, {255, 255, 255, 7} }},
	{{ {5371, 1090, -4260}, 0, {-1522, 3458}, {205, 188, 184, 7} }},
	{{ {6781, 985, -6196}, 0, {2101, -1516}, {205, 189, 184, 0} }},
	{{ {-1516, 302, -4910}, 0, {-19210, 1787}, {200, 191, 185, 0} }},
	{{ {-1516, 275, -4861}, 0, {-19210, 1915}, {199, 197, 195, 0} }},
	{{ {-1516, 247, -4811}, 0, {-19210, 2043}, {199, 198, 197, 0} }},
	{{ {-1516, 329, -4960}, 0, {-19210, 1659}, {201, 184, 170, 0} }},
	{{ {-1516, 329, -4960}, 0, {-19210, 1659}, {201, 184, 170, 0} }},
	{{ {-1516, 247, -4811}, 0, {-19210, 2043}, {199, 198, 197, 0} }},
	{{ {-1249, 193, -4767}, 0, {-18525, 2155}, {211, 209, 208, 1} }},
	{{ {-1427, 193, -4730}, 0, {-18982, 2251}, {199, 199, 199, 0} }},
	{{ {-1516, 220, -4761}, 0, {-19210, 2171}, {199, 197, 196, 0} }},
	{{ {-1516, 193, -4711}, 0, {-19210, 2299}, {199, 196, 195, 0} }},
	{{ {-804, 193, -4563}, 0, {-17382, 2681}, {233, 233, 233, 4} }},
	{{ {-1516, 193, -4451}, 0, {-19210, 2968}, {190, 157, 99, 0} }},
	{{ {-1516, 193, -4190}, 0, {-19210, 3638}, {190, 157, 100, 0} }},
	{{ {-804, 193, -4265}, 0, {-17382, 3446}, {217, 216, 216, 7} }},
	{{ {-1516, 193, -3929}, 0, {-19210, 4307}, {190, 157, 99, 0} }},
	{{ {-804, 193, -3967}, 0, {-17382, 4211}, {195, 173, 151, 7} }},
	{{ {-1516, 193, -3669}, 0, {-19210, 4976}, {190, 157, 99, 0} }},
	{{ {-804, 193, -3669}, 0, {-17382, 4976}, {190, 157, 99, 6} }},
	{{ {-92, 193, -4004}, 0, {-15554, 4115}, {255, 255, 255, 7} }},
	{{ {-92, 193, -3669}, 0, {-15554, 4976}, {255, 255, 255, 7} }},
	{{ {-92, 193, -3669}, 0, {-15554, 4976}, {255, 255, 255, 7} }},
	{{ {619, 193, -4041}, 0, {-13726, 4019}, {194, 165, 129, 7} }},
	{{ {-92, 193, -4004}, 0, {-15554, 4115}, {255, 255, 255, 7} }},
	{{ {619, 193, -3669}, 0, {-13726, 4976}, {192, 160, 113, 7} }},
	{{ {1331, 193, -4079}, 0, {-11898, 3923}, {190, 157, 99, 0} }},
	{{ {1331, 193, -3669}, 0, {-11898, 4976}, {190, 157, 99, 0} }},
	{{ {1331, 193, -4489}, 0, {-11898, 2871}, {198, 173, 146, 0} }},
	{{ {619, 193, -4414}, 0, {-13726, 3062}, {223, 213, 206, 7} }},
	{{ {1331, 193, -4899}, 0, {-11898, 1818}, {155, 142, 104, 4} }},
	{{ {619, 193, -4787}, 0, {-13726, 2105}, {248, 248, 248, 5} }},
	{{ {619, 193, -5159}, 0, {-13726, 1148}, {247, 247, 247, 0} }},
	{{ {708, 193, -5178}, 0, {-13497, 1100}, {244, 244, 244, 0} }},
	{{ {797, 193, -5197}, 0, {-13269, 1052}, {239, 239, 239, 0} }},
	{{ {886, 193, -5215}, 0, {-13040, 1005}, {239, 239, 239, 0} }},
	{{ {1064, 193, -5253}, 0, {-12583, 909}, {244, 244, 244, 0} }},
	{{ {1242, 193, -5290}, 0, {-12126, 813}, {212, 212, 212, 0} }},
	{{ {1331, 193, -4899}, 0, {-11898, 1818}, {155, 142, 104, 4} }},
	{{ {1331, 193, -5309}, 0, {-11898, 765}, {188, 188, 188, 0} }},
	{{ {1242, 193, -5290}, 0, {-12126, 813}, {212, 212, 212, 0} }},
	{{ {1281, 220, -5358}, 0, {-12026, 637}, {218, 218, 218, 0} }},
	{{ {1153, 193, -5271}, 0, {-12355, 861}, {237, 237, 237, 0} }},
	{{ {1081, 329, -5558}, 0, {-12541, 125}, {225, 225, 225, 0} }},
	{{ {1181, 275, -5458}, 0, {-12284, 381}, {226, 226, 226, 0} }},
	{{ {1231, 247, -5408}, 0, {-12155, 509}, {226, 226, 226, 0} }},
	{{ {1131, 302, -5508}, 0, {-12413, 253}, {224, 224, 224, 0} }},
	{{ {1064, 193, -5253}, 0, {-12583, 909}, {244, 244, 244, 0} }},
	{{ {886, 193, -5215}, 0, {-13040, 1005}, {239, 239, 239, 0} }},
	{{ {-752, 410, -5296}, 0, {-17247, 796}, {227, 227, 227, 0} }},
	{{ {-216, 410, -5427}, 0, {-15873, 461}, {239, 239, 239, 0} }},
	{{ {13, 410, -5483}, 0, {-15284, 317}, {239, 239, 239, 0} }},
	{{ {980, 383, -5657}, 0, {-12799, -131}, {189, 189, 189, 0} }},
	{{ {1030, 356, -5607}, 0, {-12670, -3}, {195, 195, 195, 0} }},
	{{ {980, 383, -5657}, 0, {-12799, -131}, {189, 189, 189, 0} }},
	{{ {548, 410, -5614}, 0, {-13909, -19}, {245, 245, 245, 0} }},
	{{ {13, 410, -5483}, 0, {-15284, 317}, {239, 239, 239, 0} }},
	{{ {854, 410, -5688}, 0, {-13124, -211}, {225, 225, 225, 0} }},
	{{ {930, 410, -5707}, 0, {-12928, -259}, {188, 188, 188, 0} }},
	{{ {930, 410, -5922}, 0, {-12928, -810}, {166, 166, 166, 0} }},
	{{ {777, 410, -5670}, 0, {-13320, -163}, {225, 225, 225, 0} }},
	{{ {624, 410, -7424}, 0, {-13713, -4668}, {204, 182, 155, 0} }},
	{{ {930, 410, -6351}, 0, {-12928, -1912}, {164, 164, 164, 0} }},
	{{ {930, 410, -6136}, 0, {-12928, -1361}, {164, 164, 164, 0} }},
	{{ {930, 410, -6565}, 0, {-12928, -2463}, {164, 164, 164, 0} }},
	{{ {930, 410, -6995}, 0, {-12928, -3566}, {194, 166, 133, 0} }},
	{{ {930, 410, -6780}, 0, {-12928, -3015}, {164, 164, 164, 0} }},
	{{ {930, 410, -7209}, 0, {-12928, -4117}, {205, 186, 165, 0} }},
	{{ {930, 410, -7424}, 0, {-12928, -4668}, {216, 203, 193, 0} }},
	{{ {1064, 193, -5253}, 0, {-12583, 909}, {244, 244, 244, 0} }},
	{{ {975, 193, -5234}, 0, {-12812, 957}, {239, 239, 239, 0} }},
	{{ {886, 193, -5215}, 0, {-13040, 1005}, {239, 239, 239, 0} }},
	{{ {-1516, 383, -5060}, 0, {-19210, 1404}, {194, 168, 136, 0} }},
	{{ {-1516, 356, -5010}, 0, {-19210, 1531}, {199, 178, 157, 0} }},
	{{ {-1516, 329, -4960}, 0, {-19210, 1659}, {201, 184, 170, 0} }},
	{{ {-1249, 193, -4767}, 0, {-18525, 2155}, {211, 209, 208, 1} }},
	{{ {-982, 193, -4823}, 0, {-17839, 2011}, {239, 239, 239, 0} }},
	{{ {-1071, 193, -4805}, 0, {-18068, 2059}, {239, 239, 239, 0} }},
	{{ {-1160, 193, -4786}, 0, {-18296, 2107}, {239, 239, 239, 0} }},
	{{ {-804, 193, -4563}, 0, {-17382, 2681}, {233, 233, 233, 4} }},
	{{ {-1427, 193, -4730}, 0, {-18982, 2251}, {199, 199, 199, 0} }},
	{{ {-1338, 193, -4749}, 0, {-18753, 2203}, {200, 200, 200, 1} }},
	{{ {-893, 193, -4842}, 0, {-17611, 1963}, {239, 239, 239, 0} }},
	{{ {-804, 193, -4861}, 0, {-17382, 1915}, {239, 239, 239, 0} }},
	{{ {-92, 193, -4675}, 0, {-15554, 2393}, {255, 255, 255, 7} }},
	{{ {-804, 193, -4265}, 0, {-17382, 3446}, {217, 216, 216, 7} }},
	{{ {-92, 193, -4675}, 0, {-15554, 2393}, {255, 255, 255, 7} }},
	{{ {-804, 193, -4563}, 0, {-17382, 2681}, {233, 233, 233, 4} }},
	{{ {-92, 193, -4339}, 0, {-15554, 3254}, {255, 255, 255, 7} }},
	{{ {-804, 193, -3967}, 0, {-17382, 4211}, {195, 173, 151, 7} }},
	{{ {-92, 193, -4004}, 0, {-15554, 4115}, {255, 255, 255, 7} }},
	{{ {619, 193, -4414}, 0, {-13726, 3062}, {223, 213, 206, 7} }},
	{{ {619, 193, -4041}, 0, {-13726, 4019}, {194, 165, 129, 7} }},
	{{ {619, 193, -4787}, 0, {-13726, 2105}, {248, 248, 248, 5} }},
	{{ {-92, 193, -5010}, 0, {-15554, 1532}, {255, 255, 255, 0} }},
	{{ {86, 193, -5047}, 0, {-15097, 1436}, {255, 255, 255, 0} }},
	{{ {352, 193, -5103}, 0, {-14411, 1292}, {255, 255, 255, 0} }},
	{{ {530, 193, -5141}, 0, {-13954, 1196}, {254, 254, 254, 0} }},
	{{ {619, 193, -5159}, 0, {-13726, 1148}, {247, 247, 247, 0} }},
	{{ {441, 193, -5122}, 0, {-14183, 1244}, {255, 255, 255, 0} }},
	{{ {-752, 410, -5296}, 0, {-17247, 796}, {227, 227, 227, 0} }},
	{{ {-752, 410, -5296}, 0, {-17247, 796}, {227, 227, 227, 0} }},
	{{ {619, 193, -5159}, 0, {-13726, 1148}, {247, 247, 247, 0} }},
	{{ {886, 193, -5215}, 0, {-13040, 1005}, {239, 239, 239, 0} }},
	{{ {797, 193, -5197}, 0, {-13269, 1052}, {239, 239, 239, 0} }},
	{{ {708, 193, -5178}, 0, {-13497, 1100}, {244, 244, 244, 0} }},
	{{ {-904, 410, -5259}, 0, {-17640, 892}, {214, 214, 214, 0} }},
	{{ {86, 193, -5047}, 0, {-15097, 1436}, {255, 255, 255, 0} }},
	{{ {-828, 410, -5278}, 0, {-17443, 844}, {229, 229, 229, 0} }},
	{{ {-1057, 410, -5222}, 0, {-18032, 988}, {199, 199, 199, 0} }},
	{{ {-599, 410, -5334}, 0, {-16854, 700}, {253, 253, 253, 0} }},
	{{ {-675, 410, -5315}, 0, {-17051, 748}, {248, 248, 248, 0} }},
	{{ {-522, 410, -5352}, 0, {-16658, 652}, {251, 251, 251, 0} }},
	{{ {-446, 410, -5371}, 0, {-16462, 604}, {247, 247, 247, 0} }},
	{{ {-216, 410, -5427}, 0, {-15873, 461}, {239, 239, 239, 0} }},
	{{ {-293, 410, -5408}, 0, {-16069, 509}, {239, 239, 239, 0} }},
	{{ {-140, 410, -5446}, 0, {-15676, 413}, {239, 239, 239, 0} }},
	{{ {13, 410, -5483}, 0, {-15284, 317}, {239, 239, 239, 0} }},
	{{ {-140, 410, -5446}, 0, {-15676, 413}, {239, 239, 239, 0} }},
	{{ {-216, 410, -5427}, 0, {-15873, 461}, {239, 239, 239, 0} }},
	{{ {-64, 410, -5464}, 0, {-15480, 365}, {239, 239, 239, 0} }},
	{{ {-1516, 410, -6845}, 0, {-19210, -3182}, {191, 158, 105, 0} }},
	{{ {166, 410, -5520}, 0, {-14891, 221}, {239, 239, 239, 0} }},
	{{ {89, 410, -5502}, 0, {-15087, 269}, {239, 239, 239, 0} }},
	{{ {242, 410, -5539}, 0, {-14695, 173}, {239, 239, 239, 0} }},
	{{ {548, 410, -5614}, 0, {-13909, -19}, {245, 245, 245, 0} }},
	{{ {319, 410, -5558}, 0, {-14498, 125}, {235, 235, 235, 0} }},
	{{ {472, 410, -5595}, 0, {-14106, 29}, {222, 222, 222, 0} }},
	{{ {395, 410, -5576}, 0, {-14302, 77}, {220, 220, 220, 0} }},
	{{ {624, 410, -7424}, 0, {-13713, -4668}, {204, 182, 155, 0} }},
	{{ {624, 410, -5632}, 0, {-13713, -67}, {243, 243, 243, 0} }},
	{{ {701, 410, -5651}, 0, {-13517, -115}, {188, 188, 188, 0} }},
	{{ {854, 410, -5688}, 0, {-13124, -211}, {225, 225, 225, 0} }},
	{{ {854, 410, -5688}, 0, {-13124, -211}, {225, 225, 225, 0} }},
	{{ {777, 410, -5670}, 0, {-13320, -163}, {225, 225, 225, 0} }},
	{{ {701, 410, -5651}, 0, {-13517, -115}, {188, 188, 188, 0} }},
	{{ {624, 410, -5632}, 0, {-13713, -67}, {243, 243, 243, 0} }},
	{{ {624, 410, -7424}, 0, {-13713, -4668}, {204, 182, 155, 0} }},
	{{ {242, 410, -5539}, 0, {-14695, 173}, {239, 239, 239, 0} }},
	{{ {395, 410, -5576}, 0, {-14302, 77}, {220, 220, 220, 0} }},
	{{ {-1516, 410, -6845}, 0, {-19210, -3182}, {191, 158, 105, 0} }},
	{{ {13, 410, -7424}, 0, {-15284, -4668}, {190, 157, 99, 0} }},
	{{ {319, 410, -7424}, 0, {-14498, -4668}, {190, 157, 99, 0} }},
	{{ {-293, 410, -7424}, 0, {-16069, -4668}, {190, 157, 99, 0} }},
	{{ {-904, 410, -7424}, 0, {-17640, -4668}, {190, 157, 99, 0} }},
	{{ {-599, 410, -7424}, 0, {-16854, -4668}, {190, 157, 99, 0} }},
	{{ {-1210, 410, -7424}, 0, {-18425, -4668}, {204, 182, 156, 0} }},
	{{ {-1516, 410, -7424}, 0, {-19210, -4668}, {216, 204, 194, 0} }},
	{{ {-1516, 410, -7135}, 0, {-19210, -3925}, {204, 183, 157, 0} }},
	{{ {472, 410, -5595}, 0, {-14106, 29}, {222, 222, 222, 0} }},
	{{ {395, 410, -5576}, 0, {-14302, 77}, {220, 220, 220, 0} }},
	{{ {319, 410, -5558}, 0, {-14498, 125}, {235, 235, 235, 0} }},
	{{ {242, 410, -5539}, 0, {-14695, 173}, {239, 239, 239, 0} }},
	{{ {166, 410, -5520}, 0, {-14891, 221}, {239, 239, 239, 0} }},
	{{ {89, 410, -5502}, 0, {-15087, 269}, {239, 239, 239, 0} }},
	{{ {-1516, 410, -6845}, 0, {-19210, -3182}, {191, 158, 105, 0} }},
	{{ {-1516, 410, -6556}, 0, {-19210, -2439}, {191, 158, 102, 0} }},
	{{ {-1516, 410, -6267}, 0, {-19210, -1696}, {190, 157, 99, 0} }},
	{{ {-1516, 410, -5977}, 0, {-19210, -953}, {190, 157, 99, 0} }},
	{{ {-1057, 410, -5222}, 0, {-18032, 988}, {199, 199, 199, 0} }},
	{{ {-1516, 410, -5688}, 0, {-19210, -210}, {190, 157, 99, 0} }},
	{{ {-1516, 410, -5399}, 0, {-19210, 533}, {191, 158, 106, 0} }},
	{{ {-1287, 410, -5166}, 0, {-18621, 1132}, {200, 200, 200, 0} }},
	{{ {-1439, 410, -5128}, 0, {-19014, 1228}, {200, 188, 177, 0} }},
	{{ {-1516, 410, -5110}, 0, {-19210, 1276}, {192, 163, 124, 0} }},
	{{ {-1439, 410, -5128}, 0, {-19014, 1228}, {200, 188, 177, 0} }},
	{{ {-1516, 410, -5110}, 0, {-19210, 1276}, {192, 163, 124, 0} }},
	{{ {-1516, 383, -5060}, 0, {-19210, 1404}, {194, 168, 136, 0} }},
	{{ {-1363, 410, -5147}, 0, {-18818, 1180}, {205, 204, 204, 0} }},
	{{ {-1287, 410, -5166}, 0, {-18621, 1132}, {200, 200, 200, 0} }},
	{{ {-715, 193, -4879}, 0, {-17154, 1868}, {239, 239, 239, 0} }},
	{{ {-982, 193, -4823}, 0, {-17839, 2011}, {239, 239, 239, 0} }},
	{{ {-804, 193, -4861}, 0, {-17382, 1915}, {239, 239, 239, 0} }},
	{{ {-893, 193, -4842}, 0, {-17611, 1963}, {239, 239, 239, 0} }},
	{{ {-1071, 193, -4805}, 0, {-18068, 2059}, {239, 239, 239, 0} }},
	{{ {-92, 193, -4675}, 0, {-15554, 2393}, {255, 255, 255, 7} }},
	{{ {-626, 193, -4898}, 0, {-16925, 1820}, {239, 239, 239, 0} }},
	{{ {-181, 193, -4991}, 0, {-15782, 1580}, {253, 253, 253, 0} }},
	{{ {-92, 193, -5010}, 0, {-15554, 1532}, {255, 255, 255, 0} }},
	{{ {-3, 193, -5029}, 0, {-15325, 1484}, {255, 255, 255, 0} }},
	{{ {86, 193, -5047}, 0, {-15097, 1436}, {255, 255, 255, 0} }},
	{{ {-904, 410, -5259}, 0, {-17640, 892}, {214, 214, 214, 0} }},
	{{ {-181, 193, -4991}, 0, {-15782, 1580}, {253, 253, 253, 0} }},
	{{ {86, 193, -5047}, 0, {-15097, 1436}, {255, 255, 255, 0} }},
	{{ {-1057, 410, -5222}, 0, {-18032, 988}, {199, 199, 199, 0} }},
	{{ {-981, 410, -5240}, 0, {-17836, 940}, {199, 199, 199, 0} }},
	{{ {-828, 410, -5278}, 0, {-17443, 844}, {229, 229, 229, 0} }},
	{{ {-448, 193, -4935}, 0, {-16468, 1724}, {239, 239, 239, 0} }},
	{{ {-1134, 410, -5203}, 0, {-18229, 1036}, {199, 199, 199, 0} }},
	{{ {-1210, 410, -5184}, 0, {-18425, 1084}, {199, 199, 199, 0} }},
	{{ {-1287, 410, -5166}, 0, {-18621, 1132}, {200, 200, 200, 0} }},
	{{ {-715, 193, -4879}, 0, {-17154, 1868}, {239, 239, 239, 0} }},
	{{ {-537, 193, -4917}, 0, {-16697, 1772}, {239, 239, 239, 0} }},
	{{ {-626, 193, -4898}, 0, {-16925, 1820}, {239, 239, 239, 0} }},
	{{ {-270, 193, -4973}, 0, {-16011, 1628}, {239, 239, 239, 0} }},
	{{ {-359, 193, -4954}, 0, {-16240, 1676}, {239, 239, 239, 0} }},
	{{ {-1439, 410, -5128}, 0, {-19014, 1228}, {200, 188, 177, 0} }},
	{{ {-1363, 410, -5147}, 0, {-18818, 1180}, {205, 204, 204, 0} }},
	{{ {-1287, 410, -5166}, 0, {-18621, 1132}, {200, 200, 200, 0} }},
	{{ {-1057, 410, -5222}, 0, {-18032, 988}, {199, 199, 199, 0} }},
	{{ {-599, 410, -5334}, 0, {-16854, 700}, {253, 253, 253, 0} }},
	{{ {-522, 410, -5352}, 0, {-16658, 652}, {251, 251, 251, 0} }},
	{{ {-369, 410, -5390}, 0, {-16265, 556}, {243, 243, 243, 0} }},
	{{ {-446, 410, -5371}, 0, {-16462, 604}, {247, 247, 247, 0} }},
	{{ {-293, 410, -5408}, 0, {-16069, 509}, {239, 239, 239, 0} }},
	{{ {-1516, 410, -6845}, 0, {-19210, -3182}, {191, 158, 105, 0} }},
	{{ {-64, 410, -5464}, 0, {-15480, 365}, {239, 239, 239, 0} }},
	{{ {-140, 410, -5446}, 0, {-15676, 413}, {239, 239, 239, 0} }},
	{{ {-1516, 410, -6556}, 0, {-19210, -2439}, {191, 158, 102, 0} }},
	{{ {-975, 1650, -4438}, 0, {-17821, 3001}, {255, 255, 255, 0} }},
	{{ {-1516, 1650, -4711}, 0, {-19210, 2299}, {255, 255, 255, 0} }},
	{{ {-1486, 1688, -4652}, 0, {-19133, 2450}, {185, 160, 120, 0} }},
	{{ {-975, 1650, -4438}, 0, {-17821, 3001}, {255, 255, 255, 0} }},
	{{ {-1486, 1688, -4652}, 0, {-19133, 2450}, {185, 160, 120, 0} }},
	{{ {-999, 1688, -4406}, 0, {-17882, 3082}, {255, 255, 255, 0} }},
	{{ {-1488, 1688, -4126}, 0, {-19137, 3801}, {185, 160, 120, 0} }},
	{{ {-848, 1688, -3688}, 0, {-17495, 4926}, {185, 160, 120, 0} }},
	{{ {-797, 1650, -3672}, 0, {-17363, 4968}, {253, 253, 253, 0} }},
	{{ {1331, 760, -6005}, 0, {-11898, -1024}, {255, 248, 255, 0} }},
	{{ {1331, 760, -3814}, 0, {-11898, 4604}, {254, 254, 254, 0} }},
	{{ {2307, 878, -3814}, 0, {-9391, 4604}, {199, 184, 134, 1} }},
	{{ {2738, 812, -6005}, 0, {-8284, -1024}, {255, 255, 255, 7} }},
	{{ {2888, 940, -3814}, 0, {-7898, 4604}, {198, 183, 131, 0} }},
	{{ {1566, 761, -6904}, 0, {-11293, -3332}, {190, 157, 99, 2} }},
	{{ {1331, 760, -6740}, 0, {-11898, -2913}, {255, 248, 255, 0} }},
	{{ {2307, 764, -7418}, 0, {-9391, -4652}, {255, 255, 255, 10} }},
	{{ {2738, 812, -6005}, 0, {-8284, -1024}, {255, 255, 255, 7} }},
	{{ {2307, 764, -7418}, 0, {-9391, -4652}, {255, 255, 255, 10} }},
	{{ {2307, 764, -7418}, 0, {-9391, -4652}, {255, 255, 255, 10} }},
	{{ {2307, 764, -7418}, 0, {-9391, -4652}, {255, 255, 255, 10} }},
	{{ {1846, 961, -7890}, 0, {-10575, -5865}, {242, 239, 237, 15} }},
	{{ {1871, 932, -7907}, 0, {-10512, -5909}, {252, 251, 250, 15} }},
	{{ {1566, 761, -6904}, 0, {-11293, -3332}, {190, 157, 99, 2} }},
	{{ {1507, 960, -7655}, 0, {-11445, -5261}, {190, 157, 99, 14} }},
	{{ {1838, 1111, -8529}, 0, {-10595, -7507}, {254, 254, 254, 8} }},
	{{ {1392, 1111, -8512}, 0, {-11742, -7464}, {190, 157, 99, 14} }},
	{{ {1838, 1092, -8578}, 0, {-10597, -7634}, {255, 255, 255, 6} }},
	{{ {1871, 1092, -8578}, 0, {-10512, -7634}, {255, 255, 255, 5} }},
	{{ {1871, 1081, -8530}, 0, {-10512, -7511}, {255, 255, 255, 6} }},
	{{ {1383, 1092, -8578}, 0, {-11765, -7634}, {190, 157, 99, 12} }},
	{{ {3061, 812, -6005}, 0, {-7454, -1024}, {255, 255, 255, 7} }},
	{{ {3212, 940, -3814}, 0, {-7068, 4604}, {198, 181, 125, 0} }},
	{{ {4110, 903, -3814}, 0, {-4760, 4604}, {205, 188, 184, 0} }},
	{{ {4104, 936, -6005}, 0, {-4776, -1024}, {255, 255, 255, 7} }},
	{{ {2643, 766, -7375}, 0, {-8528, -4543}, {255, 255, 255, 14} }},
	{{ {3061, 812, -6005}, 0, {-7454, -1024}, {255, 255, 255, 7} }},
	{{ {4104, 936, -6005}, 0, {-4776, -1024}, {255, 255, 255, 7} }},
	{{ {3686, 863, -7375}, 0, {-5850, -4543}, {170, 153, 121, 0} }},
	{{ {4952, 973, -6005}, 0, {-2597, -1024}, {255, 255, 255, 7} }},
	{{ {4935, 936, -6987}, 0, {-2640, -3545}, {246, 245, 244, 0} }},
	{{ {3673, 829, -7418}, 0, {-5883, -4652}, {170, 153, 121, 0} }},
	{{ {2630, 733, -7418}, 0, {-8561, -4652}, {255, 255, 255, 14} }},
	{{ {2630, -43, -7418}, 0, {-8561, -4652}, {190, 157, 99, 15} }},
	{{ {3673, -43, -7418}, 0, {-5883, -4652}, {190, 157, 100, 1} }},
	{{ {4601, 2, -8761}, 0, {-3500, -8103}, {190, 157, 99, 0} }},
	{{ {3627, -43, -8438}, 0, {-6000, -7274}, {255, 255, 255, 15} }},
	{{ {1840, 1128, -9030}, 0, {-1345, -1677}, {255, 255, 255, 15} }},
	{{ {1866, 1096, -9030}, 0, {-1345, -1595}, {255, 255, 255, 15} }},
	{{ {1728, 1204, -9887}, 0, {857, -1873}, {255, 255, 255, 15} }},
	{{ {1702, 1236, -9887}, 0, {857, -1955}, {255, 255, 255, 15} }},
	{{ {4267, 123, -10001}, 0, {-4358, -11287}, {239, 235, 232, 2} }},
	{{ {4799, 145, -10260}, 0, {-2990, -11953}, {190, 157, 99, 1} }},
	{{ {4513, 145, -11567}, 0, {-3725, -15311}, {190, 157, 99, 0} }},
	{{ {3781, 123, -10716}, 0, {-5606, -13124}, {255, 255, 255, 0} }},
	{{ {3781, 123, -10716}, 0, {-5606, -13124}, {255, 255, 255, 0} }},
	{{ {4513, 145, -11567}, 0, {-3725, -15311}, {190, 157, 99, 0} }},
	{{ {2818, 145, -11673}, 0, {-8078, -15583}, {191, 157, 100, 0} }},
	{{ {2927, 123, -10808}, 0, {-7799, -13361}, {247, 245, 243, 0} }},
	{{ {3168, -43, -10195}, 0, {-7179, -11786}, {255, 255, 255, 15} }},
	{{ {3781, 123, -10716}, 0, {-5606, -13124}, {255, 255, 255, 0} }},
	{{ {2927, 123, -10808}, 0, {-7799, -13361}, {247, 245, 243, 0} }},
	{{ {2553, -43, -10033}, 0, {-8760, -11370}, {255, 255, 255, 15} }},
	{{ {3734, -43, -9741}, 0, {-5726, -10621}, {255, 255, 255, 15} }},
	{{ {4267, 123, -10001}, 0, {-4358, -11287}, {239, 235, 232, 2} }},
	{{ {3168, -43, -10195}, 0, {-7179, -11786}, {255, 255, 255, 15} }},
	{{ {3928, -43, -9252}, 0, {-5227, -9364}, {255, 255, 255, 15} }},
	{{ {4737, 145, -9485}, 0, {-3151, -9961}, {190, 157, 99, 10} }},
	{{ {4267, 123, -10001}, 0, {-4358, -11287}, {239, 235, 232, 2} }},
	{{ {3734, -43, -9741}, 0, {-5726, -10621}, {255, 255, 255, 15} }},
	{{ {2927, 123, -10808}, 0, {-7799, -13361}, {247, 245, 243, 0} }},
	{{ {2127, 145, -10930}, 0, {-9855, -13673}, {190, 157, 99, 0} }},
	{{ {1728, -43, -9887}, 0, {-10878, -10996}, {190, 157, 99, 15} }},
	{{ {2553, -43, -10033}, 0, {-8760, -11370}, {255, 255, 255, 15} }},
	{{ {1871, -43, -9000}, 0, {-10512, -8718}, {255, 255, 255, 15} }},
	{{ {2137, -43, -9654}, 0, {-9826, -10398}, {254, 254, 254, 15} }},
	{{ {2553, -43, -10033}, 0, {-8760, -11370}, {255, 255, 255, 15} }},
	{{ {3627, -43, -8438}, 0, {-6000, -7274}, {255, 255, 255, 15} }},
	{{ {4601, 2, -8761}, 0, {-3500, -8103}, {190, 157, 99, 0} }},
	{{ {3928, -43, -9252}, 0, {-5227, -9364}, {255, 255, 255, 15} }},
	{{ {-1088, 2157, -6898}, 0, {-18112, -3318}, {224, 200, 206, 0} }},
	{{ {1403, 2157, -6898}, 0, {-11714, -3318}, {255, 255, 255, 15} }},
	{{ {1403, 2157, -7655}, 0, {-11714, -5261}, {255, 255, 255, 14} }},
	{{ {-1088, 2157, -7655}, 0, {-18112, -5261}, {255, 234, 253, 0} }},
	{{ {1383, 2093, -8995}, 0, {-11765, -8704}, {212, 197, 185, 11} }},
	{{ {-1088, 2157, -8995}, 0, {-18112, -8704}, {190, 157, 99, 0} }},
	{{ {1403, 2157, -6898}, 0, {-11714, -3318}, {255, 255, 255, 15} }},
	{{ {1566, 2093, -6904}, 0, {-11293, -3332}, {255, 255, 255, 14} }},
	{{ {1507, 2093, -7655}, 0, {-11445, -5261}, {255, 255, 255, 15} }},
	{{ {1403, 2157, -7655}, 0, {-11714, -5261}, {255, 255, 255, 14} }},
	{{ {1383, 2093, -8995}, 0, {-11765, -8704}, {212, 197, 185, 11} }},
	{{ {1383, 2093, -8995}, 0, {-11765, -8704}, {212, 197, 185, 11} }},
	{{ {-1088, 2093, -6740}, 0, {-18112, -2913}, {254, 253, 253, 0} }},
	{{ {1331, 2093, -6740}, 0, {-11898, -2913}, {255, 255, 255, 15} }},
	{{ {1403, 2157, -6898}, 0, {-11714, -3318}, {255, 255, 255, 15} }},
	{{ {1331, 2093, -6740}, 0, {-11898, -2913}, {255, 255, 255, 15} }},
	{{ {1566, 2093, -6904}, 0, {-11293, -3332}, {255, 255, 255, 14} }},
	{{ {1566, 2093, -6904}, 0, {-11293, -3332}, {255, 255, 255, 14} }},
	{{ {1403, 2157, -6898}, 0, {-11714, -3318}, {255, 255, 255, 15} }},
	{{ {334, 2810, -8555}, 0, {-14458, -7573}, {255, 255, 255, 0} }},
	{{ {334, 2810, -8555}, 0, {-14458, -7573}, {255, 255, 255, 0} }},
	{{ {334, 3012, -8555}, 0, {-14458, -7573}, {255, 255, 255, 0} }},
	{{ {-652, 2810, -7431}, 0, {-16991, -4686}, {255, 255, 255, 0} }},
	{{ {-652, 2810, -7431}, 0, {-16991, -4686}, {255, 255, 255, 0} }},
	{{ {-652, 3012, -7431}, 0, {-16991, -4686}, {255, 255, 255, 0} }},
	{{ {-652, 2810, -7605}, 0, {-16991, -5134}, {255, 255, 255, 0} }},
	{{ {-652, 2810, -7605}, 0, {-16991, -5134}, {255, 255, 255, 0} }},
	{{ {-652, 3012, -7605}, 0, {-16991, -5134}, {255, 234, 253, 0} }},
	{{ {-652, 2810, -8380}, 0, {-16991, -7126}, {255, 255, 255, 0} }},
	{{ {-652, 2810, -8380}, 0, {-16991, -7126}, {255, 255, 255, 0} }},
	{{ {-652, 3012, -8380}, 0, {-16991, -7126}, {255, 255, 255, 0} }},
	{{ {-652, 2810, -8555}, 0, {-16991, -7573}, {255, 255, 255, 0} }},
	{{ {-652, 2810, -8555}, 0, {-16991, -7573}, {255, 255, 255, 0} }},
	{{ {-652, 3012, -8555}, 0, {-16991, -7573}, {255, 255, 255, 0} }},
	{{ {334, 2810, -7431}, 0, {-14458, -4686}, {255, 255, 255, 0} }},
	{{ {334, 2810, -7431}, 0, {-14458, -4686}, {255, 255, 255, 0} }},
	{{ {334, 3012, -7431}, 0, {-14458, -4686}, {255, 255, 255, 0} }},
	{{ {334, 2810, -7605}, 0, {-14458, -5134}, {255, 255, 255, 0} }},
	{{ {334, 2810, -7605}, 0, {-14458, -5134}, {255, 255, 255, 0} }},
	{{ {334, 3012, -7605}, 0, {-14458, -5134}, {255, 255, 255, 0} }},
	{{ {334, 2810, -8380}, 0, {-14458, -7126}, {255, 255, 255, 0} }},
	{{ {334, 2810, -8380}, 0, {-14458, -7126}, {255, 255, 255, 0} }},
	{{ {334, 3012, -8380}, 0, {-14458, -7126}, {255, 255, 255, 0} }},
	{{ {1702, 1236, -9887}, 0, {-10944, -10996}, {255, 255, 255, 15} }},
	{{ {1728, 1204, -9887}, 0, {-10878, -10996}, {255, 255, 255, 15} }},
	{{ {2127, 1425, -10930}, 0, {-9855, -13673}, {190, 157, 99, 0} }},
	{{ {2101, 1424, -10930}, 0, {-9921, -13673}, {190, 157, 99, 0} }},
	{{ {1240, 1234, -9887}, 0, {-12131, -10996}, {190, 157, 99, 4} }},
	{{ {1702, 1236, -9887}, 0, {-10944, -10996}, {255, 255, 255, 15} }},
	{{ {2101, 1424, -10930}, 0, {-9921, -13673}, {190, 157, 99, 0} }},
	{{ {1639, 1423, -10930}, 0, {-11108, -13673}, {197, 171, 141, 0} }},
	{{ {1378, 1126, -9030}, 0, {-11777, -8794}, {190, 157, 99, 14} }},
	{{ {1840, 1128, -9030}, 0, {-10590, -8794}, {255, 255, 255, 15} }},
	{{ {1639, 1898, -10930}, 0, {-11108, -3654}, {255, 255, 255, 1} }},
	{{ {2127, 1900, -10930}, 0, {-9855, -3659}, {0, 0, 0, 0} }},
	{{ {1712, 1898, -10930}, 0, {-10920, -3655}, {255, 255, 255, 0} }},
	{{ {2053, 1900, -10930}, 0, {-10043, -3658}, {0, 0, 0, 0} }},
	{{ {202, 3070, -9882}, 0, {-14798, -10983}, {189, 184, 186, 4} }},
	{{ {473, 3070, -9614}, 0, {-14102, -10293}, {203, 192, 184, 9} }},
	{{ {473, 3070, -10431}, 0, {-14102, -12391}, {255, 246, 250, 9} }},
	{{ {202, 3070, -10705}, 0, {-14798, -13095}, {255, 246, 250, 1} }},
	{{ {202, 3070, -9882}, 0, {-14798, -10983}, {194, 189, 191, 4} }},
	{{ {473, 3070, -9614}, 0, {-14102, -10293}, {203, 192, 184, 9} }},
	{{ {202, 3070, -9882}, 0, {-14798, -10983}, {194, 189, 191, 4} }},
	{{ {202, 3070, -9614}, 0, {-14798, -10293}, {245, 237, 239, 4} }},
	{{ {473, 3070, -9614}, 0, {-14102, -10293}, {203, 192, 184, 9} }},
	{{ {811, 3070, -11056}, 0, {-13233, -13998}, {255, 246, 250, 8} }},
	{{ {1082, 3070, -11056}, 0, {-12537, -13998}, {255, 246, 250, 9} }},
	{{ {1082, 3070, -11346}, 0, {-12537, -14743}, {255, 246, 250, 8} }},
	{{ {811, 3070, -11346}, 0, {-13233, -14743}, {255, 246, 250, 5} }},
	{{ {-117, 3070, -11346}, 0, {-15616, -14743}, {255, 246, 250, 0} }},
	{{ {-117, 3070, -11056}, 0, {-15616, -13998}, {255, 246, 250, 0} }},
	{{ {-479, 3070, -11056}, 0, {-16548, -13998}, {255, 246, 250, 0} }},
	{{ {-479, 3070, -11346}, 0, {-16548, -14743}, {255, 246, 250, 0} }},
	{{ {-777, 3070, -11346}, 0, {-17312, -14743}, {255, 246, 250, 0} }},
	{{ {-777, 3070, -11056}, 0, {-17312, -13998}, {255, 246, 250, 0} }},
	{{ {-479, 3070, -11056}, 0, {-16548, -13998}, {255, 246, 250, 0} }},
	{{ {-777, 3070, -11056}, 0, {-17312, -13998}, {255, 246, 250, 0} }},
	{{ {-777, 3070, -10223}, 0, {-17312, -11857}, {255, 234, 253, 0} }},
	{{ {-479, 3070, -11056}, 0, {-16548, -13998}, {255, 246, 250, 0} }},
	{{ {-777, 3070, -10223}, 0, {-17312, -11857}, {255, 234, 253, 0} }},
	{{ {-479, 3070, -10223}, 0, {-16548, -11857}, {236, 226, 227, 0} }},
	{{ {202, 3070, -10705}, 0, {-14798, -13095}, {255, 246, 250, 1} }},
	{{ {473, 3070, -10431}, 0, {-14102, -12391}, {255, 246, 250, 9} }},
	{{ {473, 3070, -10705}, 0, {-14102, -13095}, {255, 246, 250, 7} }},
	{{ {-479, 3070, -9882}, 0, {-16548, -10983}, {225, 215, 214, 0} }},
	{{ {-777, 3070, -9882}, 0, {-17312, -10983}, {255, 234, 253, 0} }},
	{{ {-777, 3070, -9614}, 0, {-17312, -10293}, {255, 234, 253, 0} }},
	{{ {-479, 3070, -9614}, 0, {-16548, -10293}, {234, 225, 225, 0} }},
	{{ {-479, 3070, -9882}, 0, {-16548, -10983}, {225, 215, 214, 0} }},
	{{ {-479, 3070, -9614}, 0, {-16548, -10293}, {234, 225, 225, 0} }},
	{{ {-117, 3070, -9614}, 0, {-15616, -10293}, {232, 227, 229, 0} }},
	{{ {-117, 3070, -9882}, 0, {-15616, -10983}, {187, 185, 185, 0} }},
	{{ {1082, 3070, -11056}, 0, {-12537, -13998}, {255, 246, 250, 9} }},
	{{ {1082, 3070, -10705}, 0, {-12537, -13095}, {255, 246, 250, 9} }},
	{{ {1491, 3070, -10930}, 0, {-11487, -13673}, {255, 255, 255, 9} }},
	{{ {1491, 3070, -11346}, 0, {-11487, -14743}, {255, 253, 254, 5} }},
	{{ {1082, 3070, -11346}, 0, {-12537, -14743}, {255, 246, 250, 8} }},
	{{ {1082, 3070, -10705}, 0, {-12537, -13095}, {255, 246, 250, 9} }},
	{{ {811, 3070, -10705}, 0, {-13233, -13095}, {255, 246, 250, 9} }},
	{{ {811, 3070, -9614}, 0, {-13233, -10293}, {255, 246, 250, 9} }},
	{{ {1082, 3070, -9614}, 0, {-12537, -10293}, {255, 246, 250, 9} }},
	{{ {-1088, 3070, -9097}, 0, {-18112, -8966}, {220, 197, 202, 0} }},
	{{ {-777, 3070, -9097}, 0, {-17312, -8966}, {228, 220, 216, 0} }},
	{{ {-777, 3070, -11346}, 0, {-17312, -14743}, {255, 246, 250, 0} }},
	{{ {-1088, 3070, -11346}, 0, {-18112, -14743}, {242, 233, 234, 0} }},
	{{ {-1088, 3070, -11346}, 0, {-18112, -14743}, {242, 233, 234, 0} }},
	{{ {1491, 3070, -11346}, 0, {-11487, -14743}, {255, 253, 254, 5} }},
	{{ {1491, 3070, -11875}, 0, {-11487, -16101}, {195, 187, 175, 0} }},
	{{ {-1088, 3070, -11346}, 0, {-18112, -14743}, {242, 233, 234, 0} }},
	{{ {1491, 3070, -11875}, 0, {-11487, -16101}, {195, 187, 175, 0} }},
	{{ {-1088, 3070, -11875}, 0, {-18112, -16101}, {168, 151, 93, 0} }},
	{{ {1082, 3070, -11056}, 0, {-12537, -13998}, {255, 246, 250, 9} }},
	{{ {804, 3010, -11189}, 0, {-13252, -14340}, {255, 246, 250, 8} }},
	{{ {804, 3010, -10571}, 0, {-13252, -12753}, {255, 246, 250, 9} }},
	{{ {1082, 3070, -10705}, 0, {-12537, -13095}, {255, 246, 250, 9} }},
	{{ {-117, 3070, -11346}, 0, {-15616, -14743}, {255, 246, 250, 0} }},
	{{ {-479, 3070, -11346}, 0, {-16548, -14743}, {255, 246, 250, 0} }},
	{{ {-479, 3012, -11056}, 0, {-16548, -13998}, {255, 246, 250, 0} }},
	{{ {-117, 3012, -11056}, 0, {-15616, -13998}, {255, 246, 250, 0} }},
	{{ {811, 3070, -9614}, 0, {-13233, -10293}, {255, 246, 250, 9} }},
	{{ {811, 3012, -9882}, 0, {-13233, -10983}, {255, 246, 250, 7} }},
	{{ {473, 3012, -9882}, 0, {-14102, -10983}, {253, 244, 247, 9} }},
	{{ {473, 3070, -9614}, 0, {-14102, -10293}, {203, 192, 184, 9} }},
	{{ {-777, 3070, -10223}, 0, {-17312, -11857}, {255, 234, 253, 0} }},
	{{ {-777, 3070, -9882}, 0, {-17312, -10983}, {255, 234, 253, 0} }},
	{{ {-475, 3010, -9882}, 0, {-16537, -10983}, {229, 220, 219, 0} }},
	{{ {-475, 3010, -10223}, 0, {-16537, -11857}, {238, 229, 230, 0} }},
	{{ {202, 3006, -9614}, 0, {-14798, -10293}, {250, 241, 244, 4} }},
	{{ {202, 3006, -9097}, 0, {-14798, -8966}, {255, 255, 255, 3} }},
	{{ {473, 3070, -9097}, 0, {-14102, -8966}, {255, 255, 255, 9} }},
	{{ {473, 3070, -9614}, 0, {-14102, -10293}, {203, 192, 184, 9} }},
	{{ {1261, 3070, -9097}, 0, {-12079, -8966}, {255, 255, 255, 1} }},
	{{ {811, 3070, -9614}, 0, {-13233, -10293}, {255, 246, 250, 9} }},
	{{ {1082, 3070, -9614}, 0, {-12537, -10293}, {255, 246, 250, 9} }},
	{{ {1082, 3070, -10288}, 0, {-12537, -12025}, {255, 246, 250, 9} }},
	{{ {1147, 3070, -9890}, 0, {-12370, -11002}, {255, 246, 250, 9} }},
	{{ {1491, 3070, -10930}, 0, {-11487, -13673}, {255, 255, 255, 9} }},
	{{ {1082, 3070, -10639}, 0, {-12537, -12928}, {255, 246, 250, 9} }},
	{{ {1082, 3070, -10705}, 0, {-12537, -13095}, {255, 246, 250, 9} }},
	{{ {-652, 3006, -9097}, 0, {-16991, -8966}, {252, 250, 250, 0} }},
	{{ {-648, 3006, -9614}, 0, {-16981, -10293}, {210, 200, 194, 0} }},
	{{ {-777, 3070, -9614}, 0, {-17312, -10293}, {255, 234, 253, 0} }},
	{{ {-777, 3070, -9097}, 0, {-17312, -8966}, {228, 220, 216, 0} }},
	{{ {4104, 936, -6005}, 0, {-4776, -1024}, {255, 255, 255, 7} }},
	{{ {4110, 903, -3814}, 0, {-4760, 4604}, {205, 188, 184, 0} }},
	{{ {5371, 1090, -4260}, 0, {-1522, 3458}, {205, 188, 184, 7} }},
	{{ {4952, 973, -6005}, 0, {-2597, -1024}, {255, 255, 255, 7} }},
	{{ {4952, 973, -6005}, 0, {-2597, -1024}, {255, 255, 255, 7} }},
	{{ {6781, 985, -6196}, 0, {2101, -1516}, {206, 189, 184, 0} }},
	{{ {5427, 924, -6624}, 0, {-1377, -2613}, {255, 255, 254, 2} }},
	{{ {4935, 936, -6987}, 0, {-2640, -3545}, {246, 245, 244, 0} }},
	{{ {5427, 924, -6624}, 0, {-1377, -2613}, {255, 255, 254, 2} }},
	{{ {5259, 924, -7149}, 0, {-1809, -3962}, {170, 153, 121, 0} }},
	{{ {5419, 924, -6650}, 0, {-1398, -2680}, {254, 254, 253, 2} }},
	{{ {7385, 1436, -7694}, 0, {3652, -5361}, {249, 249, 249, 0} }},
	{{ {5419, 924, -6650}, 0, {-1398, -2680}, {254, 254, 253, 2} }},
	{{ {7402, 1408, -7672}, 0, {3697, -5306}, {250, 250, 250, 0} }},
	{{ {7385, 1436, -7694}, 0, {3652, -5361}, {249, 249, 249, 0} }},
	{{ {5427, 924, -6624}, 0, {-1377, -2613}, {255, 255, 254, 2} }},
	{{ {7790, 1408, -7878}, 0, {4692, -5834}, {184, 184, 184, 0} }},
	{{ {7761, 1436, -7926}, 0, {4618, -5957}, {175, 174, 174, 0} }},
	{{ {7056, 1436, -8103}, 0, {2807, -6413}, {170, 153, 122, 0} }},
	{{ {7218, 1436, -8832}, 0, {3223, -8285}, {170, 153, 121, 0} }},
	{{ {7032, 1436, -8129}, 0, {2746, -6480}, {172, 155, 126, 0} }},
	{{ {6661, 1436, -8536}, 0, {1792, -7526}, {170, 153, 121, 0} }},
	{{ {5228, 1914, -7776}, 0, {-1889, -5572}, {192, 183, 171, 0} }},
	{{ {5257, 1914, -7187}, 0, {-1814, -4059}, {252, 252, 252, 0} }},
	{{ {4686, 1914, -7488}, 0, {-3281, -4832}, {255, 255, 255, 0} }},
	{{ {4920, 1914, -7017}, 0, {-2678, -3623}, {215, 211, 206, 0} }},
	{{ {5259, 1886, -7149}, 0, {-1809, -3962}, {255, 255, 255, 0} }},
	{{ {4935, 1886, -6987}, 0, {-2640, -3545}, {241, 240, 238, 0} }},
	{{ {7056, 1436, -8103}, 0, {2807, -6413}, {170, 153, 122, 0} }},
	{{ {5257, 1914, -7187}, 0, {-1814, -4059}, {252, 252, 252, 0} }},
	{{ {5259, 1886, -7149}, 0, {-1809, -3962}, {255, 255, 255, 0} }},
	{{ {5259, 924, -7149}, 0, {-1809, -3962}, {170, 153, 121, 0} }},
	{{ {7385, 1436, -7694}, 0, {3652, -5361}, {249, 249, 249, 0} }},
	{{ {5427, 924, -6624}, 0, {-1377, -2613}, {255, 255, 254, 2} }},
	{{ {6781, 985, -6196}, 0, {2101, -1516}, {205, 189, 184, 0} }},
	{{ {8340, 985, -6842}, 0, {6104, -3173}, {218, 194, 193, 0} }},
	{{ {7790, 924, -7878}, 0, {4692, -5834}, {218, 195, 194, 0} }},
	{{ {3720, 1914, -7421}, 0, {-5762, -4660}, {255, 255, 255, 3} }},
	{{ {4601, 1882, -8761}, 0, {-3500, -8103}, {255, 255, 255, 15} }},
	{{ {3673, 1882, -7418}, 0, {-5883, -4652}, {255, 255, 255, 2} }},
	{{ {4625, 1914, -8726}, 0, {-3438, -8013}, {255, 255, 255, 15} }},
	{{ {5228, 1914, -7776}, 0, {-1889, -5572}, {192, 183, 171, 0} }},
	{{ {4686, 1914, -7488}, 0, {-3281, -4832}, {255, 255, 255, 0} }},
	{{ {5116, 1914, -8008}, 0, {-2175, -6169}, {221, 218, 215, 0} }},
	{{ {4625, 1914, -8726}, 0, {-3438, -8013}, {255, 255, 255, 15} }},
	{{ {5116, 1914, -8008}, 0, {-2175, -6169}, {221, 218, 215, 0} }},
	{{ {5843, 1914, -9467}, 0, {-310, -9915}, {199, 199, 184, 0} }},
	{{ {4658, 1914, -8794}, 0, {-3352, -8187}, {255, 255, 255, 15} }},
	{{ {4840, 1914, -10272}, 0, {-2884, -11984}, {255, 255, 255, 15} }},
	{{ {5686, 1914, -10527}, 0, {-712, -12638}, {170, 153, 121, 0} }},
	{{ {5764, 1914, -9997}, 0, {-511, -11277}, {170, 153, 121, 0} }},
	{{ {4560, 1914, -11574}, 0, {-3604, -15329}, {255, 255, 255, 12} }},
	{{ {4799, 1882, -10260}, 0, {-2990, -11953}, {255, 255, 255, 15} }},
	{{ {4513, 1882, -11567}, 0, {-3725, -15311}, {255, 255, 255, 11} }},
	{{ {5530, 1914, -11127}, 0, {-1112, -14180}, {170, 153, 121, 0} }},
	{{ {5530, 1914, -11719}, 0, {-1113, -15702}, {184, 173, 157, 0} }},
	{{ {4935, 2403, -6987}, 0, {-2640, -3545}, {255, 255, 255, 9} }},
	{{ {4935, 2403, -6987}, 0, {-2640, -3545}, {255, 255, 255, 9} }},
	{{ {4894, 2426, -7010}, 0, {-2747, -3607}, {255, 255, 255, 11} }},
	{{ {4894, 2426, -7010}, 0, {-2747, -3607}, {255, 255, 255, 11} }},
	{{ {4894, 2426, -7010}, 0, {-2747, -3607}, {255, 255, 255, 11} }},
	{{ {4894, 2426, -7010}, 0, {-2747, -3607}, {255, 255, 255, 11} }},
	{{ {4669, 2426, -7461}, 0, {-3323, -4765}, {170, 153, 121, 8} }},
	{{ {3757, 2426, -7398}, 0, {-5665, -4603}, {198, 191, 182, 11} }},
	{{ {4669, 2426, -7461}, 0, {-3323, -4765}, {170, 153, 121, 8} }},
	{{ {4686, 2403, -7488}, 0, {-3281, -4832}, {170, 153, 122, 2} }},
	{{ {4686, 2403, -7488}, 0, {-3281, -4832}, {170, 153, 122, 2} }},
	{{ {4935, 2403, -6987}, 0, {-2640, -3545}, {255, 255, 255, 9} }},
	{{ {4894, 2426, -7010}, 0, {-2747, -3607}, {255, 255, 255, 11} }},
	{{ {3673, 2403, -7418}, 0, {-5883, -4652}, {252, 252, 251, 1} }},
	{{ {6250, 1914, -8318}, 0, {-3174, -3695}, {162, 159, 141, 0} }},
	{{ {5843, 1914, -9467}, 0, {-224, -3695}, {199, 199, 184, 0} }},
	{{ {5854, 1926, -9436}, 0, {-303, -3726}, {207, 209, 196, 0} }},
	{{ {6250, 1926, -8318}, 0, {-3174, -3726}, {162, 159, 141, 0} }},
	{{ {7256, 3459, -8839}, 0, {3321, -8304}, {250, 250, 250, 0} }},
	{{ {6726, 3459, -9888}, 0, {1959, -10997}, {255, 255, 255, 0} }},
	{{ {6693, 3459, -9872}, 0, {1875, -10957}, {255, 255, 255, 0} }},
	{{ {7218, 3419, -8832}, 0, {3223, -8285}, {253, 253, 253, 0} }},
	{{ {1639, 2941, -10930}, 0, {-11108, -6333}, {255, 255, 255, 8} }},
	{{ {1639, 2941, -10930}, 0, {-11108, -6333}, {255, 255, 255, 8} }},
	{{ {2127, 2941, -10996}, 0, {-9855, -6333}, {255, 255, 255, 15} }},
	{{ {2127, 2872, -10930}, 0, {-9855, -6157}, {255, 255, 255, 15} }},
	{{ {2127, 2941, -10996}, 0, {-9855, -13844}, {255, 255, 255, 15} }},
	{{ {2127, 2872, -10930}, 0, {-9855, -13673}, {255, 255, 255, 15} }},
	{{ {2818, 2872, -11673}, 0, {-8078, -15583}, {229, 229, 228, 15} }},
	{{ {2785, 2941, -11739}, 0, {-8162, -15751}, {185, 182, 178, 15} }},
	{{ {2127, 2941, -11875}, 0, {-9855, -16101}, {133, 122, 92, 0} }},
	{{ {2596, 2941, -12116}, 0, {-8649, -16719}, {133, 122, 92, 0} }},
	{{ {4507, 3205, -11646}, 0, {-3740, -15513}, {252, 252, 252, 0} }},
	{{ {4475, 3205, -12100}, 0, {-3823, -16679}, {144, 137, 121, 0} }},
	{{ {1639, 2941, -11875}, 0, {-11108, -16101}, {153, 147, 136, 0} }},
	{{ {2127, 2941, -10996}, 0, {-9855, -13844}, {255, 255, 255, 15} }},
	{{ {2127, 2941, -11875}, 0, {-9855, -16101}, {133, 122, 92, 0} }},
	{{ {1639, 2941, -10930}, 0, {-11108, -13673}, {255, 255, 255, 8} }},
	{{ {2785, 2941, -11739}, 0, {-8162, -6333}, {185, 182, 178, 15} }},
	{{ {2818, 2872, -11673}, 0, {-8078, -6157}, {229, 229, 228, 15} }},
	{{ {4513, 3137, -11567}, 0, {-3725, -6837}, {255, 255, 255, 0} }},
	{{ {4507, 3205, -11646}, 0, {-3740, -7013}, {252, 252, 252, 0} }},
	{{ {4507, 3205, -11646}, 0, {-3740, -15513}, {252, 252, 252, 0} }},
	{{ {4513, 3137, -11567}, 0, {-3725, -15311}, {255, 255, 255, 0} }},
	{{ {5563, 3358, -11728}, 0, {-1028, -15723}, {229, 208, 203, 0} }},
	{{ {5551, 3358, -11798}, 0, {-1058, -15905}, {222, 202, 197, 0} }},
	{{ {4475, 3205, -12100}, 0, {-3823, -16679}, {144, 137, 121, 0} }},
	{{ {5486, 3358, -12205}, 0, {-1226, -16950}, {147, 134, 131, 0} }},
	{{ {5530, 3459, -11127}, 0, {-1112, -7664}, {241, 219, 214, 0} }},
	{{ {6229, 3459, -11218}, 0, {682, -7664}, {255, 255, 255, 0} }},
	{{ {6229, 3310, -11218}, 0, {682, -7282}, {187, 178, 163, 0} }},
	{{ {5530, 3310, -11127}, 0, {-1112, -7282}, {191, 183, 172, 0} }},
	{{ {5346, 4136, -12202}, 0, {-1585, -16942}, {172, 168, 162, 0} }},
	{{ {4538, 4113, -12113}, 0, {-3661, -16713}, {141, 133, 115, 6} }},
	{{ {4650, 4168, -12046}, 0, {-3372, -16540}, {133, 122, 92, 15} }},
	{{ {5283, 4186, -12112}, 0, {-1748, -16710}, {133, 122, 92, 11} }},
	{{ {5408, 4223, -11854}, 0, {-1425, -16047}, {141, 133, 115, 15} }},
	{{ {4647, 4168, -11640}, 0, {-3382, -15498}, {255, 255, 255, 15} }},
	{{ {5282, 4186, -11619}, 0, {-1750, -15443}, {255, 255, 255, 15} }},
	{{ {5507, 4185, -11854}, 0, {-1171, -16047}, {133, 123, 92, 4} }},
	{{ {5346, 4136, -12202}, 0, {-1585, -16942}, {172, 168, 162, 0} }},
	{{ {5345, 4136, -11553}, 0, {-1587, -15274}, {255, 255, 255, 8} }},
	{{ {5282, 4186, -11619}, 0, {-1750, -15443}, {255, 255, 255, 15} }},
	{{ {4533, 4113, -11581}, 0, {-3674, -15345}, {255, 255, 255, 13} }},
	{{ {5345, 4136, -11553}, 0, {-1587, -15274}, {255, 255, 255, 8} }},
	{{ {5282, 4186, -11619}, 0, {-1750, -15443}, {255, 255, 255, 15} }},
	{{ {4647, 4168, -11640}, 0, {-3382, -15498}, {255, 255, 255, 15} }},
	{{ {4538, 4113, -12113}, 0, {-3661, -16713}, {141, 133, 115, 6} }},
	{{ {4533, 4113, -11581}, 0, {-3674, -15345}, {255, 255, 255, 13} }},
	{{ {4647, 4168, -11640}, 0, {-3382, -15498}, {255, 255, 255, 15} }},
	{{ {4650, 4168, -12046}, 0, {-3372, -16540}, {133, 122, 92, 15} }},
	{{ {3757, 2426, -7398}, 0, {-5665, -4603}, {198, 191, 182, 11} }},
	{{ {4236, 2426, -7007}, 0, {-4435, -3597}, {255, 255, 255, 11} }},
	{{ {4894, 2426, -7010}, 0, {-2747, -3607}, {255, 255, 255, 11} }},
	{{ {4205, 2403, -6983}, 0, {-4516, -3535}, {255, 255, 255, 10} }},
	{{ {4935, 2403, -6987}, 0, {-2640, -3545}, {255, 255, 255, 9} }},
	{{ {3673, 2403, -7418}, 0, {-5883, -4652}, {252, 252, 251, 1} }},
	{{ {4205, 2403, -6983}, 0, {-4516, -3535}, {255, 255, 255, 10} }},
	{{ {4236, 2426, -7007}, 0, {-4435, -3597}, {255, 255, 255, 11} }},
	{{ {3673, 2403, -7418}, 0, {-5883, -4652}, {252, 252, 251, 1} }},
	{{ {4236, 2426, -7007}, 0, {-4435, -3597}, {255, 255, 255, 11} }},
	{{ {3757, 2426, -7398}, 0, {-5665, -4603}, {198, 191, 182, 11} }},
	{{ {1846, 961, -7890}, 0, {-4274, -1249}, {242, 239, 237, 15} }},
	{{ {1871, 932, -7907}, 0, {-4230, -1172}, {252, 251, 250, 15} }},
	{{ {1871, 1081, -8530}, 0, {-2629, -1556}, {255, 255, 255, 6} }},
	{{ {1838, 1111, -8529}, 0, {-2632, -1633}, {254, 254, 254, 8} }},
	{{ {1383, 1090, -9000}, 0, {-11765, -1580}, {190, 157, 99, 13} }},
	{{ {1845, 1092, -9000}, 0, {-10578, -1585}, {255, 255, 255, 15} }},
	{{ {1840, 1128, -9030}, 0, {-10590, -1677}, {255, 255, 255, 15} }},
	{{ {1378, 1126, -9030}, 0, {-11777, -1672}, {190, 157, 99, 14} }},
	{{ {1845, 1092, -9000}, 0, {-10578, -8718}, {255, 255, 255, 15} }},
	{{ {1871, 1092, -9000}, 0, {-10512, -8718}, {255, 255, 255, 15} }},
	{{ {1866, 1096, -9030}, 0, {-10524, -8794}, {255, 255, 255, 15} }},
	{{ {1840, 1128, -9030}, 0, {-10590, -8794}, {255, 255, 255, 15} }},
	{{ {4601, 1882, -8761}, 0, {-3500, -8103}, {255, 255, 255, 15} }},
	{{ {4625, 1914, -8726}, 0, {-3438, -8013}, {255, 255, 255, 15} }},
	{{ {4658, 1914, -8794}, 0, {-3352, -8187}, {255, 255, 255, 15} }},
	{{ {4840, 1914, -10272}, 0, {-2884, -11984}, {255, 255, 255, 15} }},
	{{ {4799, 1882, -10260}, 0, {-2990, -11953}, {255, 255, 255, 15} }},
	{{ {7218, 3419, -8832}, 0, {3223, -8285}, {253, 253, 253, 0} }},
	{{ {7459, 3419, -8431}, 0, {3843, -7256}, {133, 122, 92, 0} }},
	{{ {7492, 3459, -8447}, 0, {3927, -7297}, {133, 122, 92, 0} }},
	{{ {7237, 3439, -8836}, 0, {3272, -8295}, {252, 252, 252, 0} }},
	{{ {7256, 3459, -8839}, 0, {3321, -8304}, {250, 250, 250, 0} }},
	{{ {8978, 3459, -9167}, 0, {7743, -9146}, {133, 123, 92, 0} }},
	{{ {8212, 3459, -10608}, 0, {5775, -12847}, {133, 123, 93, 0} }},
	{{ {7452, 3459, -10240}, 0, {3825, -11902}, {241, 219, 214, 0} }},
	{{ {7073, 3459, -10056}, 0, {2850, -11429}, {243, 225, 221, 0} }},
	{{ {7256, 3459, -8839}, 0, {3321, -8304}, {250, 250, 250, 0} }},
	{{ {6726, 3459, -9888}, 0, {1959, -10997}, {255, 255, 255, 0} }},
	{{ {723, -161, 1449}, 0, {-13459, 18121}, {190, 157, 99, 0} }},
	{{ {1470, -161, 1449}, 0, {-11542, 18121}, {191, 159, 108, 0} }},
	{{ {1435, -161, 354}, 0, {-11631, 15308}, {190, 157, 99, 0} }},
	{{ {697, -161, 354}, 0, {-13526, 15308}, {255, 255, 255, 0} }},
	{{ {1400, -161, -742}, 0, {-11720, 12495}, {190, 157, 99, 0} }},
	{{ {671, -161, -742}, 0, {-13592, 12495}, {255, 255, 255, 0} }},
	{{ {1366, -161, -1837}, 0, {-11809, 9683}, {190, 157, 99, 0} }},
	{{ {645, -161, -1837}, 0, {-13659, 9683}, {255, 255, 255, 0} }},
	{{ {1331, -161, -2932}, 0, {-11898, 6870}, {213, 198, 187, 0} }},
	{{ {619, -161, -2932}, 0, {-13726, 6870}, {190, 157, 99, 0} }},
	{{ {-75, -161, -1837}, 0, {-15509, 9683}, {255, 255, 255, 0} }},
	{{ {-92, -161, -2932}, 0, {-15554, 6870}, {255, 255, 255, 0} }},
	{{ {-795, -161, -1837}, 0, {-17360, 9683}, {228, 220, 215, 0} }},
	{{ {-804, -161, -2932}, 0, {-17382, 6870}, {197, 172, 143, 0} }},
	{{ {-1516, -161, -1837}, 0, {-19210, 9683}, {193, 163, 123, 0} }},
	{{ {-1516, -161, -2932}, 0, {-19210, 6870}, {198, 173, 147, 0} }},
	{{ {-1516, -161, -742}, 0, {-19210, 12495}, {194, 165, 128, 0} }},
	{{ {-795, -161, -1837}, 0, {-17360, 9683}, {228, 220, 215, 0} }},
	{{ {-1516, -161, -1837}, 0, {-19210, 9683}, {193, 163, 123, 0} }},
	{{ {-787, -161, -742}, 0, {-17338, 12495}, {216, 203, 193, 0} }},
	{{ {-1516, -161, 354}, 0, {-19210, 15308}, {190, 157, 99, 0} }},
	{{ {-778, -161, 354}, 0, {-17315, 15308}, {190, 157, 99, 0} }},
	{{ {-1516, -161, 1449}, 0, {-19210, 18121}, {192, 161, 115, 0} }},
	{{ {-770, -161, 1449}, 0, {-17293, 18121}, {190, 157, 99, 0} }},
	{{ {-40, -161, 354}, 0, {-15420, 15308}, {255, 255, 255, 0} }},
	{{ {-23, -161, 1449}, 0, {-15376, 18121}, {190, 157, 99, 0} }},
	{{ {697, -161, 354}, 0, {-13526, 15308}, {255, 255, 255, 0} }},
	{{ {723, -161, 1449}, 0, {-13459, 18121}, {190, 157, 99, 0} }},
	{{ {671, -161, -742}, 0, {-13592, 12495}, {255, 255, 255, 0} }},
	{{ {-58, -161, -742}, 0, {-15465, 12495}, {255, 255, 255, 0} }},
	{{ {645, -161, -1837}, 0, {-13659, 9683}, {255, 255, 255, 0} }},
	{{ {-75, -161, -1837}, 0, {-15509, 9683}, {255, 255, 255, 0} }},
	{{ {619, -161, -2932}, 0, {-13726, 6870}, {190, 157, 99, 0} }},
	{{ {1331, -161, -2932}, 0, {-11898, 6870}, {213, 198, 187, 0} }},
	{{ {1331, -73, -3116}, 0, {-11898, 6397}, {190, 157, 99, 0} }},
	{{ {619, -73, -3116}, 0, {-13726, 6397}, {190, 157, 99, 0} }},
	{{ {1331, 16, -3300}, 0, {-11898, 5923}, {190, 157, 99, 0} }},
	{{ {619, 16, -3300}, 0, {-13726, 5923}, {190, 157, 99, 4} }},
	{{ {1331, 104, -3485}, 0, {-11898, 5450}, {190, 157, 99, 0} }},
	{{ {619, 104, -3485}, 0, {-13726, 5450}, {190, 157, 99, 7} }},
	{{ {1331, 193, -3669}, 0, {-11898, 4976}, {190, 157, 99, 0} }},
	{{ {619, 193, -3669}, 0, {-13726, 4976}, {192, 160, 113, 7} }},
	{{ {-92, 104, -3485}, 0, {-15554, 5450}, {255, 255, 255, 6} }},
	{{ {-92, 193, -3669}, 0, {-15554, 4976}, {255, 255, 255, 7} }},
	{{ {-804, 104, -3485}, 0, {-17382, 5450}, {190, 157, 100, 1} }},
	{{ {-804, 193, -3669}, 0, {-17382, 4976}, {190, 157, 99, 6} }},
	{{ {-1516, 104, -3485}, 0, {-19210, 5450}, {190, 157, 99, 0} }},
	{{ {-1516, 193, -3669}, 0, {-19210, 4976}, {190, 157, 99, 0} }},
	{{ {-1516, 16, -3300}, 0, {-19210, 5923}, {190, 157, 99, 0} }},
	{{ {-804, 104, -3485}, 0, {-17382, 5450}, {190, 157, 100, 1} }},
	{{ {-1516, 104, -3485}, 0, {-19210, 5450}, {190, 157, 99, 0} }},
	{{ {-804, 16, -3300}, 0, {-17382, 5923}, {190, 157, 99, 0} }},
	{{ {-1516, -73, -3116}, 0, {-19210, 6397}, {199, 175, 149, 0} }},
	{{ {-804, -73, -3116}, 0, {-17382, 6397}, {190, 157, 99, 0} }},
	{{ {-1516, -161, -2932}, 0, {-19210, 6870}, {198, 173, 147, 0} }},
	{{ {-804, -161, -2932}, 0, {-17382, 6870}, {197, 172, 143, 0} }},
	{{ {-92, -73, -3116}, 0, {-15554, 6397}, {255, 255, 255, 0} }},
	{{ {-92, -161, -2932}, 0, {-15554, 6870}, {255, 255, 255, 0} }},
	{{ {619, -73, -3116}, 0, {-13726, 6397}, {190, 157, 99, 0} }},
	{{ {619, -161, -2932}, 0, {-13726, 6870}, {190, 157, 99, 0} }},
	{{ {619, 16, -3300}, 0, {-13726, 5923}, {190, 157, 99, 4} }},
	{{ {-92, 16, -3300}, 0, {-15554, 5923}, {255, 255, 255, 0} }},
	{{ {619, 104, -3485}, 0, {-13726, 5450}, {190, 157, 99, 7} }},
	{{ {-92, 104, -3485}, 0, {-15554, 5450}, {255, 255, 255, 6} }},
	{{ {530, 193, -5141}, 0, {-13954, 1196}, {254, 254, 254, 0} }},
	{{ {441, 193, -5122}, 0, {-14183, 1244}, {255, 255, 255, 0} }},
	{{ {352, 193, -5103}, 0, {-14411, 1292}, {255, 255, 255, 0} }},
	{{ {263, 193, -5085}, 0, {-14640, 1340}, {255, 255, 255, 0} }},
	{{ {86, 193, -5047}, 0, {-15097, 1436}, {255, 255, 255, 0} }},
	{{ {175, 193, -5066}, 0, {-14868, 1388}, {255, 255, 255, 0} }},
	{{ {5371, 1090, -4260}, 0, {-1522, 3458}, {205, 188, 184, 7} }},
	{{ {4110, 903, -3814}, 0, {-4760, 4604}, {205, 188, 184, 0} }},
	{{ {4442, 1078, -1481}, 0, {-3908, 10597}, {159, 145, 142, 0} }},
	{{ {5535, 1237, -1870}, 0, {-1101, 9597}, {159, 145, 142, 0} }},
	{{ {10992, 3737, -7204}, 0, {12917, -8377}, {255, 255, 255, 3} }},
	{{ {9546, 3498, -7888}, 0, {9203, -7763}, {255, 234, 228, 3} }},
	{{ {10949, 3768, -7247}, 0, {12807, -8459}, {255, 255, 255, 3} }},
	{{ {9553, 3459, -7862}, 0, {9220, -7664}, {255, 234, 228, 3} }},
	{{ {7828, 3459, -7903}, 0, {4789, -7664}, {248, 248, 248, 3} }},
	{{ {7790, 3419, -7878}, 0, {4692, -7562}, {246, 245, 245, 3} }},
	{{ {9240, 1519, -1257}, 0, {8417, 11170}, {148, 118, 99, 0} }},
	{{ {7815, 1519, -1409}, 0, {4757, 10781}, {255, 234, 228, 0} }},
	{{ {7197, 1519, -145}, 0, {3168, 14029}, {159, 145, 142, 0} }},
	{{ {9410, 1515, -574}, 0, {8852, 12925}, {146, 114, 93, 0} }},
	{{ {9579, 1512, 109}, 0, {9287, 14680}, {155, 138, 133, 0} }},
	{{ {11906, 900, 138}, 0, {15263, 14754}, {140, 135, 130, 0} }},
	{{ {11736, 903, -545}, 0, {14828, 13000}, {138, 139, 136, 0} }},
	{{ {12705, 903, -605}, 0, {17318, 12845}, {140, 141, 138, 0} }},
	{{ {11736, 903, -545}, 0, {14828, 13000}, {138, 139, 136, 0} }},
	{{ {11567, 907, -1228}, 0, {14393, 11245}, {142, 138, 134, 0} }},
	{{ {12705, 903, -605}, 0, {17318, 12845}, {140, 141, 138, 0} }},
	{{ {12899, 907, -1228}, 0, {17815, 11245}, {153, 153, 153, 0} }},
	{{ {10246, 1734, -1167}, 0, {11001, 11403}, {255, 255, 255, 0} }},
	{{ {11567, 1953, -1228}, 0, {14393, 11245}, {151, 143, 141, 0} }},
	{{ {10998, 1736, -1643}, 0, {12932, 10181}, {233, 231, 231, 0} }},
	{{ {11567, 1953, -1228}, 0, {14393, 11245}, {151, 143, 141, 0} }},
	{{ {10998, 1736, -1643}, 0, {12932, 10181}, {233, 231, 231, 0} }},
	{{ {11567, 1953, -1228}, 0, {14393, 11245}, {151, 143, 141, 0} }},
	{{ {12230, 1953, -3530}, 0, {16096, 5332}, {197, 197, 197, 0} }},
	{{ {12899, 1953, -1228}, 0, {17815, 11245}, {153, 153, 153, 0} }},
	{{ {13562, 1953, -3530}, 0, {19518, 5332}, {164, 164, 164, 11} }},
	{{ {10826, 1519, -3434}, 0, {12489, 5580}, {156, 128, 116, 0} }},
	{{ {10429, 1519, -2057}, 0, {11471, 9116}, {180, 158, 150, 0} }},
	{{ {9240, 1519, -1257}, 0, {8417, 11170}, {148, 118, 99, 0} }},
	{{ {10246, 1734, -1167}, 0, {11001, 11403}, {255, 255, 255, 0} }},
	{{ {6821, 1525, -2441}, 0, {2204, 8131}, {255, 234, 228, 0} }},
	{{ {7197, 1519, -145}, 0, {3168, 14029}, {159, 145, 142, 0} }},
	{{ {7815, 1519, -1409}, 0, {4757, 10781}, {255, 234, 228, 0} }},
	{{ {5535, 1237, -1870}, 0, {-1101, 9597}, {159, 145, 142, 0} }},
	{{ {6723, 1525, -3870}, 0, {1952, 4459}, {255, 234, 228, 0} }},
	{{ {5371, 1090, -4260}, 0, {-1522, 3458}, {205, 188, 184, 7} }},
	{{ {7567, 1525, -5029}, 0, {4119, 1484}, {255, 234, 228, 0} }},
	{{ {7567, 1525, -5029}, 0, {4119, 1484}, {255, 234, 228, 0} }},
	{{ {6781, 985, -6196}, 0, {2101, -1516}, {206, 189, 184, 0} }},
	{{ {5371, 1090, -4260}, 0, {-1522, 3458}, {205, 188, 184, 7} }},
	{{ {8957, 1525, -5373}, 0, {7691, 598}, {255, 238, 234, 0} }},
	{{ {8340, 985, -6842}, 0, {6104, -3173}, {218, 194, 193, 0} }},
	{{ {10081, 2353, -6967}, 0, {-2190, -5438}, {165, 165, 165, 0} }},
	{{ {8413, 2353, -6982}, 0, {-6514, -5477}, {153, 153, 153, 0} }},
	{{ {8413, 2353, -6982}, 0, {-6514, -5477}, {153, 153, 153, 0} }},
	{{ {13988, 2353, -4667}, 0, {7934, 524}, {131, 131, 131, 0} }},
	{{ {10269, 2353, -4774}, 0, {-1703, 246}, {207, 207, 207, 0} }},
	{{ {8997, 2353, -5398}, 0, {-4999, -1369}, {206, 206, 206, 0} }},
	{{ {11913, 2353, -2450}, 0, {2558, 6269}, {189, 189, 189, 0} }},
	{{ {10887, 2353, -3502}, 0, {-102, 3544}, {161, 147, 142, 0} }},
	{{ {13277, 2353, -2439}, 0, {6092, 6299}, {130, 130, 130, 0} }},
	{{ {11898, 2309, -2379}, 0, {2519, 6453}, {189, 189, 189, 0} }},
	{{ {13238, 2309, -2379}, 0, {5990, 6453}, {130, 130, 130, 0} }},
	{{ {11898, 2309, -2379}, 0, {2519, 6453}, {189, 189, 189, 0} }},
	{{ {13277, 2353, -2439}, 0, {6092, 6299}, {130, 130, 130, 0} }},
	{{ {11913, 2353, -2450}, 0, {2558, 6269}, {189, 189, 189, 0} }},
	{{ {10245, 2309, -4744}, 0, {-1767, 325}, {207, 207, 207, 0} }},
	{{ {10826, 2309, -3434}, 0, {-260, 3719}, {148, 118, 101, 0} }},
	{{ {10887, 2353, -3502}, 0, {-102, 3544}, {161, 147, 142, 0} }},
	{{ {10269, 2353, -4774}, 0, {-1703, 246}, {207, 207, 207, 0} }},
	{{ {10826, 2309, -3434}, 0, {-260, 3719}, {148, 118, 101, 0} }},
	{{ {11898, 2309, -2379}, 0, {2519, 6453}, {189, 189, 189, 0} }},
	{{ {10949, 3768, -7247}, 0, {12807, -4213}, {255, 255, 255, 3} }},
	{{ {13125, 3768, -5112}, 0, {18395, 1271}, {158, 158, 158, 1} }},
	{{ {12431, 3768, -6547}, 0, {16613, -2416}, {255, 255, 255, 3} }},
	{{ {11668, 3768, -5976}, 0, {14653, -951}, {158, 158, 158, 4} }},
	{{ {9546, 3498, -7888}, 0, {9203, -5860}, {255, 234, 228, 3} }},
	{{ {10111, 3498, -6873}, 0, {10653, -3254}, {179, 140, 114, 3} }},
	{{ {7828, 3459, -7903}, 0, {4789, -5900}, {248, 247, 238, 3} }},
	{{ {7828, 3459, -7903}, 0, {4789, -5900}, {248, 247, 238, 3} }},
	{{ {8364, 3498, -6893}, 0, {6166, -3305}, {146, 114, 93, 2} }},
	{{ {10111, 3498, -6873}, 0, {10653, -3254}, {179, 140, 114, 3} }},
	{{ {7790, 3419, -7878}, 0, {4692, -5834}, {246, 244, 235, 3} }},
	{{ {8340, 3459, -6842}, 0, {6104, -3173}, {146, 114, 93, 2} }},
	{{ {10103, 3459, -6826}, 0, {10633, -3132}, {179, 140, 114, 3} }},
	{{ {11668, 3768, -5976}, 0, {14653, -951}, {158, 158, 158, 4} }},
	{{ {11663, 3737, -5920}, 0, {14641, -806}, {158, 158, 158, 4} }},
	{{ {13125, 3768, -5112}, 0, {18395, 1271}, {158, 158, 158, 1} }},
	{{ {13224, 3737, -5014}, 0, {18649, 1521}, {161, 161, 161, 6} }},
	{{ {10233, 2552, -4810}, 0, {-1797, 153}, {206, 205, 205, 0} }},
	{{ {10245, 2508, -4744}, 0, {-1767, 325}, {207, 206, 206, 0} }},
	{{ {11298, 2508, -6132}, 0, {964, -3273}, {136, 136, 136, 0} }},
	{{ {11262, 2552, -6168}, 0, {870, -3366}, {131, 131, 131, 0} }},
	{{ {8340, 2508, -6842}, 0, {-6703, -5112}, {131, 131, 131, 0} }},
	{{ {8957, 2508, -5373}, 0, {-5102, -1307}, {207, 207, 207, 0} }},
	{{ {8997, 2552, -5398}, 0, {-4999, -1369}, {207, 207, 207, 0} }},
	{{ {8353, 2552, -6960}, 0, {-6667, -5419}, {133, 133, 133, 0} }},
	{{ {8957, 2508, -5373}, 0, {-5102, -1307}, {207, 207, 207, 0} }},
	{{ {10245, 2508, -4744}, 0, {-1767, 325}, {207, 206, 206, 0} }},
	{{ {10233, 2552, -4810}, 0, {-1797, 153}, {206, 205, 205, 0} }},
	{{ {8997, 2552, -5398}, 0, {-4999, -1369}, {207, 207, 207, 0} }},
	{{ {10103, 2552, -6826}, 0, {-2134, -5071}, {130, 130, 130, 0} }},
	{{ {8353, 2552, -6960}, 0, {-6667, -5419}, {133, 133, 133, 0} }},
	{{ {8997, 2552, -5398}, 0, {-4999, -1369}, {207, 207, 207, 0} }},
	{{ {11262, 2552, -6168}, 0, {870, -3366}, {131, 131, 131, 0} }},
	{{ {10233, 2552, -4810}, 0, {-1797, 153}, {206, 205, 205, 0} }},
};

Gfx maple_treewway_dl_Main_mesh_layer_1_tri_1[] = {
	gsSPVertex(maple_treewway_dl_Main_mesh_layer_1_vtx_1 + 0, 16, 0),
	gsSP1Triangle(0, 1, 2, 0),
	gsSP1Triangle(3, 4, 5, 0),
	gsSP1Triangle(6, 7, 8, 0),
	gsSP1Triangle(9, 10, 11, 0),
	gsSP1Triangle(12, 13, 14, 0),
	gsSP1Triangle(15, 12, 14, 0),
	gsSPVertex(maple_treewway_dl_Main_mesh_layer_1_vtx_1 + 16, 16, 0),
	gsSP1Triangle(0, 1, 2, 0),
	gsSP1Triangle(1, 3, 2, 0),
	gsSP1Triangle(1, 4, 3, 0),
	gsSP1Triangle(4, 5, 3, 0),
	gsSP1Triangle(3, 5, 6, 0),
	gsSP1Triangle(5, 7, 6, 0),
	gsSP1Triangle(8, 6, 7, 0),
	gsSP1Triangle(8, 9, 6, 0),
	gsSP1Triangle(10, 9, 8, 0),
	gsSP1Triangle(10, 11, 9, 0),
	gsSP1Triangle(12, 11, 10, 0),
	gsSP1Triangle(12, 13, 11, 0),
	gsSP1Triangle(13, 14, 11, 0),
	gsSP1Triangle(13, 15, 14, 0),
	gsSPVertex(maple_treewway_dl_Main_mesh_layer_1_vtx_1 + 32, 16, 0),
	gsSP1Triangle(0, 1, 2, 0),
	gsSP1Triangle(0, 3, 1, 0),
	gsSP1Triangle(3, 4, 1, 0),
	gsSP1Triangle(3, 5, 4, 0),
	gsSP1Triangle(1, 4, 6, 0),
	gsSP1Triangle(1, 6, 7, 0),
	gsSP1Triangle(7, 6, 8, 0),
	gsSP1Triangle(7, 8, 9, 0),
	gsSP1Triangle(10, 9, 8, 0),
	gsSP1Triangle(11, 10, 8, 0),
	gsSP1Triangle(12, 11, 8, 0),
	gsSP1Triangle(13, 12, 8, 0),
	gsSP1Triangle(8, 14, 13, 0),
	gsSP1Triangle(8, 15, 14, 0),
	gsSPVertex(maple_treewway_dl_Main_mesh_layer_1_vtx_1 + 48, 16, 0),
	gsSP1Triangle(0, 1, 2, 0),
	gsSP1Triangle(2, 1, 3, 0),
	gsSP1Triangle(4, 2, 3, 0),
	gsSP1Triangle(4, 3, 5, 0),
	gsSP1Triangle(3, 6, 5, 0),
	gsSP1Triangle(3, 7, 6, 0),
	gsSP1Triangle(6, 8, 5, 0),
	gsSP1Triangle(2, 4, 9, 0),
	gsSP1Triangle(10, 9, 4, 0),
	gsSP1Triangle(11, 10, 4, 0),
	gsSP1Triangle(12, 11, 4, 0),
	gsSP1Triangle(4, 5, 12, 0),
	gsSP1Triangle(5, 13, 12, 0),
	gsSP1Triangle(5, 14, 13, 0),
	gsSP1Triangle(5, 15, 14, 0),
	gsSPVertex(maple_treewway_dl_Main_mesh_layer_1_vtx_1 + 64, 15, 0),
	gsSP1Triangle(0, 1, 2, 0),
	gsSP1Triangle(0, 3, 1, 0),
	gsSP1Triangle(0, 4, 3, 0),
	gsSP1Triangle(3, 4, 5, 0),
	gsSP1Triangle(6, 3, 5, 0),
	gsSP1Triangle(6, 5, 7, 0),
	gsSP1Triangle(5, 8, 7, 0),
	gsSP1Triangle(5, 9, 8, 0),
	gsSP1Triangle(8, 10, 7, 0),
	gsSP1Triangle(10, 11, 7, 0),
	gsSP1Triangle(10, 12, 11, 0),
	gsSP1Triangle(11, 13, 7, 0),
	gsSP1Triangle(13, 14, 7, 0),
	gsSPVertex(maple_treewway_dl_Main_mesh_layer_1_vtx_1 + 79, 16, 0),
	gsSP1Triangle(0, 1, 2, 0),
	gsSP1Triangle(2, 1, 0, 0),
	gsSP1Triangle(3, 4, 5, 0),
	gsSP1Triangle(3, 5, 6, 0),
	gsSP1Triangle(3, 6, 7, 0),
	gsSP1Triangle(6, 8, 7, 0),
	gsSP1Triangle(6, 9, 8, 0),
	gsSP1Triangle(8, 9, 6, 0),
	gsSP1Triangle(10, 8, 6, 0),
	gsSP1Triangle(10, 6, 11, 0),
	gsSP1Triangle(11, 12, 6, 0),
	gsSP1Triangle(6, 12, 11, 0),
	gsSP1Triangle(10, 13, 8, 0),
	gsSP1Triangle(10, 14, 13, 0),
	gsSP1Triangle(14, 10, 15, 0),
	gsSPVertex(maple_treewway_dl_Main_mesh_layer_1_vtx_1 + 95, 16, 0),
	gsSP1Triangle(0, 1, 2, 0),
	gsSP1Triangle(0, 3, 1, 0),
	gsSP1Triangle(4, 3, 0, 0),
	gsSP1Triangle(4, 5, 3, 0),
	gsSP1Triangle(5, 6, 3, 0),
	gsSP1Triangle(5, 7, 6, 0),
	gsSP1Triangle(3, 6, 8, 0),
	gsSP1Triangle(3, 8, 1, 0),
	gsSP1Triangle(9, 1, 8, 0),
	gsSP1Triangle(10, 9, 8, 0),
	gsSP1Triangle(8, 11, 10, 0),
	gsSP1Triangle(8, 12, 11, 0),
	gsSP1Triangle(8, 13, 12, 0),
	gsSP1Triangle(14, 12, 13, 0),
	gsSP1Triangle(10, 14, 13, 0),
	gsSP1Triangle(15, 10, 13, 0),
	gsSPVertex(maple_treewway_dl_Main_mesh_layer_1_vtx_1 + 111, 16, 0),
	gsSP1Triangle(0, 1, 2, 0),
	gsSP1Triangle(1, 3, 2, 0),
	gsSP1Triangle(1, 4, 3, 0),
	gsSP1Triangle(0, 5, 6, 0),
	gsSP1Triangle(0, 7, 5, 0),
	gsSP1Triangle(8, 7, 0, 0),
	gsSP1Triangle(8, 0, 9, 0),
	gsSP1Triangle(9, 10, 0, 0),
	gsSP1Triangle(0, 10, 9, 0),
	gsSP1Triangle(11, 9, 0, 0),
	gsSP1Triangle(12, 11, 0, 0),
	gsSP1Triangle(13, 12, 0, 0),
	gsSP1Triangle(13, 14, 12, 0),
	gsSP1Triangle(14, 13, 15, 0),
	gsSPVertex(maple_treewway_dl_Main_mesh_layer_1_vtx_1 + 127, 16, 0),
	gsSP1Triangle(0, 1, 2, 0),
	gsSP1Triangle(0, 3, 1, 0),
	gsSP1Triangle(4, 3, 0, 0),
	gsSP1Triangle(4, 0, 5, 0),
	gsSP1Triangle(0, 6, 5, 0),
	gsSP1Triangle(7, 6, 0, 0),
	gsSP1Triangle(8, 7, 0, 0),
	gsSP1Triangle(8, 9, 7, 0),
	gsSP1Triangle(8, 10, 9, 0),
	gsSP1Triangle(11, 10, 8, 0),
	gsSP1Triangle(12, 11, 8, 0),
	gsSP1Triangle(12, 8, 13, 0),
	gsSP1Triangle(14, 13, 8, 0),
	gsSP1Triangle(15, 14, 8, 0),
	gsSPVertex(maple_treewway_dl_Main_mesh_layer_1_vtx_1 + 143, 16, 0),
	gsSP1Triangle(0, 1, 2, 0),
	gsSP1Triangle(3, 2, 1, 0),
	gsSP1Triangle(4, 3, 1, 0),
	gsSP1Triangle(4, 5, 6, 0),
	gsSP1Triangle(4, 7, 5, 0),
	gsSP1Triangle(4, 8, 7, 0),
	gsSP1Triangle(4, 9, 8, 0),
	gsSP1Triangle(8, 10, 7, 0),
	gsSP1Triangle(10, 11, 7, 0),
	gsSP1Triangle(10, 12, 11, 0),
	gsSP1Triangle(11, 13, 7, 0),
	gsSP1Triangle(13, 14, 7, 0),
	gsSP1Triangle(14, 15, 7, 0),
	gsSPVertex(maple_treewway_dl_Main_mesh_layer_1_vtx_1 + 159, 16, 0),
	gsSP1Triangle(0, 1, 2, 0),
	gsSP1Triangle(3, 2, 1, 0),
	gsSP1Triangle(3, 4, 5, 0),
	gsSP1Triangle(6, 4, 3, 0),
	gsSP1Triangle(7, 8, 9, 0),
	gsSP1Triangle(7, 9, 10, 0),
	gsSP1Triangle(9, 11, 10, 0),
	gsSP1Triangle(11, 12, 10, 0),
	gsSP1Triangle(12, 13, 10, 0),
	gsSP1Triangle(12, 14, 13, 0),
	gsSP1Triangle(12, 15, 14, 0),
	gsSPVertex(maple_treewway_dl_Main_mesh_layer_1_vtx_1 + 175, 16, 0),
	gsSP1Triangle(0, 1, 2, 0),
	gsSP1Triangle(3, 0, 2, 0),
	gsSP1Triangle(4, 3, 2, 0),
	gsSP1Triangle(4, 2, 5, 0),
	gsSP1Triangle(2, 6, 5, 0),
	gsSP1Triangle(6, 7, 5, 0),
	gsSP1Triangle(6, 8, 7, 0),
	gsSP1Triangle(8, 6, 9, 0),
	gsSP1Triangle(5, 7, 10, 0),
	gsSP1Triangle(11, 5, 10, 0),
	gsSP1Triangle(10, 12, 11, 0),
	gsSP1Triangle(10, 13, 12, 0),
	gsSP1Triangle(12, 13, 14, 0),
	gsSP1Triangle(15, 14, 13, 0),
	gsSP1Triangle(12, 14, 15, 0),
	gsSPVertex(maple_treewway_dl_Main_mesh_layer_1_vtx_1 + 191, 15, 0),
	gsSP1Triangle(0, 1, 2, 0),
	gsSP1Triangle(0, 3, 1, 0),
	gsSP1Triangle(0, 4, 3, 0),
	gsSP1Triangle(4, 0, 5, 0),
	gsSP1Triangle(3, 4, 5, 0),
	gsSP1Triangle(3, 6, 1, 0),
	gsSP1Triangle(3, 7, 6, 0),
	gsSP1Triangle(8, 7, 3, 0),
	gsSP1Triangle(9, 8, 3, 0),
	gsSP1Triangle(7, 8, 9, 0),
	gsSP1Triangle(7, 9, 10, 0),
	gsSP1Triangle(7, 10, 6, 0),
	gsSP1Triangle(10, 11, 6, 0),
	gsSP1Triangle(10, 12, 11, 0),
	gsSP1Triangle(6, 11, 12, 0),
	gsSP1Triangle(1, 6, 12, 0),
	gsSP1Triangle(6, 13, 1, 0),
	gsSP1Triangle(6, 14, 13, 0),
	gsSP1Triangle(1, 14, 6, 0),
	gsSP1Triangle(1, 13, 14, 0),
	gsSPVertex(maple_treewway_dl_Main_mesh_layer_1_vtx_1 + 206, 16, 0),
	gsSP1Triangle(0, 1, 2, 0),
	gsSP1Triangle(3, 4, 5, 0),
	gsSP1Triangle(3, 5, 6, 0),
	gsSP1Triangle(5, 7, 6, 0),
	gsSP1Triangle(8, 6, 7, 0),
	gsSP1Triangle(9, 6, 8, 0),
	gsSP1Triangle(9, 8, 10, 0),
	gsSP1Triangle(8, 11, 10, 0),
	gsSP1Triangle(9, 3, 6, 0),
	gsSP1Triangle(9, 12, 3, 0),
	gsSP1Triangle(13, 14, 15, 0),
	gsSPVertex(maple_treewway_dl_Main_mesh_layer_1_vtx_1 + 222, 16, 0),
	gsSP1Triangle(0, 1, 2, 0),
	gsSP1Triangle(2, 1, 3, 0),
	gsSP1Triangle(2, 3, 4, 0),
	gsSP1Triangle(5, 2, 4, 0),
	gsSP1Triangle(5, 0, 2, 0),
	gsSP1Triangle(6, 7, 8, 0),
	gsSP1Triangle(6, 8, 9, 0),
	gsSP1Triangle(9, 8, 10, 0),
	gsSP1Triangle(9, 10, 9, 0),
	gsSP1Triangle(11, 12, 6, 0),
	gsSP1Triangle(13, 11, 6, 0),
	gsSP1Triangle(6, 14, 13, 0),
	gsSP1Triangle(14, 15, 13, 0),
	gsSPVertex(maple_treewway_dl_Main_mesh_layer_1_vtx_1 + 238, 16, 0),
	gsSP1Triangle(0, 1, 2, 0),
	gsSP1Triangle(1, 3, 2, 0),
	gsSP1Triangle(4, 0, 2, 0),
	gsSP1Triangle(4, 2, 5, 0),
	gsSP1Triangle(5, 2, 6, 0),
	gsSP1Triangle(5, 6, 7, 0),
	gsSP1Triangle(7, 6, 8, 0),
	gsSP1Triangle(6, 9, 8, 0),
	gsSP1Triangle(6, 10, 9, 0),
	gsSP1Triangle(7, 8, 11, 0),
	gsSP1Triangle(12, 13, 14, 0),
	gsSP1Triangle(12, 14, 15, 0),
	gsSPVertex(maple_treewway_dl_Main_mesh_layer_1_vtx_1 + 254, 16, 0),
	gsSP1Triangle(0, 1, 2, 0),
	gsSP1Triangle(0, 2, 3, 0),
	gsSP1Triangle(3, 2, 4, 0),
	gsSP1Triangle(3, 4, 5, 0),
	gsSP1Triangle(5, 6, 3, 0),
	gsSP1Triangle(7, 3, 6, 0),
	gsSP1Triangle(7, 0, 3, 0),
	gsSP1Triangle(8, 9, 10, 0),
	gsSP1Triangle(8, 10, 11, 0),
	gsSP1Triangle(12, 13, 14, 0),
	gsSP1Triangle(12, 14, 15, 0),
	gsSPVertex(maple_treewway_dl_Main_mesh_layer_1_vtx_1 + 270, 15, 0),
	gsSP1Triangle(0, 1, 2, 0),
	gsSP1Triangle(0, 2, 3, 0),
	gsSP1Triangle(4, 5, 6, 0),
	gsSP1Triangle(4, 6, 7, 0),
	gsSP1Triangle(8, 9, 10, 0),
	gsSP1Triangle(8, 10, 11, 0),
	gsSP1Triangle(12, 13, 3, 0),
	gsSP1Triangle(12, 3, 14, 0),
	gsSPVertex(maple_treewway_dl_Main_mesh_layer_1_vtx_1 + 285, 14, 0),
	gsSP1Triangle(0, 1, 2, 0),
	gsSP1Triangle(0, 2, 3, 0),
	gsSP1Triangle(4, 5, 6, 0),
	gsSP1Triangle(4, 6, 7, 0),
	gsSP1Triangle(6, 8, 9, 0),
	gsSP1Triangle(6, 9, 10, 0),
	gsSP1Triangle(11, 12, 13, 0),
	gsSP1Triangle(13, 12, 1, 0),
	gsSPVertex(maple_treewway_dl_Main_mesh_layer_1_vtx_1 + 299, 15, 0),
	gsSP1Triangle(0, 1, 2, 0),
	gsSP1Triangle(0, 2, 3, 0),
	gsSP1Triangle(3, 2, 4, 0),
	gsSP1Triangle(3, 4, 5, 0),
	gsSP1Triangle(6, 7, 8, 0),
	gsSP1Triangle(6, 8, 9, 0),
	gsSP1Triangle(9, 8, 10, 0),
	gsSP1Triangle(9, 10, 11, 0),
	gsSP1Triangle(12, 13, 14, 0),
	gsSP1Triangle(12, 14, 0, 0),
	gsSPVertex(maple_treewway_dl_Main_mesh_layer_1_vtx_1 + 314, 16, 0),
	gsSP1Triangle(0, 1, 1, 0),
	gsSP1Triangle(0, 1, 3, 0),
	gsSP1Triangle(4, 4, 6, 0),
	gsSP1Triangle(4, 6, 6, 0),
	gsSP1Triangle(7, 7, 9, 0),
	gsSP1Triangle(7, 9, 9, 0),
	gsSP1Triangle(10, 10, 12, 0),
	gsSP1Triangle(10, 12, 12, 0),
	gsSP1Triangle(13, 13, 15, 0),
	gsSP1Triangle(13, 15, 15, 0),
	gsSPVertex(maple_treewway_dl_Main_mesh_layer_1_vtx_1 + 330, 16, 0),
	gsSP1Triangle(0, 0, 2, 0),
	gsSP1Triangle(0, 2, 2, 0),
	gsSP1Triangle(3, 3, 5, 0),
	gsSP1Triangle(3, 5, 5, 0),
	gsSP1Triangle(6, 6, 8, 0),
	gsSP1Triangle(6, 8, 8, 0),
	gsSP1Triangle(9, 9, 11, 0),
	gsSP1Triangle(9, 11, 11, 0),
	gsSP1Triangle(12, 13, 14, 0),
	gsSP1Triangle(12, 14, 15, 0),
	gsSPVertex(maple_treewway_dl_Main_mesh_layer_1_vtx_1 + 346, 16, 0),
	gsSP1Triangle(0, 1, 2, 0),
	gsSP1Triangle(0, 2, 3, 0),
	gsSP1Triangle(4, 1, 0, 0),
	gsSP1Triangle(4, 5, 1, 0),
	gsSP1Triangle(6, 7, 8, 0),
	gsSP1Triangle(7, 9, 8, 0),
	gsSP1Triangle(10, 11, 12, 0),
	gsSP1Triangle(10, 12, 13, 0),
	gsSP1Triangle(11, 14, 15, 0),
	gsSPVertex(maple_treewway_dl_Main_mesh_layer_1_vtx_1 + 362, 16, 0),
	gsSP1Triangle(0, 1, 2, 0),
	gsSP1Triangle(3, 4, 5, 0),
	gsSP1Triangle(3, 5, 6, 0),
	gsSP1Triangle(3, 6, 7, 0),
	gsSP1Triangle(3, 7, 8, 0),
	gsSP1Triangle(9, 10, 11, 0),
	gsSP1Triangle(9, 11, 12, 0),
	gsSP1Triangle(13, 14, 15, 0),
	gsSPVertex(maple_treewway_dl_Main_mesh_layer_1_vtx_1 + 378, 14, 0),
	gsSP1Triangle(0, 1, 2, 0),
	gsSP1Triangle(3, 4, 5, 0),
	gsSP1Triangle(3, 5, 3, 0),
	gsSP1Triangle(6, 7, 8, 0),
	gsSP1Triangle(6, 8, 9, 0),
	gsSP1Triangle(10, 11, 12, 0),
	gsSP1Triangle(10, 12, 13, 0),
	gsSPVertex(maple_treewway_dl_Main_mesh_layer_1_vtx_1 + 392, 16, 0),
	gsSP1Triangle(0, 1, 2, 0),
	gsSP1Triangle(3, 0, 2, 0),
	gsSP1Triangle(3, 4, 0, 0),
	gsSP1Triangle(5, 6, 7, 0),
	gsSP1Triangle(5, 7, 8, 0),
	gsSP1Triangle(9, 10, 11, 0),
	gsSP1Triangle(9, 11, 12, 0),
	gsSP1Triangle(13, 14, 15, 0),
	gsSPVertex(maple_treewway_dl_Main_mesh_layer_1_vtx_1 + 408, 15, 0),
	gsSP1Triangle(0, 1, 2, 0),
	gsSP1Triangle(3, 4, 5, 0),
	gsSP1Triangle(3, 5, 6, 0),
	gsSP1Triangle(7, 8, 9, 0),
	gsSP1Triangle(7, 9, 10, 0),
	gsSP1Triangle(11, 12, 13, 0),
	gsSP1Triangle(11, 13, 14, 0),
	gsSPVertex(maple_treewway_dl_Main_mesh_layer_1_vtx_1 + 423, 16, 0),
	gsSP1Triangle(0, 1, 2, 0),
	gsSP1Triangle(0, 2, 3, 0),
	gsSP1Triangle(4, 5, 6, 0),
	gsSP1Triangle(4, 6, 7, 0),
	gsSP1Triangle(7, 6, 8, 0),
	gsSP1Triangle(8, 9, 7, 0),
	gsSP1Triangle(8, 10, 9, 0),
	gsSP1Triangle(8, 11, 10, 0),
	gsSP1Triangle(8, 12, 11, 0),
	gsSP1Triangle(11, 12, 13, 0),
	gsSP1Triangle(13, 14, 11, 0),
	gsSP1Triangle(13, 15, 14, 0),
	gsSPVertex(maple_treewway_dl_Main_mesh_layer_1_vtx_1 + 439, 16, 0),
	gsSP1Triangle(0, 1, 2, 0),
	gsSP1Triangle(0, 2, 3, 0),
	gsSP1Triangle(4, 5, 6, 0),
	gsSP1Triangle(4, 6, 7, 0),
	gsSP1Triangle(8, 9, 10, 0),
	gsSP1Triangle(11, 8, 10, 0),
	gsSP1Triangle(11, 10, 12, 0),
	gsSP1Triangle(11, 12, 13, 0),
	gsSP1Triangle(12, 14, 13, 0),
	gsSP1Triangle(13, 14, 15, 0),
	gsSPVertex(maple_treewway_dl_Main_mesh_layer_1_vtx_1 + 455, 16, 0),
	gsSP1Triangle(0, 1, 2, 0),
	gsSP1Triangle(0, 3, 1, 0),
	gsSP1Triangle(2, 1, 4, 0),
	gsSP1Triangle(2, 4, 5, 0),
	gsSP1Triangle(6, 2, 5, 0),
	gsSP1Triangle(6, 5, 7, 0),
	gsSP1Triangle(6, 7, 7, 0),
	gsSP1Triangle(6, 7, 8, 0),
	gsSP1Triangle(7, 9, 8, 0),
	gsSP1Triangle(8, 9, 10, 0),
	gsSP1Triangle(8, 10, 11, 0),
	gsSP1Triangle(11, 10, 12, 0),
	gsSP1Triangle(11, 12, 13, 0),
	gsSP1Triangle(14, 11, 13, 0),
	gsSP1Triangle(14, 13, 15, 0),
	gsSP1Triangle(6, 8, 11, 0),
	gsSPVertex(maple_treewway_dl_Main_mesh_layer_1_vtx_1 + 471, 16, 0),
	gsSP1Triangle(0, 1, 2, 0),
	gsSP1Triangle(3, 4, 0, 0),
	gsSP1Triangle(5, 6, 7, 0),
	gsSP1Triangle(5, 7, 8, 0),
	gsSP1Triangle(9, 10, 11, 0),
	gsSP1Triangle(9, 12, 10, 0),
	gsSP1Triangle(13, 12, 9, 0),
	gsSP1Triangle(9, 14, 13, 0),
	gsSP1Triangle(13, 15, 12, 0),
	gsSPVertex(maple_treewway_dl_Main_mesh_layer_1_vtx_1 + 487, 16, 0),
	gsSP1Triangle(0, 1, 2, 0),
	gsSP1Triangle(0, 2, 3, 0),
	gsSP1Triangle(4, 3, 2, 0),
	gsSP1Triangle(2, 5, 4, 0),
	gsSP1Triangle(2, 6, 5, 0),
	gsSP1Triangle(7, 4, 5, 0),
	gsSP1Triangle(8, 4, 7, 0),
	gsSP1Triangle(8, 7, 9, 0),
	gsSP1Triangle(5, 10, 7, 0),
	gsSP1Triangle(10, 11, 7, 0),
	gsSP1Triangle(12, 13, 14, 0),
	gsSP1Triangle(12, 14, 15, 0),
	gsSPVertex(maple_treewway_dl_Main_mesh_layer_1_vtx_1 + 503, 14, 0),
	gsSP1Triangle(0, 1, 2, 0),
	gsSP1Triangle(0, 2, 3, 0),
	gsSP1Triangle(2, 4, 3, 0),
	gsSP1Triangle(5, 4, 2, 0),
	gsSP1Triangle(6, 5, 2, 0),
	gsSP1Triangle(7, 6, 2, 0),
	gsSP1Triangle(7, 2, 8, 0),
	gsSP1Triangle(5, 3, 4, 0),
	gsSP1Triangle(5, 9, 3, 0),
	gsSP1Triangle(10, 11, 12, 0),
	gsSP1Triangle(10, 12, 13, 0),
	gsSPVertex(maple_treewway_dl_Main_mesh_layer_1_vtx_1 + 517, 16, 0),
	gsSP1Triangle(0, 1, 2, 0),
	gsSP1Triangle(0, 2, 3, 0),
	gsSP1Triangle(4, 5, 6, 0),
	gsSP1Triangle(5, 7, 6, 0),
	gsSP1Triangle(8, 9, 10, 0),
	gsSP1Triangle(8, 10, 11, 0),
	gsSP1Triangle(12, 8, 11, 0),
	gsSP1Triangle(12, 11, 13, 0),
	gsSP1Triangle(13, 11, 14, 0),
	gsSP1Triangle(13, 14, 15, 0),
	gsSPVertex(maple_treewway_dl_Main_mesh_layer_1_vtx_1 + 533, 14, 0),
	gsSP1Triangle(0, 1, 2, 0),
	gsSP1Triangle(0, 3, 1, 0),
	gsSP1Triangle(4, 5, 6, 0),
	gsSP1Triangle(4, 6, 7, 0),
	gsSP1Triangle(8, 9, 10, 0),
	gsSP1Triangle(8, 10, 11, 0),
	gsSP1Triangle(12, 8, 11, 0),
	gsSP1Triangle(12, 11, 13, 0),
	gsSPVertex(maple_treewway_dl_Main_mesh_layer_1_vtx_1 + 547, 15, 0),
	gsSP1Triangle(0, 1, 2, 0),
	gsSP1Triangle(0, 2, 3, 0),
	gsSP1Triangle(4, 5, 6, 0),
	gsSP1Triangle(4, 6, 7, 0),
	gsSP1Triangle(8, 7, 6, 0),
	gsSP1Triangle(8, 6, 9, 0),
	gsSP1Triangle(9, 10, 8, 0),
	gsSP1Triangle(11, 7, 8, 0),
	gsSP1Triangle(11, 12, 7, 0),
	gsSP1Triangle(13, 11, 8, 0),
	gsSP1Triangle(13, 8, 14, 0),
	gsSPVertex(maple_treewway_dl_Main_mesh_layer_1_vtx_1 + 562, 16, 0),
	gsSP1Triangle(0, 1, 2, 0),
	gsSP1Triangle(0, 2, 3, 0),
	gsSP1Triangle(4, 5, 6, 0),
	gsSP1Triangle(4, 6, 7, 0),
	gsSP1Triangle(8, 9, 10, 0),
	gsSP1Triangle(11, 10, 9, 0),
	gsSP1Triangle(11, 12, 10, 0),
	gsSP1Triangle(13, 14, 15, 0),
	gsSPVertex(maple_treewway_dl_Main_mesh_layer_1_vtx_1 + 578, 15, 0),
	gsSP1Triangle(0, 1, 2, 0),
	gsSP1Triangle(3, 4, 5, 0),
	gsSP1Triangle(3, 5, 6, 0),
	gsSP1Triangle(7, 8, 9, 0),
	gsSP1Triangle(7, 9, 10, 0),
	gsSP1Triangle(11, 12, 13, 0),
	gsSP1Triangle(11, 13, 14, 0),
	gsSPVertex(maple_treewway_dl_Main_mesh_layer_1_vtx_1 + 593, 16, 0),
	gsSP1Triangle(0, 1, 2, 0),
	gsSP1Triangle(0, 2, 3, 0),
	gsSP1Triangle(0, 3, 4, 0),
	gsSP1Triangle(5, 6, 7, 0),
	gsSP1Triangle(7, 8, 5, 0),
	gsSP1Triangle(7, 9, 8, 0),
	gsSP1Triangle(10, 11, 12, 0),
	gsSP1Triangle(10, 12, 13, 0),
	gsSP1Triangle(13, 14, 10, 0),
	gsSP1Triangle(13, 15, 14, 0),
	gsSPVertex(maple_treewway_dl_Main_mesh_layer_1_vtx_1 + 609, 16, 0),
	gsSP1Triangle(0, 1, 2, 0),
	gsSP1Triangle(0, 2, 3, 0),
	gsSP1Triangle(3, 2, 4, 0),
	gsSP1Triangle(3, 4, 5, 0),
	gsSP1Triangle(5, 4, 6, 0),
	gsSP1Triangle(5, 6, 7, 0),
	gsSP1Triangle(7, 6, 8, 0),
	gsSP1Triangle(7, 8, 9, 0),
	gsSP1Triangle(10, 7, 9, 0),
	gsSP1Triangle(10, 9, 11, 0),
	gsSP1Triangle(12, 10, 11, 0),
	gsSP1Triangle(12, 11, 13, 0),
	gsSP1Triangle(14, 12, 13, 0),
	gsSP1Triangle(14, 13, 15, 0),
	gsSPVertex(maple_treewway_dl_Main_mesh_layer_1_vtx_1 + 625, 16, 0),
	gsSP1Triangle(0, 1, 2, 0),
	gsSP1Triangle(0, 3, 1, 0),
	gsSP1Triangle(4, 3, 0, 0),
	gsSP1Triangle(4, 5, 3, 0),
	gsSP1Triangle(6, 5, 4, 0),
	gsSP1Triangle(6, 7, 5, 0),
	gsSP1Triangle(7, 8, 5, 0),
	gsSP1Triangle(7, 9, 8, 0),
	gsSP1Triangle(9, 10, 8, 0),
	gsSP1Triangle(9, 11, 10, 0),
	gsSP1Triangle(8, 10, 12, 0),
	gsSP1Triangle(8, 12, 13, 0),
	gsSP1Triangle(13, 12, 14, 0),
	gsSP1Triangle(13, 14, 15, 0),
	gsSP1Triangle(3, 13, 15, 0),
	gsSP1Triangle(3, 15, 1, 0),
	gsSP1Triangle(5, 13, 3, 0),
	gsSP1Triangle(5, 8, 13, 0),
	gsSPVertex(maple_treewway_dl_Main_mesh_layer_1_vtx_1 + 641, 16, 0),
	gsSP1Triangle(0, 1, 2, 0),
	gsSP1Triangle(0, 2, 3, 0),
	gsSP1Triangle(3, 2, 4, 0),
	gsSP1Triangle(3, 4, 5, 0),
	gsSP1Triangle(5, 4, 6, 0),
	gsSP1Triangle(5, 6, 7, 0),
	gsSP1Triangle(7, 6, 8, 0),
	gsSP1Triangle(7, 8, 9, 0),
	gsSP1Triangle(10, 7, 9, 0),
	gsSP1Triangle(10, 9, 11, 0),
	gsSP1Triangle(12, 10, 11, 0),
	gsSP1Triangle(12, 11, 13, 0),
	gsSP1Triangle(14, 12, 13, 0),
	gsSP1Triangle(14, 13, 15, 0),
	gsSPVertex(maple_treewway_dl_Main_mesh_layer_1_vtx_1 + 657, 16, 0),
	gsSP1Triangle(0, 1, 2, 0),
	gsSP1Triangle(0, 3, 1, 0),
	gsSP1Triangle(4, 3, 0, 0),
	gsSP1Triangle(4, 5, 3, 0),
	gsSP1Triangle(6, 5, 4, 0),
	gsSP1Triangle(6, 7, 5, 0),
	gsSP1Triangle(7, 8, 5, 0),
	gsSP1Triangle(7, 9, 8, 0),
	gsSP1Triangle(9, 10, 8, 0),
	gsSP1Triangle(9, 11, 10, 0),
	gsSP1Triangle(8, 10, 12, 0),
	gsSP1Triangle(8, 12, 13, 0),
	gsSP1Triangle(13, 12, 14, 0),
	gsSP1Triangle(13, 14, 15, 0),
	gsSP1Triangle(3, 13, 15, 0),
	gsSP1Triangle(3, 15, 1, 0),
	gsSP1Triangle(5, 13, 3, 0),
	gsSP1Triangle(5, 8, 13, 0),
	gsSPVertex(maple_treewway_dl_Main_mesh_layer_1_vtx_1 + 673, 16, 0),
	gsSP1Triangle(0, 1, 2, 0),
	gsSP1Triangle(3, 2, 1, 0),
	gsSP1Triangle(4, 3, 1, 0),
	gsSP1Triangle(4, 5, 3, 0),
	gsSP1Triangle(2, 5, 4, 0),
	gsSP1Triangle(2, 3, 5, 0),
	gsSP1Triangle(6, 7, 8, 0),
	gsSP1Triangle(6, 8, 9, 0),
	gsSP1Triangle(10, 11, 12, 0),
	gsSP1Triangle(10, 13, 11, 0),
	gsSP1Triangle(13, 14, 11, 0),
	gsSP1Triangle(13, 15, 14, 0),
	gsSPVertex(maple_treewway_dl_Main_mesh_layer_1_vtx_1 + 689, 16, 0),
	gsSP1Triangle(0, 1, 2, 0),
	gsSP1Triangle(2, 3, 0, 0),
	gsSP1Triangle(2, 4, 3, 0),
	gsSP1Triangle(3, 4, 5, 0),
	gsSP1Triangle(3, 5, 6, 0),
	gsSP1Triangle(6, 5, 5, 0),
	gsSP1Triangle(6, 5, 7, 0),
	gsSP1Triangle(0, 3, 8, 0),
	gsSP1Triangle(0, 8, 9, 0),
	gsSP1Triangle(9, 8, 10, 0),
	gsSP1Triangle(9, 10, 11, 0),
	gsSP1Triangle(12, 13, 14, 0),
	gsSP1Triangle(13, 15, 14, 0),
	gsSPVertex(maple_treewway_dl_Main_mesh_layer_1_vtx_1 + 705, 16, 0),
	gsSP1Triangle(0, 1, 2, 0),
	gsSP1Triangle(2, 1, 3, 0),
	gsSP1Triangle(2, 3, 4, 0),
	gsSP1Triangle(0, 2, 5, 0),
	gsSP1Triangle(5, 6, 0, 0),
	gsSP1Triangle(7, 0, 6, 0),
	gsSP1Triangle(7, 8, 0, 0),
	gsSP1Triangle(9, 10, 11, 0),
	gsSP1Triangle(9, 12, 10, 0),
	gsSP1Triangle(13, 12, 9, 0),
	gsSP1Triangle(13, 14, 12, 0),
	gsSP1Triangle(15, 14, 13, 0),
	gsSPVertex(maple_treewway_dl_Main_mesh_layer_1_vtx_1 + 721, 16, 0),
	gsSP1Triangle(0, 1, 2, 0),
	gsSP1Triangle(3, 1, 0, 0),
	gsSP1Triangle(3, 4, 1, 0),
	gsSP1Triangle(5, 6, 6, 0),
	gsSP1Triangle(8, 5, 6, 0),
	gsSP1Triangle(6, 9, 8, 0),
	gsSP1Triangle(6, 10, 9, 0),
	gsSP1Triangle(9, 11, 8, 0),
	gsSP1Triangle(9, 12, 11, 0),
	gsSP1Triangle(11, 13, 8, 0),
	gsSP1Triangle(14, 15, 13, 0),
	gsSPVertex(maple_treewway_dl_Main_mesh_layer_1_vtx_1 + 737, 16, 0),
	gsSP1Triangle(0, 1, 2, 0),
	gsSP1Triangle(3, 4, 5, 0),
	gsSP1Triangle(3, 5, 6, 0),
	gsSP1Triangle(7, 8, 2, 0),
	gsSP1Triangle(7, 2, 5, 0),
	gsSP1Triangle(9, 10, 11, 0),
	gsSP1Triangle(9, 12, 10, 0),
	gsSP1Triangle(13, 12, 9, 0),
	gsSP1Triangle(13, 14, 12, 0),
	gsSP1Triangle(15, 14, 13, 0),
	gsSPVertex(maple_treewway_dl_Main_mesh_layer_1_vtx_1 + 753, 14, 0),
	gsSP1Triangle(0, 1, 2, 0),
	gsSP1Triangle(3, 1, 0, 0),
	gsSP1Triangle(3, 4, 1, 0),
	gsSP1Triangle(4, 2, 1, 0),
	gsSP1Triangle(4, 5, 2, 0),
	gsSP1Triangle(5, 6, 2, 0),
	gsSP1Triangle(5, 7, 6, 0),
	gsSP1Triangle(7, 8, 6, 0),
	gsSP1Triangle(7, 9, 8, 0),
	gsSP1Triangle(10, 11, 12, 0),
	gsSP1Triangle(10, 12, 13, 0),
	gsSPVertex(maple_treewway_dl_Main_mesh_layer_1_vtx_1 + 767, 13, 0),
	gsSP1Triangle(0, 1, 2, 0),
	gsSP1Triangle(0, 2, 3, 0),
	gsSP1Triangle(4, 5, 6, 0),
	gsSP1Triangle(4, 6, 7, 0),
	gsSP1Triangle(8, 9, 10, 0),
	gsSP1Triangle(10, 11, 8, 0),
	gsSP1Triangle(10, 12, 11, 0),
	gsSPEndDisplayList(),
};

Vtx maple_treewway_dl_Main_mesh_layer_1_vtx_2[90] = {
	{{ {-8, 1, -608}, 0, {496, 3162}, {255, 255, 255, 255} }},
	{{ {-576, 1, -608}, 0, {3162, 3162}, {254, 254, 254, 255} }},
	{{ {-811, 1, -40}, 0, {4266, 496}, {173, 175, 164, 255} }},
	{{ {-8, 1, 763}, 0, {496, -3274}, {173, 175, 164, 255} }},
	{{ {-576, 1, 527}, 0, {3162, -2170}, {173, 175, 164, 255} }},
	{{ {795, 1, -40}, 0, {-3274, 496}, {255, 254, 254, 255} }},
	{{ {560, 1, 527}, 0, {-2170, -2170}, {175, 176, 166, 255} }},
	{{ {560, 1, -608}, 0, {-2170, 3162}, {255, 255, 255, 255} }},
	{{ {6693, 2110, -9872}, 0, {2401, 573}, {196, 189, 188, 255} }},
	{{ {5843, 2110, -9467}, 0, {-725, 2063}, {188, 178, 165, 255} }},
	{{ {6250, 2110, -8318}, 0, {772, 6286}, {214, 213, 194, 255} }},
	{{ {6734, 2110, -8575}, 0, {2552, 5342}, {213, 215, 202, 255} }},
	{{ {7218, 2110, -8832}, 0, {4331, 4397}, {215, 212, 190, 255} }},
	{{ {5128, 1926, -7991}, 0, {-3354, 7487}, {170, 153, 121, 255} }},
	{{ {5228, 1926, -7776}, 0, {-2986, 8281}, {194, 185, 175, 255} }},
	{{ {6250, 1926, -8318}, 0, {772, 6286}, {162, 159, 141, 255} }},
	{{ {5128, 1926, -7991}, 0, {-3354, 7487}, {170, 153, 121, 255} }},
	{{ {6250, 1926, -8318}, 0, {772, 6286}, {162, 159, 141, 255} }},
	{{ {5854, 1926, -9436}, 0, {-685, 2177}, {207, 209, 196, 255} }},
	{{ {5686, 2012, -10527}, 0, {-2965, 2045}, {177, 165, 143, 255} }},
	{{ {5764, 2012, -9997}, 0, {-2722, 3689}, {170, 153, 121, 255} }},
	{{ {6253, 2012, -10060}, 0, {-1269, 3502}, {198, 192, 178, 255} }},
	{{ {6175, 2012, -10590}, 0, {-1512, 1858}, {198, 192, 178, 255} }},
	{{ {5530, 2012, -11719}, 0, {-3449, -1655}, {192, 183, 172, 255} }},
	{{ {5530, 2012, -11127}, 0, {-3448, 182}, {158, 150, 137, 255} }},
	{{ {6229, 2012, -11218}, 0, {-1281, -98}, {157, 150, 136, 255} }},
	{{ {6073, 2012, -11818}, 0, {-1764, -1961}, {205, 190, 189, 255} }},
	{{ {5686, 3309, -10527}, 0, {1156, -1251}, {224, 205, 197, 255} }},
	{{ {6175, 3309, -10590}, 0, {182, -999}, {186, 178, 162, 255} }},
	{{ {6253, 3309, -10060}, 0, {26, -3108}, {186, 178, 161, 255} }},
	{{ {5764, 3309, -9997}, 0, {1000, -3360}, {214, 204, 186, 255} }},
	{{ {6073, 2151, -11818}, 0, {-1764, -1961}, {214, 199, 198, 255} }},
	{{ {6229, 2151, -11218}, 0, {-1281, -98}, {119, 113, 103, 255} }},
	{{ {6699, 2151, -11536}, 0, {179, -1087}, {125, 118, 110, 255} }},
	{{ {6582, 2151, -11949}, 0, {-186, -2367}, {149, 143, 131, 255} }},
	{{ {6699, 2633, -11536}, 0, {179, -1087}, {147, 133, 130, 255} }},
	{{ {6229, 2633, -11218}, 0, {-1281, -98}, {166, 159, 147, 255} }},
	{{ {6385, 2633, -10617}, 0, {-798, 1765}, {147, 141, 128, 255} }},
	{{ {6796, 2633, -11142}, 0, {480, 136}, {118, 113, 103, 255} }},
	{{ {7201, 3161, -11646}, 0, {1735, -1426}, {133, 122, 92, 255} }},
	{{ {6699, 3161, -11536}, 0, {179, -1087}, {196, 189, 188, 255} }},
	{{ {6796, 3161, -11142}, 0, {480, 136}, {196, 189, 188, 255} }},
	{{ {7395, 3161, -10857}, 0, {2336, 1019}, {166, 157, 151, 255} }},
	{{ {6893, 3161, -10748}, 0, {780, 1359}, {196, 189, 188, 255} }},
	{{ {6286, 3161, -11017}, 0, {-1102, 525}, {196, 189, 188, 255} }},
	{{ {6385, 3161, -10617}, 0, {-798, 1765}, {196, 189, 188, 255} }},
	{{ {5764, 3459, -9997}, 0, {-2722, 3689}, {241, 219, 214, 255} }},
	{{ {5843, 3459, -9467}, 0, {-2479, 5333}, {241, 219, 214, 255} }},
	{{ {6693, 3459, -9872}, 0, {159, 4075}, {255, 255, 255, 255} }},
	{{ {6253, 3459, -10060}, 0, {-1205, 3493}, {241, 219, 214, 255} }},
	{{ {6726, 3459, -9888}, 0, {261, 4026}, {255, 255, 255, 255} }},
	{{ {6385, 3459, -10617}, 0, {-798, 1765}, {227, 209, 205, 255} }},
	{{ {7452, 3459, -10240}, 0, {2515, 2934}, {241, 219, 214, 255} }},
	{{ {7073, 3459, -10056}, 0, {1337, 3505}, {243, 225, 221, 255} }},
	{{ {6893, 3459, -10748}, 0, {780, 1359}, {241, 219, 214, 255} }},
	{{ {8212, 3459, -10608}, 0, {4870, 1793}, {133, 123, 93, 255} }},
	{{ {7395, 3459, -10857}, 0, {2336, 1019}, {133, 122, 92, 255} }},
	{{ {5530, 3459, -11127}, 0, {-3448, 182}, {241, 219, 214, 255} }},
	{{ {5686, 3459, -10527}, 0, {-2965, 2045}, {241, 219, 214, 255} }},
	{{ {6229, 3459, -11218}, 0, {-1281, -98}, {255, 255, 255, 255} }},
	{{ {5686, 3459, -10527}, 0, {-2965, 2045}, {241, 219, 214, 255} }},
	{{ {5764, 3459, -9997}, 0, {-2722, 3689}, {241, 219, 214, 255} }},
	{{ {7124, 3358, -12082}, 0, {1497, -2781}, {133, 122, 92, 255} }},
	{{ {6699, 3161, -11536}, 0, {179, -1087}, {196, 189, 188, 255} }},
	{{ {7201, 3161, -11646}, 0, {1735, -1426}, {133, 122, 92, 255} }},
	{{ {6582, 3358, -11949}, 0, {-186, -2367}, {196, 189, 188, 255} }},
	{{ {7048, 3358, -12560}, 0, {1259, -4262}, {161, 152, 150, 255} }},
	{{ {6505, 3358, -12427}, 0, {-424, -3848}, {223, 222, 221, 255} }},
	{{ {6073, 3358, -11818}, 0, {-1764, -1961}, {255, 255, 255, 255} }},
	{{ {6582, 3358, -11949}, 0, {-186, -2367}, {196, 189, 188, 255} }},
	{{ {6505, 3358, -12427}, 0, {-424, -3848}, {223, 222, 221, 255} }},
	{{ {5996, 3358, -12296}, 0, {-2002, -3443}, {133, 122, 92, 255} }},
	{{ {5563, 3358, -11728}, 0, {-3347, -1681}, {229, 208, 203, 255} }},
	{{ {5996, 3358, -12296}, 0, {-2002, -3443}, {133, 122, 92, 255} }},
	{{ {5486, 3358, -12205}, 0, {-3585, -3162}, {147, 134, 131, 255} }},
	{{ {6073, 3358, -11818}, 0, {-1764, -1961}, {255, 255, 255, 255} }},
	{{ {6229, 3459, -11218}, 0, {-1281, -98}, {255, 255, 255, 255} }},
	{{ {5530, 3459, -11127}, 0, {-3448, 182}, {241, 219, 214, 255} }},
	{{ {6073, 3358, -11818}, 0, {7600, -16049}, {255, 255, 255, 255} }},
	{{ {5563, 3358, -11728}, 0, {6443, -15925}, {229, 208, 203, 255} }},
	{{ {5563, 3209, -11728}, 0, {6443, -15925}, {217, 207, 212, 187} }},
	{{ {6073, 3209, -11818}, 0, {7600, -16049}, {186, 178, 161, 187} }},
	{{ {6073, 3209, -11818}, 0, {385, 3891}, {186, 178, 161, 187} }},
	{{ {6229, 3310, -11218}, 0, {75, 1500}, {187, 178, 163, 187} }},
	{{ {5530, 3310, -11127}, 0, {1466, 1140}, {191, 183, 172, 187} }},
	{{ {5563, 3209, -11728}, 0, {1401, 3531}, {217, 207, 212, 187} }},
	{{ {6796, 2633, -11142}, 0, {2781, -4096}, {118, 113, 103, 255} }},
	{{ {6796, 2633, -11142}, 0, {2781, -4096}, {118, 113, 103, 255} }},
	{{ {6385, 2633, -10617}, 0, {1267, -2166}, {147, 141, 128, 255} }},
	{{ {6286, 2633, -11017}, 0, {906, -3635}, {147, 141, 128, 255} }},
};

Gfx maple_treewway_dl_Main_mesh_layer_1_tri_2[] = {
	gsSPVertex(maple_treewway_dl_Main_mesh_layer_1_vtx_2 + 0, 16, 0),
	gsSP1Triangle(0, 1, 2, 0),
	gsSP1Triangle(0, 2, 3, 0),
	gsSP1Triangle(2, 4, 3, 0),
	gsSP1Triangle(3, 5, 0, 0),
	gsSP1Triangle(3, 6, 5, 0),
	gsSP1Triangle(5, 7, 0, 0),
	gsSP1Triangle(8, 9, 10, 0),
	gsSP1Triangle(10, 11, 8, 0),
	gsSP1Triangle(11, 12, 8, 0),
	gsSP1Triangle(13, 14, 15, 0),
	gsSPVertex(maple_treewway_dl_Main_mesh_layer_1_vtx_2 + 16, 15, 0),
	gsSP1Triangle(0, 1, 2, 0),
	gsSP1Triangle(3, 4, 5, 0),
	gsSP1Triangle(3, 5, 6, 0),
	gsSP1Triangle(7, 8, 9, 0),
	gsSP1Triangle(7, 9, 10, 0),
	gsSP1Triangle(11, 12, 13, 0),
	gsSP1Triangle(11, 13, 14, 0),
	gsSPVertex(maple_treewway_dl_Main_mesh_layer_1_vtx_2 + 31, 15, 0),
	gsSP1Triangle(0, 1, 2, 0),
	gsSP1Triangle(0, 2, 3, 0),
	gsSP1Triangle(4, 5, 6, 0),
	gsSP1Triangle(4, 6, 7, 0),
	gsSP1Triangle(7, 7, 4, 0),
	gsSP1Triangle(8, 9, 10, 0),
	gsSP1Triangle(10, 11, 8, 0),
	gsSP1Triangle(10, 12, 11, 0),
	gsSP1Triangle(12, 10, 13, 0),
	gsSP1Triangle(12, 13, 14, 0),
	gsSPVertex(maple_treewway_dl_Main_mesh_layer_1_vtx_2 + 46, 16, 0),
	gsSP1Triangle(0, 1, 2, 0),
	gsSP1Triangle(0, 2, 3, 0),
	gsSP1Triangle(3, 2, 4, 0),
	gsSP1Triangle(5, 3, 4, 0),
	gsSP1Triangle(4, 6, 5, 0),
	gsSP1Triangle(4, 7, 6, 0),
	gsSP1Triangle(6, 8, 5, 0),
	gsSP1Triangle(8, 6, 9, 0),
	gsSP1Triangle(8, 9, 10, 0),
	gsSP1Triangle(11, 12, 5, 0),
	gsSP1Triangle(11, 5, 13, 0),
	gsSP1Triangle(14, 15, 3, 0),
	gsSP1Triangle(14, 3, 5, 0),
	gsSPVertex(maple_treewway_dl_Main_mesh_layer_1_vtx_2 + 62, 16, 0),
	gsSP1Triangle(0, 1, 2, 0),
	gsSP1Triangle(0, 3, 1, 0),
	gsSP1Triangle(3, 0, 4, 0),
	gsSP1Triangle(3, 4, 5, 0),
	gsSP1Triangle(6, 7, 8, 0),
	gsSP1Triangle(6, 8, 9, 0),
	gsSP1Triangle(10, 11, 12, 0),
	gsSP1Triangle(10, 13, 11, 0),
	gsSP1Triangle(10, 14, 13, 0),
	gsSP1Triangle(10, 15, 14, 0),
	gsSPVertex(maple_treewway_dl_Main_mesh_layer_1_vtx_2 + 78, 12, 0),
	gsSP1Triangle(0, 1, 2, 0),
	gsSP1Triangle(0, 2, 3, 0),
	gsSP1Triangle(4, 5, 6, 0),
	gsSP1Triangle(4, 6, 7, 0),
	gsSP1Triangle(8, 8, 10, 0),
	gsSP1Triangle(8, 10, 11, 0),
	gsSPEndDisplayList(),
};

Vtx maple_treewway_dl_Main_mesh_layer_1_vtx_3[829] = {
	{{ {202, 3012, -9614}, 0, {-7306, 1518}, {249, 241, 243, 255} }},
	{{ {473, 3070, -9614}, 0, {-6768, 1402}, {203, 192, 184, 0} }},
	{{ {202, 3070, -9614}, 0, {-7306, 1402}, {247, 239, 241, 255} }},
	{{ {-662, 3012, -9614}, 0, {-9021, 1518}, {207, 197, 190, 255} }},
	{{ {-479, 3012, -9614}, 0, {-8658, 1518}, {236, 227, 228, 255} }},
	{{ {-777, 3070, -9614}, 0, {-9249, 1402}, {255, 234, 253, 0} }},
	{{ {473, 3012, -9614}, 0, {-6768, 1518}, {217, 207, 203, 255} }},
	{{ {473, 3070, -9614}, 0, {-6768, 1402}, {203, 192, 184, 255} }},
	{{ {202, 3012, -9614}, 0, {-7306, 1518}, {249, 241, 243, 255} }},
	{{ {-928, 619, 844}, 0, {-17309, 6267}, {252, 252, 251, 255} }},
	{{ {-1159, 619, -267}, 0, {-15102, 6267}, {253, 253, 253, 255} }},
	{{ {-1159, 9603, -267}, 0, {-15102, -11564}, {255, 210, 154, 255} }},
	{{ {-928, 9603, 844}, 0, {-17309, -11564}, {255, 210, 153, 255} }},
	{{ {-1159, 619, -267}, 0, {-15102, 6267}, {255, 255, 255, 255} }},
	{{ {-1159, -161, -267}, 0, {-15102, 7816}, {190, 157, 99, 255} }},
	{{ {-1123, -161, -2935}, 0, {-10230, 7816}, {190, 157, 99, 14} }},
	{{ {-1159, 619, -267}, 0, {-15102, 6267}, {255, 255, 255, 255} }},
	{{ {-1123, -161, -2935}, 0, {-10230, 7816}, {190, 157, 99, 14} }},
	{{ {-1123, 619, -2935}, 0, {-10230, 6267}, {255, 255, 255, 66} }},
	{{ {-928, 619, 844}, 0, {-9548, 6267}, {252, 252, 251, 255} }},
	{{ {-928, 9603, 844}, 0, {-9548, -11564}, {255, 210, 153, 255} }},
	{{ {443, 9603, 1305}, 0, {-6828, -11564}, {251, 212, 180, 255} }},
	{{ {443, 619, 1305}, 0, {-6828, 6267}, {241, 238, 235, 255} }},
	{{ {443, 619, 1305}, 0, {-6828, 6267}, {241, 238, 235, 255} }},
	{{ {443, 9603, 1305}, 0, {-6828, -11564}, {251, 212, 180, 255} }},
	{{ {1389, 9603, 918}, 0, {-4950, -11564}, {254, 210, 161, 255} }},
	{{ {1389, 619, 918}, 0, {-4950, 6267}, {207, 190, 176, 255} }},
	{{ {1389, 619, 918}, 0, {-17455, 6267}, {207, 190, 176, 255} }},
	{{ {1389, 9603, 918}, 0, {-17455, -11564}, {254, 210, 161, 255} }},
	{{ {1132, 9603, -16}, 0, {-15602, -11564}, {250, 212, 183, 255} }},
	{{ {1132, 619, -16}, 0, {-15602, 6267}, {253, 253, 253, 255} }},
	{{ {1132, 619, -16}, 0, {-15602, 6267}, {253, 253, 253, 255} }},
	{{ {1132, 9603, -16}, 0, {-15602, -11564}, {250, 212, 183, 255} }},
	{{ {1091, 9603, -2326}, 0, {-11016, -11564}, {253, 211, 168, 255} }},
	{{ {1091, 619, -2326}, 0, {-11016, 6267}, {253, 253, 252, 254} }},
	{{ {1091, 619, -2326}, 0, {-11016, 6267}, {253, 253, 252, 255} }},
	{{ {1091, 9603, -2326}, 0, {-11016, -11564}, {253, 211, 168, 255} }},
	{{ {879, 9603, -2674}, 0, {-10326, -11564}, {255, 210, 157, 255} }},
	{{ {879, 619, -2674}, 0, {-10326, 6267}, {252, 252, 251, 233} }},
	{{ {879, 619, -2674}, 0, {-10326, 6267}, {252, 252, 251, 233} }},
	{{ {879, 9603, -2674}, 0, {-10326, -11564}, {255, 210, 157, 255} }},
	{{ {741, 9603, -3249}, 0, {-9184, -11564}, {255, 210, 154, 255} }},
	{{ {741, 619, -3249}, 0, {-9184, 6267}, {252, 251, 251, 255} }},
	{{ {741, 619, -3249}, 0, {-9184, 6267}, {252, 251, 251, 255} }},
	{{ {741, 9603, -3249}, 0, {-9184, -11564}, {255, 210, 154, 255} }},
	{{ {930, 9603, -3814}, 0, {-8063, -11564}, {252, 211, 173, 255} }},
	{{ {930, 972, -3814}, 0, {-8063, 5566}, {241, 239, 236, 111} }},
	{{ {-797, 986, -3672}, 0, {-8345, 5539}, {255, 255, 255, 81} }},
	{{ {-1123, 619, -2935}, 0, {-10230, 6267}, {255, 255, 255, 83} }},
	{{ {-1123, -161, -2935}, 0, {-10230, 7816}, {190, 157, 99, 14} }},
	{{ {-797, 223, -3672}, 0, {-8345, 7052}, {190, 157, 99, 7} }},
	{{ {-797, 187, -3672}, 0, {-8345, 7086}, {190, 157, 99, 1} }},
	{{ {-1488, 952, -4126}, 0, {-10659, 5606}, {255, 255, 255, 255} }},
	{{ {-797, 986, -3672}, 0, {-9288, 5539}, {255, 255, 255, 60} }},
	{{ {-797, 223, -3672}, 0, {-9288, 7052}, {190, 157, 99, 7} }},
	{{ {-1488, 193, -4126}, 0, {-10659, 7112}, {190, 157, 99, 255} }},
	{{ {-797, 187, -3672}, 0, {-9288, 7086}, {190, 157, 99, 1} }},
	{{ {-1323, 1369, -5961}, 0, {-3802, 4780}, {254, 254, 254, 255} }},
	{{ {-1488, 952, -4126}, 0, {-7443, 5606}, {255, 255, 255, 255} }},
	{{ {-1488, 193, -4126}, 0, {-7443, 7112}, {190, 157, 99, 255} }},
	{{ {-1323, 1369, -5961}, 0, {-3802, 4780}, {254, 254, 254, 255} }},
	{{ {-1323, 193, -5961}, 0, {-3802, 7112}, {208, 191, 177, 255} }},
	{{ {-1323, 2525, -5961}, 0, {-3802, 2484}, {255, 255, 255, 255} }},
	{{ {-1088, 410, -6740}, 0, {-2255, 6681}, {217, 205, 196, 255} }},
	{{ {-1088, 3076, -6740}, 0, {-2255, 1390}, {255, 255, 255, 255} }},
	{{ {-1323, 1369, -5961}, 0, {-3802, 4780}, {255, 255, 255, 255} }},
	{{ {-1206, 302, -6351}, 0, {-3028, 6897}, {213, 199, 188, 255} }},
	{{ {-1323, 193, -5961}, 0, {-3802, 7112}, {208, 191, 177, 255} }},
	{{ {930, 760, -6005}, 0, {-3714, 5986}, {190, 157, 99, 255} }},
	{{ {930, 760, -6740}, 0, {-2255, 5986}, {249, 247, 247, 141} }},
	{{ {930, 193, -6740}, 0, {-2255, 7112}, {255, 255, 255, 255} }},
	{{ {930, 193, -6005}, 0, {-3714, 7112}, {255, 255, 255, 255} }},
	{{ {930, 199, -4964}, 0, {-5780, 7101}, {190, 157, 99, 252} }},
	{{ {930, 193, -4964}, 0, {-5780, 7112}, {190, 157, 99, 252} }},
	{{ {930, 972, -3814}, 0, {-5861, 5566}, {241, 239, 236, 103} }},
	{{ {930, 9603, -3814}, 0, {-5861, -11564}, {252, 211, 173, 234} }},
	{{ {2307, 9603, -3814}, 0, {-3128, -11564}, {255, 210, 155, 255} }},
	{{ {2307, 1681, -3814}, 0, {-3128, 4160}, {199, 184, 134, 255} }},
	{{ {1331, 197, -4964}, 0, {-5780, 7104}, {252, 245, 251, 255} }},
	{{ {1331, 193, -3669}, 0, {-8351, 7112}, {190, 157, 99, 252} }},
	{{ {1331, 760, -3814}, 0, {-8063, 5986}, {254, 254, 254, 239} }},
	{{ {1331, 760, -6005}, 0, {-3714, 5986}, {255, 248, 255, 255} }},
	{{ {-797, 986, -3672}, 0, {-8345, 5539}, {255, 255, 255, 96} }},
	{{ {-797, 187, -3672}, 0, {-8345, 7086}, {190, 157, 99, 1} }},
	{{ {-975, 193, -4438}, 0, {-6825, 7112}, {190, 157, 99, 255} }},
	{{ {-975, 1100, -4438}, 0, {-6825, 5312}, {255, 255, 255, 255} }},
	{{ {-1516, 1100, -4711}, 0, {-10715, 5312}, {255, 255, 255, 255} }},
	{{ {-975, 1100, -4438}, 0, {-9642, 5312}, {255, 255, 255, 255} }},
	{{ {-975, 1100, -4438}, 0, {-9642, 5312}, {255, 255, 255, 255} }},
	{{ {-1516, 193, -4711}, 0, {-10715, 7112}, {190, 157, 99, 255} }},
	{{ {-975, 193, -4438}, 0, {-9642, 7112}, {190, 157, 99, 255} }},
	{{ {2307, 1681, -3814}, 0, {-3128, 4160}, {199, 184, 134, 255} }},
	{{ {2307, 9603, -3814}, 0, {-3128, -11564}, {255, 210, 155, 143} }},
	{{ {2888, 9603, -3814}, 0, {-1974, -11564}, {255, 210, 153, 237} }},
	{{ {2307, 1681, -3814}, 0, {-3128, 4160}, {199, 184, 134, 255} }},
	{{ {2888, 9603, -3814}, 0, {-1974, -11564}, {255, 210, 153, 237} }},
	{{ {2888, 1681, -3814}, 0, {-1974, 4160}, {199, 184, 134, 255} }},
	{{ {3212, 1681, -3814}, 0, {-1332, 4160}, {199, 184, 134, 255} }},
	{{ {3212, 9603, -3814}, 0, {-1332, -11564}, {255, 210, 153, 255} }},
	{{ {4110, 9603, -3814}, 0, {451, -11564}, {255, 210, 156, 255} }},
	{{ {4110, 1681, -3814}, 0, {451, 4160}, {244, 246, 248, 255} }},
	{{ {2888, 940, -3814}, 0, {-1974, 5630}, {199, 184, 133, 5} }},
	{{ {2888, 1698, -3814}, 0, {-1974, 4125}, {199, 184, 134, 255} }},
	{{ {2199, 1698, -3157}, 0, {-3342, 4125}, {119, 109, 72, 255} }},
	{{ {2199, 903, -3157}, 0, {-3342, 5703}, {80, 70, 44, 255} }},
	{{ {3212, 1698, -3814}, 0, {-1332, 4125}, {199, 184, 134, 255} }},
	{{ {3212, 940, -3814}, 0, {-1332, 5630}, {211, 193, 129, 0} }},
	{{ {3901, 903, -3157}, 0, {35, 5703}, {164, 163, 163, 255} }},
	{{ {3901, 1698, -3157}, 0, {35, 4125}, {128, 112, 71, 255} }},
	{{ {3901, 1698, -3157}, 0, {-9367, 4125}, {128, 112, 71, 255} }},
	{{ {3901, 903, -3157}, 0, {-9367, 5703}, {164, 163, 163, 255} }},
	{{ {3901, 903, -2280}, 0, {-11108, 5703}, {118, 102, 65, 255} }},
	{{ {3901, 1698, -2280}, 0, {-11108, 4125}, {122, 110, 73, 255} }},
	{{ {2199, 903, -3157}, 0, {-9367, 5703}, {80, 70, 44, 255} }},
	{{ {2199, 1698, -3157}, 0, {-9367, 4125}, {119, 109, 72, 255} }},
	{{ {2199, 1698, -2280}, 0, {-11108, 4125}, {119, 109, 72, 255} }},
	{{ {2199, 903, -2280}, 0, {-11108, 5703}, {87, 80, 68, 255} }},
	{{ {3901, 1698, -2280}, 0, {35, 4125}, {122, 110, 73, 255} }},
	{{ {3901, 903, -2280}, 0, {35, 5703}, {118, 102, 65, 255} }},
	{{ {3050, 903, -1739}, 0, {-1653, 5703}, {117, 114, 111, 255} }},
	{{ {3050, 1698, -1739}, 0, {-1653, 4125}, {119, 109, 72, 255} }},
	{{ {2199, 903, -2280}, 0, {-3342, 5703}, {87, 80, 68, 255} }},
	{{ {2199, 1698, -2280}, 0, {-3342, 4125}, {119, 109, 72, 255} }},
	{{ {3050, 1698, -1739}, 0, {-1653, 4125}, {119, 109, 72, 255} }},
	{{ {3050, 903, -1739}, 0, {-1653, 5703}, {117, 114, 111, 255} }},
	{{ {2888, 5651, -3814}, 0, {-1974, -3719}, {255, 255, 255, 255} }},
	{{ {3212, 1698, -3814}, 0, {-1332, 4125}, {199, 184, 134, 255} }},
	{{ {2888, 1698, -3814}, 0, {-1974, 4125}, {199, 184, 134, 255} }},
	{{ {3212, 5651, -3814}, 0, {-1332, -3719}, {255, 255, 255, 255} }},
	{{ {2888, 9603, -3814}, 0, {-1974, -11564}, {255, 210, 153, 255} }},
	{{ {3212, 9603, -3814}, 0, {-1332, -11564}, {255, 210, 153, 255} }},
	{{ {2199, 1698, -3157}, 0, {-3342, 9670}, {119, 109, 72, 255} }},
	{{ {2888, 1698, -3814}, 0, {-1974, 8366}, {199, 184, 134, 255} }},
	{{ {2975, 1698, -3814}, 0, {-1802, 8366}, {199, 184, 134, 255} }},
	{{ {3125, 1698, -3814}, 0, {-1504, 8366}, {199, 184, 134, 255} }},
	{{ {3901, 1698, -3157}, 0, {35, 9670}, {128, 112, 71, 255} }},
	{{ {3212, 1698, -3814}, 0, {-1332, 8366}, {199, 184, 134, 255} }},
	{{ {3050, 1698, -1739}, 0, {-1653, 12484}, {119, 109, 72, 255} }},
	{{ {3901, 1698, -2280}, 0, {35, 11412}, {122, 110, 73, 255} }},
	{{ {2199, 1698, -2280}, 0, {-3342, 11412}, {119, 109, 72, 255} }},
	{{ {3050, 1698, -1739}, 0, {-1653, 12484}, {119, 109, 72, 255} }},
	{{ {2630, 733, -7418}, 0, {-2486, 6040}, {255, 255, 255, 0} }},
	{{ {3673, 829, -7418}, 0, {-417, 5850}, {170, 153, 121, 0} }},
	{{ {3673, -43, -7418}, 0, {-417, 7581}, {190, 157, 100, 255} }},
	{{ {2630, -43, -7418}, 0, {-2486, 7581}, {190, 157, 99, 255} }},
	{{ {1866, 1096, -9030}, 0, {2290, 5320}, {255, 255, 255, 0} }},
	{{ {1871, 1092, -9000}, 0, {2231, 5328}, {255, 255, 255, 0} }},
	{{ {1871, -43, -9000}, 0, {2231, 7581}, {255, 255, 255, 255} }},
	{{ {1728, 1204, -9887}, 0, {3992, 5105}, {255, 255, 255, 0} }},
	{{ {1728, -43, -9887}, 0, {3992, 7581}, {190, 157, 99, 255} }},
	{{ {2127, 145, -10930}, 0, {6060, 7207}, {190, 157, 99, 255} }},
	{{ {2127, 1425, -10930}, 0, {6060, 4668}, {190, 157, 99, 0} }},
	{{ {2307, 764, -7418}, 0, {-911, 5979}, {255, 255, 255, 0} }},
	{{ {2307, -43, -7418}, 0, {-911, 7581}, {196, 170, 140, 255} }},
	{{ {1871, -43, -7907}, 0, {60, 7581}, {190, 157, 99, 255} }},
	{{ {1871, 932, -7907}, 0, {60, 5647}, {252, 251, 250, 0} }},
	{{ {1871, -43, -8578}, 0, {1394, 7581}, {194, 166, 130, 255} }},
	{{ {1871, 1092, -8578}, 0, {1394, 5328}, {255, 255, 255, 1} }},
	{{ {1871, 1081, -8530}, 0, {1298, 5350}, {255, 255, 255, 0} }},
	{{ {1871, -43, -7907}, 0, {60, 7581}, {190, 157, 99, 255} }},
	{{ {1871, 932, -7907}, 0, {60, 5647}, {252, 251, 250, 0} }},
	{{ {1383, -43, -8578}, 0, {-4962, 7581}, {190, 157, 99, 255} }},
	{{ {1383, 1092, -8578}, 0, {-4962, 5328}, {190, 157, 99, 0} }},
	{{ {1838, 1092, -8578}, 0, {-4059, 5328}, {255, 255, 255, 6} }},
	{{ {1871, -43, -8578}, 0, {-3994, 7581}, {194, 166, 130, 255} }},
	{{ {1871, 1092, -8578}, 0, {-3994, 5328}, {255, 255, 255, 1} }},
	{{ {1845, 1092, -9000}, 0, {-4045, 5328}, {255, 255, 255, 0} }},
	{{ {1383, 1090, -9000}, 0, {-4962, 5331}, {190, 157, 99, 0} }},
	{{ {1383, -43, -9000}, 0, {-4962, 7581}, {194, 166, 130, 255} }},
	{{ {1871, 1092, -9000}, 0, {-3994, 5328}, {255, 255, 255, 0} }},
	{{ {1871, -43, -9000}, 0, {-3994, 7581}, {255, 255, 255, 255} }},
	{{ {-1088, 2093, -6740}, 0, {-9867, 3341}, {254, 253, 253, 236} }},
	{{ {-1088, 410, -6740}, 0, {-9867, 6681}, {217, 206, 196, 255} }},
	{{ {1331, 410, -6740}, 0, {-5065, 6681}, {255, 255, 255, 255} }},
	{{ {1331, 2093, -6740}, 0, {-5065, 3341}, {255, 255, 255, 51} }},
	{{ {1566, 761, -6904}, 0, {-4598, 5984}, {190, 157, 99, 253} }},
	{{ {1566, 2093, -6904}, 0, {-4598, 3341}, {255, 255, 255, 46} }},
	{{ {1566, 2093, -6904}, 0, {-1931, 3341}, {255, 255, 255, 46} }},
	{{ {1566, 761, -6904}, 0, {-1931, 5984}, {190, 157, 99, 253} }},
	{{ {1507, 960, -7655}, 0, {-440, 5590}, {190, 157, 99, 1} }},
	{{ {1507, 2093, -7655}, 0, {-440, 3341}, {255, 255, 255, 182} }},
	{{ {1507, 2093, -7655}, 0, {-440, 3341}, {255, 255, 255, 182} }},
	{{ {1507, 960, -7655}, 0, {-440, 5590}, {190, 157, 99, 1} }},
	{{ {1383, -43, -8578}, 0, {1394, 7581}, {190, 157, 99, 255} }},
	{{ {1383, 2093, -8578}, 0, {1394, 3341}, {248, 246, 245, 12} }},
	{{ {1383, 2093, -8578}, 0, {1394, 3341}, {248, 246, 245, 12} }},
	{{ {1383, -43, -9000}, 0, {2231, 7581}, {194, 166, 130, 255} }},
	{{ {1383, 2093, -8578}, 0, {1394, 3341}, {248, 246, 245, 12} }},
	{{ {1383, -43, -9000}, 0, {2231, 7581}, {194, 166, 130, 255} }},
	{{ {1383, 2093, -8995}, 0, {2220, 3341}, {212, 197, 185, 116} }},
	{{ {1383, 2093, -8995}, 0, {2220, 3341}, {212, 197, 185, 116} }},
	{{ {1240, 1234, -9887}, 0, {3992, 5046}, {190, 157, 99, 0} }},
	{{ {1240, 2093, -9887}, 0, {3992, 3341}, {255, 255, 255, 255} }},
	{{ {1383, 2941, -8995}, 0, {-4962, 1659}, {255, 255, 255, 255} }},
	{{ {-1088, 2941, -8995}, 0, {-9867, 1659}, {189, 157, 100, 255} }},
	{{ {-1088, 2157, -8995}, 0, {-9867, 3215}, {190, 157, 99, 237} }},
	{{ {1383, 2093, -8995}, 0, {-4962, 3341}, {212, 197, 185, 116} }},
	{{ {1240, 2941, -9887}, 0, {3992, 1659}, {255, 251, 253, 255} }},
	{{ {1383, 2941, -8995}, 0, {2220, 1659}, {255, 255, 255, 255} }},
	{{ {-1088, 3953, -11346}, 0, {6887, -350}, {232, 232, 230, 255} }},
	{{ {-1088, 9603, -11346}, 0, {6887, -11564}, {248, 211, 187, 255} }},
	{{ {-1088, 9603, -9097}, 0, {2423, -11564}, {255, 210, 154, 255} }},
	{{ {-1088, 3953, -9097}, 0, {2423, -350}, {248, 247, 246, 255} }},
	{{ {1639, 1898, -10930}, 0, {-4454, 3729}, {255, 255, 255, 0} }},
	{{ {1639, 1423, -10930}, 0, {-4454, 4672}, {197, 171, 141, 0} }},
	{{ {2101, 1424, -10930}, 0, {-3537, 4669}, {190, 157, 99, 0} }},
	{{ {2127, 1900, -10930}, 0, {-3486, 3725}, {255, 255, 255, 0} }},
	{{ {2127, 1425, -10930}, 0, {-3486, 4668}, {190, 157, 99, 0} }},
	{{ {1954, 2267, -10930}, 0, {-3829, -5757}, {191, 191, 191, 0} }},
	{{ {1811, 2267, -10930}, 0, {-4112, -5757}, {180, 180, 180, 0} }},
	{{ {1811, 2267, -11158}, 0, {-4112, -6209}, {180, 180, 180, 0} }},
	{{ {1954, 2267, -11158}, 0, {-3829, -6209}, {191, 191, 191, 0} }},
	{{ {2053, 2189, -10930}, 0, {-3631, -5757}, {255, 255, 255, 0} }},
	{{ {1954, 2267, -10930}, 0, {-3829, -5757}, {187, 187, 187, 0} }},
	{{ {1954, 2267, -11158}, 0, {-3829, -6209}, {187, 187, 187, 0} }},
	{{ {2053, 2189, -11158}, 0, {-3631, -6209}, {255, 255, 255, 0} }},
	{{ {1712, 1898, -11158}, 0, {-4309, 3728}, {242, 242, 242, 0} }},
	{{ {2053, 1900, -11158}, 0, {-3631, 3726}, {255, 255, 255, 0} }},
	{{ {2053, 2189, -11158}, 0, {-3631, 3152}, {255, 255, 255, 0} }},
	{{ {1712, 1898, -11158}, 0, {-4309, 3728}, {242, 242, 242, 0} }},
	{{ {2053, 2189, -11158}, 0, {-3631, 3152}, {255, 255, 255, 0} }},
	{{ {1712, 2187, -11158}, 0, {-4309, 3155}, {242, 242, 242, 0} }},
	{{ {1712, 2187, -11158}, 0, {-4309, 3155}, {238, 238, 238, 0} }},
	{{ {2053, 2189, -11158}, 0, {-3631, 3152}, {255, 255, 255, 0} }},
	{{ {1954, 2267, -11158}, 0, {-3829, 2996}, {184, 184, 184, 0} }},
	{{ {1811, 2267, -11158}, 0, {-4112, 2997}, {169, 169, 169, 0} }},
	{{ {1712, 2187, -10930}, 0, {6060, 3155}, {240, 240, 240, 0} }},
	{{ {1712, 1898, -10930}, 0, {6060, 3728}, {255, 255, 255, 0} }},
	{{ {1712, 1898, -11158}, 0, {6513, 3728}, {255, 255, 255, 0} }},
	{{ {1712, 2187, -11158}, 0, {6513, 3155}, {240, 240, 240, 0} }},
	{{ {1811, 2267, -10930}, 0, {-4112, -5757}, {177, 177, 177, 0} }},
	{{ {1712, 2187, -10930}, 0, {-4309, -5757}, {238, 238, 238, 0} }},
	{{ {1712, 2187, -11158}, 0, {-4309, -6209}, {238, 238, 238, 0} }},
	{{ {1811, 2267, -11158}, 0, {-4112, -6209}, {177, 177, 177, 0} }},
	{{ {2053, 1900, -10930}, 0, {6060, 3726}, {255, 255, 255, 0} }},
	{{ {2053, 2189, -10930}, 0, {6060, 3152}, {255, 255, 255, 0} }},
	{{ {2053, 2189, -11158}, 0, {6513, 3152}, {255, 255, 255, 0} }},
	{{ {2053, 1900, -11158}, 0, {6513, 3726}, {255, 255, 255, 0} }},
	{{ {1639, 2267, -10930}, 0, {-4454, 2997}, {253, 253, 253, 255} }},
	{{ {1639, 2187, -10930}, 0, {-4454, 3155}, {255, 255, 255, 207} }},
	{{ {1712, 2187, -10930}, 0, {-4309, 3155}, {237, 237, 237, 35} }},
	{{ {1811, 2267, -10930}, 0, {-4112, 2997}, {185, 185, 185, 0} }},
	{{ {1954, 2267, -10930}, 0, {-3829, 2996}, {206, 206, 206, 0} }},
	{{ {2053, 2189, -10930}, 0, {-3631, 3152}, {255, 255, 255, 0} }},
	{{ {2127, 2189, -10930}, 0, {-3486, 3152}, {255, 255, 255, 189} }},
	{{ {2127, 2267, -10930}, 0, {-3486, 2996}, {249, 249, 249, 255} }},
	{{ {2127, 1900, -10930}, 0, {-3486, 3725}, {250, 250, 250, 107} }},
	{{ {2127, 2189, -10930}, 0, {-3486, 3152}, {255, 255, 255, 234} }},
	{{ {2053, 2189, -10930}, 0, {-3631, 3152}, {255, 255, 255, 0} }},
	{{ {2053, 1900, -10930}, 0, {-3631, 3726}, {255, 255, 255, 0} }},
	{{ {1639, 1898, -10930}, 0, {-4454, 3729}, {255, 255, 255, 162} }},
	{{ {1712, 1898, -10930}, 0, {-4309, 3728}, {250, 250, 250, 0} }},
	{{ {1712, 2187, -10930}, 0, {-4309, 3155}, {242, 242, 242, 0} }},
	{{ {1639, 2187, -10930}, 0, {-4454, 3155}, {253, 253, 253, 239} }},
	{{ {2127, 2873, -10930}, 0, {-3486, 1794}, {255, 255, 255, 255} }},
	{{ {1639, 2941, -10930}, 0, {-4454, 1659}, {255, 255, 255, 255} }},
	{{ {1639, 2267, -10930}, 0, {-4454, 2997}, {255, 255, 255, 255} }},
	{{ {2127, 2267, -10930}, 0, {-3486, 2996}, {255, 255, 255, 255} }},
	{{ {1240, 1234, -9887}, 0, {3992, 5046}, {190, 157, 99, 0} }},
	{{ {1639, 1423, -10930}, 0, {6060, 4672}, {197, 171, 141, 0} }},
	{{ {1639, 2093, -10930}, 0, {6060, 3341}, {255, 255, 255, 0} }},
	{{ {1240, 2093, -9887}, 0, {3992, 3341}, {255, 255, 255, 142} }},
	{{ {1639, 2941, -10930}, 0, {6060, 1659}, {255, 255, 255, 0} }},
	{{ {1240, 2941, -9887}, 0, {3992, 1659}, {255, 251, 253, 140} }},
	{{ {2127, 145, -10930}, 0, {6060, 7207}, {190, 157, 99, 253} }},
	{{ {2818, 145, -11673}, 0, {7536, 7207}, {191, 157, 100, 255} }},
	{{ {2818, 2873, -11673}, 0, {7536, 1794}, {229, 229, 228, 255} }},
	{{ {2127, 2873, -10930}, 0, {6060, 1794}, {255, 255, 255, 255} }},
	{{ {2818, 145, -11673}, 0, {-2113, 7207}, {191, 157, 100, 255} }},
	{{ {4513, 145, -11567}, 0, {1250, 7207}, {190, 157, 99, 255} }},
	{{ {4513, 3137, -11567}, 0, {1250, 1270}, {255, 255, 255, 255} }},
	{{ {2818, 2873, -11673}, 0, {-2113, 1794}, {229, 229, 228, 255} }},
	{{ {1240, 2941, -9887}, 0, {3992, 1659}, {255, 251, 253, 255} }},
	{{ {1639, 2941, -10930}, 0, {6060, 1659}, {255, 255, 255, 255} }},
	{{ {1491, 3070, -10930}, 0, {6060, 1402}, {255, 255, 255, 255} }},
	{{ {1147, 3070, -9890}, 0, {3996, 1402}, {255, 246, 250, 255} }},
	{{ {1383, 2941, -8995}, 0, {2220, 1659}, {255, 255, 255, 255} }},
	{{ {1261, 3070, -9097}, 0, {2423, 1402}, {255, 255, 255, 255} }},
	{{ {-777, 2941, -8995}, 0, {-9249, 1659}, {249, 248, 247, 0} }},
	{{ {-652, 2941, -8995}, 0, {-9001, 1659}, {254, 254, 254, 181} }},
	{{ {-652, 3012, -9097}, 0, {-9001, 1518}, {252, 249, 250, 0} }},
	{{ {-777, 3070, -9097}, 0, {-9249, 1402}, {228, 220, 216, 0} }},
	{{ {473, 3012, -10705}, 0, {-6768, 1518}, {255, 246, 250, 0} }},
	{{ {202, 3012, -10705}, 0, {-7306, 1518}, {255, 246, 250, 0} }},
	{{ {202, 3070, -10705}, 0, {-7306, 1402}, {255, 246, 250, 0} }},
	{{ {473, 3070, -10705}, 0, {-6768, 1402}, {255, 246, 250, 0} }},
	{{ {-479, 3012, -9882}, 0, {-8658, 1518}, {228, 219, 218, 250} }},
	{{ {-777, 3070, -9882}, 0, {-9249, 1402}, {255, 234, 253, 70} }},
	{{ {-777, 3070, -9882}, 0, {-9249, 1402}, {255, 234, 253, 70} }},
	{{ {-479, 3070, -9882}, 0, {-8658, 1402}, {225, 215, 214, 255} }},
	{{ {-479, 3012, -9614}, 0, {-8658, 1518}, {236, 227, 228, 255} }},
	{{ {-117, 3012, -9614}, 0, {-7938, 1518}, {255, 251, 252, 249} }},
	{{ {-117, 3070, -9614}, 0, {-7938, 1402}, {255, 253, 255, 227} }},
	{{ {-479, 3070, -9614}, 0, {-8658, 1402}, {234, 225, 225, 255} }},
	{{ {-117, 3012, -9882}, 0, {-7938, 1518}, {226, 224, 225, 222} }},
	{{ {-479, 3012, -9882}, 0, {-8658, 1518}, {228, 219, 218, 250} }},
	{{ {-479, 3070, -9882}, 0, {-8658, 1402}, {225, 215, 214, 255} }},
	{{ {-117, 3070, -9882}, 0, {-7938, 1402}, {225, 224, 224, 222} }},
	{{ {-777, 3070, -10223}, 0, {-9249, 1402}, {255, 234, 253, 0} }},
	{{ {-777, 3070, -10223}, 0, {-9249, 1402}, {255, 234, 253, 0} }},
	{{ {-479, 3012, -10223}, 0, {-8658, 1518}, {238, 229, 230, 247} }},
	{{ {-479, 3070, -10223}, 0, {-8658, 1402}, {236, 226, 227, 194} }},
	{{ {-117, 3012, -9614}, 0, {3448, 1518}, {234, 228, 230, 216} }},
	{{ {-117, 3012, -9882}, 0, {3982, 1518}, {172, 168, 169, 198} }},
	{{ {-117, 3070, -9882}, 0, {3982, 1402}, {169, 166, 166, 187} }},
	{{ {-117, 3070, -9614}, 0, {3448, 1402}, {230, 224, 226, 209} }},
	{{ {473, 2941, -8995}, 0, {-6768, 1659}, {255, 255, 255, 0} }},
	{{ {473, 3070, -9097}, 0, {-6768, 1402}, {255, 255, 255, 0} }},
	{{ {202, 3012, -9097}, 0, {-7306, 1518}, {255, 255, 255, 0} }},
	{{ {1383, 2941, -8995}, 0, {-4962, 1659}, {255, 255, 255, 253} }},
	{{ {1383, 2941, -8995}, 0, {-4962, 1659}, {255, 255, 255, 253} }},
	{{ {1261, 3070, -9097}, 0, {-5205, 1402}, {255, 255, 255, 207} }},
	{{ {473, 3070, -9097}, 0, {-6768, 1402}, {255, 255, 255, 0} }},
	{{ {1082, 3070, -11056}, 0, {-5559, 1402}, {255, 246, 250, 0} }},
	{{ {1082, 3070, -11056}, 0, {-5559, 1402}, {255, 246, 250, 0} }},
	{{ {811, 3070, -11056}, 0, {-6097, 1402}, {255, 246, 250, 255} }},
	{{ {811, 3012, -11056}, 0, {-6097, 1518}, {255, 246, 250, 255} }},
	{{ {-479, 3070, -11346}, 0, {6887, 1402}, {255, 246, 250, 0} }},
	{{ {-479, 3070, -11056}, 0, {6311, 1402}, {255, 246, 250, 255} }},
	{{ {-479, 3012, -11056}, 0, {6311, 1518}, {255, 246, 250, 255} }},
	{{ {202, 3012, -10705}, 0, {5613, 1518}, {255, 246, 250, 236} }},
	{{ {202, 3012, -9882}, 0, {3982, 1518}, {180, 175, 177, 245} }},
	{{ {202, 3070, -9882}, 0, {3982, 1402}, {189, 184, 186, 138} }},
	{{ {202, 3070, -10705}, 0, {5613, 1402}, {255, 246, 250, 0} }},
	{{ {473, 3012, -9882}, 0, {3982, 1518}, {253, 244, 247, 131} }},
	{{ {473, 3070, -10431}, 0, {5070, 1402}, {255, 246, 250, 0} }},
	{{ {473, 3070, -9614}, 0, {3448, 1402}, {203, 192, 184, 0} }},
	{{ {473, 3012, -10431}, 0, {5070, 1518}, {255, 246, 250, 0} }},
	{{ {473, 3070, -10705}, 0, {5613, 1402}, {255, 246, 250, 0} }},
	{{ {473, 3012, -10705}, 0, {5613, 1518}, {255, 246, 250, 0} }},
	{{ {811, 3012, -10705}, 0, {5613, 1518}, {254, 246, 249, 255} }},
	{{ {811, 3012, -9882}, 0, {3982, 1518}, {255, 246, 250, 237} }},
	{{ {811, 3070, -9614}, 0, {3448, 1402}, {255, 246, 250, 0} }},
	{{ {811, 3070, -10705}, 0, {5613, 1402}, {255, 246, 249, 255} }},
	{{ {-117, 3012, -11056}, 0, {-7938, 1518}, {255, 246, 250, 255} }},
	{{ {811, 3012, -11056}, 0, {-6097, 1518}, {255, 246, 250, 243} }},
	{{ {811, 3070, -11056}, 0, {-6097, 1402}, {255, 246, 250, 223} }},
	{{ {-117, 3070, -11056}, 0, {-7938, 1402}, {255, 246, 250, 253} }},
	{{ {-117, 3070, -11346}, 0, {6887, 1402}, {255, 246, 250, 0} }},
	{{ {-117, 3012, -11056}, 0, {6311, 1518}, {255, 246, 250, 226} }},
	{{ {-117, 3070, -11056}, 0, {6311, 1402}, {255, 246, 250, 0} }},
	{{ {202, 3012, -9882}, 0, {3982, 1518}, {187, 183, 185, 153} }},
	{{ {202, 3012, -9614}, 0, {3448, 1518}, {248, 240, 242, 201} }},
	{{ {202, 3070, -9614}, 0, {3448, 1402}, {245, 237, 239, 201} }},
	{{ {202, 3070, -9882}, 0, {3982, 1402}, {194, 189, 191, 153} }},
	{{ {1082, 3070, -10705}, 0, {-5559, 1402}, {255, 246, 250, 0} }},
	{{ {811, 3012, -10705}, 0, {-6097, 1518}, {255, 246, 249, 250} }},
	{{ {811, 3070, -10705}, 0, {-6097, 1402}, {255, 246, 250, 255} }},
	{{ {-1088, 3953, -11346}, 0, {6887, -350}, {255, 255, 255, 255} }},
	{{ {-1088, 3070, -11346}, 0, {6887, 1402}, {242, 233, 234, 255} }},
	{{ {-1088, 3070, -11875}, 0, {7936, 1402}, {168, 151, 93, 255} }},
	{{ {-1088, 3953, -11875}, 0, {7936, -350}, {255, 255, 255, 255} }},
	{{ {1491, 3070, -11875}, 0, {7676, 1402}, {195, 187, 175, 255} }},
	{{ {1491, 3070, -10930}, 0, {6060, 1402}, {255, 255, 255, 255} }},
	{{ {1639, 2941, -10930}, 0, {6060, 1659}, {255, 255, 255, 255} }},
	{{ {1639, 2941, -11875}, 0, {7676, 1659}, {153, 147, 136, 255} }},
	{{ {-1088, 3953, -11875}, 0, {-9867, -350}, {255, 255, 255, 255} }},
	{{ {-1088, 3070, -11875}, 0, {-9867, 1402}, {168, 151, 93, 255} }},
	{{ {1491, 3070, -11875}, 0, {-4748, 1402}, {195, 187, 175, 255} }},
	{{ {1491, 3953, -11875}, 0, {-4748, -350}, {255, 255, 255, 255} }},
	{{ {202, 3012, -9097}, 0, {-7306, 1518}, {255, 255, 255, 255} }},
	{{ {-291, 3012, -9097}, 0, {-8285, 1518}, {255, 255, 255, 11} }},
	{{ {-291, 2941, -8995}, 0, {-8285, 1659}, {255, 255, 255, 58} }},
	{{ {473, 2941, -8995}, 0, {-6768, 1659}, {255, 255, 255, 255} }},
	{{ {-1088, 2941, -8995}, 0, {-9867, 1659}, {189, 157, 100, 222} }},
	{{ {-777, 2941, -8995}, 0, {-9249, 1659}, {249, 248, 247, 0} }},
	{{ {-777, 3070, -9097}, 0, {-9249, 1402}, {228, 220, 216, 0} }},
	{{ {-1088, 3070, -9097}, 0, {-9867, 1402}, {220, 197, 202, 117} }},
	{{ {-479, 3070, -10223}, 0, {4657, 1402}, {236, 226, 227, 227} }},
	{{ {-479, 3012, -10223}, 0, {4657, 1518}, {238, 229, 230, 249} }},
	{{ {-479, 3012, -11056}, 0, {6311, 1518}, {255, 246, 250, 255} }},
	{{ {-479, 3070, -11056}, 0, {6311, 1402}, {255, 246, 250, 255} }},
	{{ {-777, 3070, -9614}, 0, {-9249, 1402}, {255, 234, 253, 0} }},
	{{ {-479, 3012, -9614}, 0, {-8658, 1518}, {236, 227, 228, 255} }},
	{{ {-479, 3070, -9614}, 0, {-8658, 1402}, {234, 225, 225, 255} }},
	{{ {4110, 1681, -3814}, 0, {-8063, 4160}, {246, 247, 248, 255} }},
	{{ {4110, 9603, -3814}, 0, {-8063, -11564}, {255, 210, 156, 255} }},
	{{ {4442, 9603, -1481}, 0, {-12694, -11564}, {254, 208, 153, 255} }},
	{{ {4442, 1681, -1481}, 0, {-12694, 4160}, {245, 247, 250, 255} }},
	{{ {6384, 9603, 861}, 0, {-17342, -11564}, {252, 208, 152, 255} }},
	{{ {6384, 1681, 861}, 0, {-17342, 4160}, {244, 247, 250, 255} }},
	{{ {4205, 2403, -6983}, 0, {639, 2726}, {255, 255, 255, 255} }},
	{{ {4205, -43, -6983}, 0, {639, 7581}, {255, 255, 255, 255} }},
	{{ {4935, -43, -6987}, 0, {2089, 7581}, {255, 255, 255, 255} }},
	{{ {4205, 2403, -6983}, 0, {639, 2726}, {255, 255, 255, 255} }},
	{{ {4935, -43, -6987}, 0, {2089, 7581}, {255, 255, 255, 255} }},
	{{ {4935, 2403, -6987}, 0, {2089, 2726}, {255, 255, 255, 255} }},
	{{ {7790, 1408, -7878}, 0, {7754, 4701}, {245, 244, 243, 255} }},
	{{ {7402, 1408, -7672}, 0, {6985, 4701}, {253, 253, 253, 255} }},
	{{ {7402, 924, -7672}, 0, {6985, 5663}, {255, 255, 255, 255} }},
	{{ {7790, 924, -7878}, 0, {7754, 5663}, {218, 195, 194, 255} }},
	{{ {7402, 1408, -7672}, 0, {6985, 4701}, {253, 253, 253, 255} }},
	{{ {5427, 924, -6624}, 0, {3065, 5663}, {255, 255, 254, 255} }},
	{{ {5427, 924, -6624}, 0, {3065, 5663}, {255, 255, 254, 255} }},
	{{ {7790, 924, -7878}, 0, {3, 5663}, {218, 195, 194, 255} }},
	{{ {8340, 985, -6842}, 0, {-2053, 5541}, {218, 194, 193, 2} }},
	{{ {8340, 3459, -6842}, 0, {-2053, 630}, {205, 188, 184, 255} }},
	{{ {7790, 3419, -7878}, 0, {3, 709}, {255, 254, 245, 255} }},
	{{ {7218, 3419, -8832}, 0, {1897, 709}, {253, 253, 253, 255} }},
	{{ {7218, 924, -8832}, 0, {1897, 5663}, {218, 195, 194, 255} }},
	{{ {7218, 924, -8832}, 0, {1897, 5663}, {218, 195, 194, 255} }},
	{{ {7218, 3419, -8832}, 0, {1897, 709}, {253, 253, 253, 255} }},
	{{ {6693, 3459, -9872}, 0, {3961, 630}, {255, 255, 255, 255} }},
	{{ {6693, 924, -9872}, 0, {3961, 5663}, {233, 222, 222, 255} }},
	{{ {4935, 2403, -6987}, 0, {-1766, 2726}, {255, 255, 255, 255} }},
	{{ {4935, 1886, -6987}, 0, {-1766, 3753}, {241, 240, 238, 255} }},
	{{ {4920, 1914, -7017}, 0, {-1706, 3697}, {215, 211, 206, 255} }},
	{{ {4686, 2403, -7488}, 0, {-771, 2726}, {170, 153, 122, 255} }},
	{{ {4686, 1914, -7488}, 0, {-771, 3697}, {255, 255, 255, 255} }},
	{{ {5259, 1886, -7149}, 0, {2731, 3753}, {255, 255, 255, 255} }},
	{{ {4935, 1886, -6987}, 0, {2089, 3753}, {241, 240, 238, 255} }},
	{{ {4935, 924, -6987}, 0, {2089, 5663}, {246, 245, 244, 255} }},
	{{ {5259, 924, -7149}, 0, {2731, 5663}, {170, 153, 121, 255} }},
	{{ {7056, 1436, -8103}, 0, {6298, 4645}, {170, 153, 122, 255} }},
	{{ {7056, 1436, -8103}, 0, {6298, 4645}, {170, 153, 122, 255} }},
	{{ {3673, 2403, -7418}, 0, {-417, 2726}, {252, 252, 251, 255} }},
	{{ {3673, -43, -7418}, 0, {-417, 7581}, {190, 157, 100, 255} }},
	{{ {4205, -43, -6983}, 0, {639, 7581}, {255, 255, 255, 255} }},
	{{ {4205, 2403, -6983}, 0, {639, 2726}, {255, 255, 255, 255} }},
	{{ {3673, 2403, -7418}, 0, {-417, 2726}, {252, 252, 251, 255} }},
	{{ {4686, 2403, -7488}, 0, {1594, 2726}, {170, 153, 122, 255} }},
	{{ {4686, 1914, -7488}, 0, {1594, 3697}, {255, 255, 255, 255} }},
	{{ {4179, 1914, -7453}, 0, {588, 3697}, {255, 255, 255, 255} }},
	{{ {3673, 1914, -7418}, 0, {-417, 3697}, {255, 255, 255, 255} }},
	{{ {3673, 1882, -7418}, 0, {-911, 3761}, {255, 255, 255, 255} }},
	{{ {4601, 2, -8761}, 0, {1756, 7492}, {190, 157, 99, 255} }},
	{{ {3673, -43, -7418}, 0, {-911, 7581}, {190, 157, 100, 255} }},
	{{ {4601, 1882, -8761}, 0, {1756, 3761}, {255, 255, 255, 255} }},
	{{ {4799, 1882, -10260}, 0, {4731, 3761}, {255, 255, 255, 255} }},
	{{ {4799, 145, -10260}, 0, {4731, 7207}, {190, 157, 99, 255} }},
	{{ {4513, 1882, -11567}, 0, {7326, 3761}, {255, 255, 255, 255} }},
	{{ {4799, 145, -10260}, 0, {4731, 7207}, {190, 157, 99, 255} }},
	{{ {4513, 1882, -11567}, 0, {7326, 3761}, {255, 255, 255, 255} }},
	{{ {4513, 145, -11567}, 0, {7326, 7207}, {190, 157, 99, 255} }},
	{{ {5688, 1914, -8020}, 0, {3582, 3697}, {222, 219, 218, 255} }},
	{{ {5228, 1914, -7776}, 0, {2669, 3697}, {192, 183, 171, 255} }},
	{{ {5126, 1436, -7721}, 0, {2467, 4645}, {255, 255, 255, 255} }},
	{{ {5688, 1436, -8020}, 0, {3582, 4645}, {255, 255, 255, 255} }},
	{{ {6250, 1914, -8318}, 0, {4698, 3697}, {162, 159, 141, 255} }},
	{{ {6250, 1436, -8318}, 0, {4698, 4645}, {171, 155, 126, 255} }},
	{{ {7218, 1436, -8832}, 0, {6620, 4645}, {170, 153, 121, 255} }},
	{{ {7218, 1914, -8832}, 0, {6620, 3697}, {162, 159, 141, 255} }},
	{{ {7459, 4869, -8431}, 0, {7099, -2169}, {255, 237, 236, 255} }},
	{{ {8978, 4869, -9167}, 0, {10113, -2169}, {255, 237, 236, 255} }},
	{{ {8978, 3459, -9167}, 0, {10113, 630}, {133, 123, 92, 255} }},
	{{ {7492, 3459, -8447}, 0, {7164, 630}, {133, 122, 92, 255} }},
	{{ {7459, 3419, -8431}, 0, {7099, 709}, {133, 122, 92, 255} }},
	{{ {9553, 9603, -7862}, 0, {11254, -11564}, {233, 214, 209, 255} }},
	{{ {7790, 9603, -7878}, 0, {7754, -11564}, {246, 209, 187, 255} }},
	{{ {7790, 3419, -7878}, 0, {7754, 709}, {255, 254, 245, 255} }},
	{{ {9553, 3943, -7862}, 0, {11254, -331}, {255, 255, 255, 255} }},
	{{ {9553, 3459, -7862}, 0, {11254, 630}, {255, 234, 228, 255} }},
	{{ {1491, 3953, -11875}, 0, {-4748, -350}, {255, 255, 255, 255} }},
	{{ {1491, 3070, -11875}, 0, {-4748, 1402}, {195, 187, 175, 255} }},
	{{ {1639, 2941, -11875}, 0, {-4454, 1659}, {153, 147, 136, 255} }},
	{{ {1639, 3953, -11875}, 0, {-4454, -350}, {255, 255, 255, 255} }},
	{{ {1639, 3953, -11875}, 0, {-4454, -350}, {255, 255, 255, 255} }},
	{{ {2127, 2941, -11875}, 0, {-3486, 1659}, {133, 122, 92, 255} }},
	{{ {2127, 3953, -11875}, 0, {-3486, -350}, {255, 255, 255, 255} }},
	{{ {2127, 3953, -11875}, 0, {-3486, -350}, {255, 255, 255, 255} }},
	{{ {2596, 2941, -12116}, 0, {-2554, 1659}, {133, 122, 92, 255} }},
	{{ {2596, 3953, -12116}, 0, {-2554, -350}, {255, 255, 255, 255} }},
	{{ {2596, 3953, -12116}, 0, {-2554, -350}, {255, 255, 255, 255} }},
	{{ {2596, 2941, -12116}, 0, {-2554, 1659}, {133, 122, 92, 255} }},
	{{ {4475, 3205, -12100}, 0, {1175, 1134}, {144, 137, 121, 255} }},
	{{ {4475, 4085, -12100}, 0, {1175, -613}, {255, 255, 255, 255} }},
	{{ {4475, 4085, -12100}, 0, {1175, -613}, {255, 255, 255, 255} }},
	{{ {5486, 3358, -12205}, 0, {3182, 831}, {147, 134, 131, 255} }},
	{{ {5486, 4161, -12205}, 0, {3182, -764}, {255, 255, 255, 255} }},
	{{ {5486, 4161, -12205}, 0, {3182, -764}, {255, 255, 255, 255} }},
	{{ {5996, 3358, -12296}, 0, {4195, 831}, {133, 122, 92, 255} }},
	{{ {5996, 4161, -12296}, 0, {4195, -764}, {255, 255, 255, 255} }},
	{{ {5996, 4161, -12296}, 0, {4195, -764}, {255, 255, 255, 255} }},
	{{ {6505, 3358, -12427}, 0, {5205, 831}, {223, 222, 221, 255} }},
	{{ {6505, 4161, -12427}, 0, {5205, -764}, {255, 255, 255, 255} }},
	{{ {7048, 9603, -12560}, 0, {6281, -11564}, {255, 210, 154, 255} }},
	{{ {6505, 9603, -12427}, 0, {5205, -11564}, {255, 210, 153, 255} }},
	{{ {6505, 4161, -12427}, 0, {5205, -764}, {251, 251, 251, 255} }},
	{{ {6505, 4161, -12427}, 0, {5205, -764}, {251, 251, 251, 255} }},
	{{ {7048, 3358, -12560}, 0, {6281, 831}, {161, 152, 150, 255} }},
	{{ {7048, 9603, -12560}, 0, {6281, -11564}, {255, 210, 154, 255} }},
	{{ {6505, 3358, -12427}, 0, {5205, 831}, {223, 222, 221, 255} }},
	{{ {8212, 4869, -10608}, 0, {5422, -2169}, {244, 231, 230, 255} }},
	{{ {8978, 4869, -9167}, 0, {2562, -2169}, {255, 237, 236, 255} }},
	{{ {8978, 7102, -9167}, 0, {2562, -6599}, {255, 237, 236, 255} }},
	{{ {8212, 9603, -10608}, 0, {5422, -11564}, {255, 210, 154, 255} }},
	{{ {8978, 9603, -9167}, 0, {2562, -11564}, {242, 210, 200, 255} }},
	{{ {8212, 4869, -10608}, 0, {8592, -2169}, {244, 231, 230, 255} }},
	{{ {8212, 9603, -10608}, 0, {8592, -11564}, {255, 210, 154, 255} }},
	{{ {7395, 9603, -10857}, 0, {6971, -11564}, {255, 210, 154, 255} }},
	{{ {7395, 4869, -10857}, 0, {6971, -2169}, {241, 241, 239, 255} }},
	{{ {7201, 4873, -11646}, 0, {7481, -2176}, {242, 241, 239, 255} }},
	{{ {7201, 9603, -11646}, 0, {7481, -11564}, {238, 213, 216, 255} }},
	{{ {7124, 9603, -12082}, 0, {8348, -11564}, {255, 210, 155, 255} }},
	{{ {7201, 4873, -11646}, 0, {7481, -2176}, {242, 241, 239, 255} }},
	{{ {7124, 9603, -12082}, 0, {8348, -11564}, {255, 210, 155, 255} }},
	{{ {7124, 4873, -12082}, 0, {8348, -2176}, {254, 237, 236, 255} }},
	{{ {7124, 4873, -12082}, 0, {8348, -2176}, {254, 237, 236, 255} }},
	{{ {7124, 9603, -12082}, 0, {8348, -11564}, {255, 210, 155, 255} }},
	{{ {7048, 9603, -12560}, 0, {9296, -11564}, {255, 210, 154, 255} }},
	{{ {7048, 4366, -12560}, 0, {9296, -1170}, {255, 237, 236, 255} }},
	{{ {7201, 4873, -11646}, 0, {7481, -2176}, {255, 255, 255, 255} }},
	{{ {7201, 3161, -11646}, 0, {7481, 1223}, {133, 122, 92, 255} }},
	{{ {7395, 3161, -10857}, 0, {5917, 1223}, {166, 157, 151, 255} }},
	{{ {7395, 4869, -10857}, 0, {5917, -2169}, {255, 255, 255, 255} }},
	{{ {-1088, 3953, -9097}, 0, {2423, -350}, {247, 246, 245, 255} }},
	{{ {-1088, 9603, -9097}, 0, {2423, -11564}, {255, 210, 154, 255} }},
	{{ {-1088, 9603, -8995}, 0, {2220, -11564}, {246, 212, 197, 255} }},
	{{ {-1088, 3953, -8995}, 0, {2220, -350}, {250, 250, 249, 255} }},
	{{ {-1088, 3953, -8995}, 0, {2220, -350}, {250, 250, 249, 255} }},
	{{ {-1088, 9603, -8995}, 0, {2220, -11564}, {246, 212, 197, 255} }},
	{{ {-1088, 9603, -7655}, 0, {-440, -11564}, {250, 211, 183, 255} }},
	{{ {-1088, 3128, -7655}, 0, {-440, 1286}, {252, 252, 251, 238} }},
	{{ {-1088, 3128, -7655}, 0, {-440, 1286}, {252, 252, 251, 238} }},
	{{ {-1088, 9603, -7655}, 0, {-440, -11564}, {250, 211, 183, 255} }},
	{{ {-1088, 9603, -6898}, 0, {-1942, -11564}, {255, 210, 153, 255} }},
	{{ {-1088, 3128, -6898}, 0, {-1942, 1286}, {252, 252, 251, 255} }},
	{{ {-1088, 3128, -6898}, 0, {-1942, 1286}, {252, 252, 251, 255} }},
	{{ {-1088, 9603, -6898}, 0, {-1942, -11564}, {255, 210, 153, 255} }},
	{{ {-1088, 9603, -6740}, 0, {-2255, -11564}, {255, 210, 153, 255} }},
	{{ {-1088, 3097, -6740}, 0, {-2255, 1350}, {252, 252, 251, 255} }},
	{{ {-1088, 2157, -7655}, 0, {-440, 3215}, {255, 234, 253, 0} }},
	{{ {-1088, 2157, -7655}, 0, {-440, 3215}, {255, 234, 253, 0} }},
	{{ {-1088, 2157, -8995}, 0, {2220, 3215}, {190, 157, 99, 237} }},
	{{ {-1088, 2941, -8995}, 0, {2220, 1659}, {189, 157, 100, 255} }},
	{{ {-1088, 2941, -8995}, 0, {2220, 1659}, {189, 157, 100, 255} }},
	{{ {-1088, 3128, -7655}, 0, {-440, 1286}, {254, 255, 255, 238} }},
	{{ {-1088, 2157, -7655}, 0, {-440, 3215}, {255, 234, 253, 0} }},
	{{ {-1088, 3953, -8995}, 0, {2220, -350}, {255, 255, 255, 255} }},
	{{ {7790, 3419, -7878}, 0, {3, 709}, {255, 254, 245, 255} }},
	{{ {7790, 4869, -7878}, 0, {3, -2169}, {255, 255, 255, 255} }},
	{{ {7459, 4869, -8431}, 0, {1101, -2169}, {255, 237, 236, 255} }},
	{{ {7459, 3671, -8431}, 0, {1101, 209}, {133, 122, 92, 255} }},
	{{ {7459, 3419, -8431}, 0, {1101, 709}, {133, 122, 92, 255} }},
	{{ {4533, 4113, -11581}, 0, {1290, -668}, {255, 255, 255, 255} }},
	{{ {4533, 3563, -11581}, 0, {1290, 424}, {255, 255, 255, 255} }},
	{{ {5345, 3715, -11553}, 0, {2902, 121}, {255, 255, 255, 255} }},
	{{ {5345, 4136, -11553}, 0, {2902, -714}, {255, 255, 255, 255} }},
	{{ {5345, 3715, -11553}, 0, {2902, -6994}, {255, 255, 255, 255} }},
	{{ {4533, 3563, -11581}, 0, {1290, -7049}, {255, 255, 255, 255} }},
	{{ {4538, 3563, -12113}, 0, {1300, -8106}, {249, 249, 249, 255} }},
	{{ {4538, 3563, -12113}, 0, {1300, -8106}, {249, 249, 249, 255} }},
	{{ {5507, 3715, -11854}, 0, {3224, -7591}, {255, 255, 255, 255} }},
	{{ {5345, 3715, -11553}, 0, {2902, -6994}, {255, 255, 255, 255} }},
	{{ {5346, 3715, -12202}, 0, {2905, -8283}, {255, 255, 255, 255} }},
	{{ {5507, 3715, -11854}, 0, {7895, 121}, {255, 255, 255, 255} }},
	{{ {5346, 3715, -12202}, 0, {8586, 121}, {255, 255, 255, 255} }},
	{{ {5346, 4136, -12202}, 0, {8586, -714}, {172, 168, 162, 255} }},
	{{ {5507, 4185, -11854}, 0, {7895, -811}, {133, 123, 92, 255} }},
	{{ {4533, 4113, -11581}, 0, {7352, -668}, {255, 255, 255, 255} }},
	{{ {4538, 4113, -12113}, 0, {8410, -668}, {141, 133, 115, 255} }},
	{{ {4538, 3563, -12113}, 0, {8410, 424}, {249, 249, 249, 255} }},
	{{ {4533, 3563, -11581}, 0, {7352, 424}, {255, 255, 255, 255} }},
	{{ {5345, 3715, -11553}, 0, {7297, 121}, {255, 255, 255, 255} }},
	{{ {5507, 3715, -11854}, 0, {7895, 121}, {255, 255, 255, 255} }},
	{{ {5345, 4136, -11553}, 0, {7297, -714}, {255, 255, 255, 255} }},
	{{ {4513, 3137, -11567}, 0, {1250, 1270}, {255, 255, 255, 255} }},
	{{ {4513, 1882, -11567}, 0, {1250, 3761}, {255, 255, 255, 255} }},
	{{ {4560, 1914, -11574}, 0, {1344, 3697}, {255, 255, 255, 255} }},
	{{ {5563, 3358, -11728}, 0, {3334, 831}, {229, 208, 203, 255} }},
	{{ {5530, 1914, -11719}, 0, {3269, 3697}, {184, 173, 157, 255} }},
	{{ {7790, 4869, -7878}, 0, {3, -2169}, {241, 240, 239, 255} }},
	{{ {7790, 9603, -7878}, 0, {3, -11564}, {246, 209, 187, 255} }},
	{{ {7459, 9603, -8431}, 0, {1101, -11564}, {255, 210, 157, 255} }},
	{{ {7459, 6763, -8431}, 0, {1101, -5928}, {213, 210, 205, 255} }},
	{{ {7459, 4869, -8431}, 0, {1101, -2169}, {255, 237, 236, 255} }},
	{{ {-1088, 2157, -6898}, 0, {-1942, 3215}, {224, 200, 206, 167} }},
	{{ {-1088, 3128, -6898}, 0, {-1942, 1286}, {255, 255, 255, 255} }},
	{{ {-1088, 3097, -6740}, 0, {-2255, 1350}, {255, 255, 255, 255} }},
	{{ {-1088, 2093, -6740}, 0, {-2255, 3341}, {254, 253, 253, 236} }},
	{{ {-1088, 2157, -7655}, 0, {-440, 3215}, {255, 234, 253, 0} }},
	{{ {-1088, 3128, -7655}, 0, {-440, 1286}, {255, 255, 255, 238} }},
	{{ {-1088, 3128, -6898}, 0, {-1942, 1286}, {255, 255, 255, 255} }},
	{{ {-1088, 2157, -6898}, 0, {-1942, 3215}, {224, 200, 206, 167} }},
	{{ {-1088, 3070, -9097}, 0, {2423, 1402}, {220, 197, 202, 255} }},
	{{ {-1088, 3953, -9097}, 0, {2423, -350}, {255, 255, 255, 255} }},
	{{ {-1088, 3953, -8995}, 0, {2220, -350}, {255, 255, 255, 255} }},
	{{ {-1088, 2941, -8995}, 0, {2220, 1659}, {189, 157, 100, 255} }},
	{{ {7201, 9603, -11646}, 0, {7481, -11564}, {238, 213, 216, 255} }},
	{{ {7201, 4873, -11646}, 0, {7481, -2176}, {242, 241, 239, 255} }},
	{{ {7395, 4869, -10857}, 0, {5917, -2169}, {241, 241, 239, 255} }},
	{{ {7395, 9603, -10857}, 0, {5917, -11564}, {255, 210, 154, 255} }},
	{{ {7124, 3358, -12082}, 0, {8348, 831}, {133, 122, 92, 255} }},
	{{ {7124, 4873, -12082}, 0, {8348, -2176}, {255, 238, 237, 255} }},
	{{ {7048, 4366, -12560}, 0, {9296, -1170}, {255, 237, 236, 255} }},
	{{ {7048, 3358, -12560}, 0, {9296, 831}, {161, 152, 150, 255} }},
	{{ {7201, 3161, -11646}, 0, {7481, 1223}, {133, 122, 92, 255} }},
	{{ {7201, 4873, -11646}, 0, {7481, -2176}, {255, 255, 255, 255} }},
	{{ {7124, 4873, -12082}, 0, {8348, -2176}, {255, 239, 238, 255} }},
	{{ {7124, 3358, -12082}, 0, {8348, 831}, {133, 122, 92, 255} }},
	{{ {8212, 3459, -10608}, 0, {8592, 630}, {133, 123, 93, 255} }},
	{{ {8212, 4869, -10608}, 0, {8592, -2169}, {255, 255, 255, 255} }},
	{{ {7395, 4869, -10857}, 0, {6971, -2169}, {255, 255, 255, 255} }},
	{{ {7395, 3459, -10857}, 0, {6971, 630}, {133, 122, 92, 255} }},
	{{ {8212, 3459, -10608}, 0, {5422, 630}, {133, 123, 93, 255} }},
	{{ {8978, 3459, -9167}, 0, {2562, 630}, {133, 123, 92, 255} }},
	{{ {8978, 4030, -9167}, 0, {2562, -502}, {247, 247, 248, 255} }},
	{{ {8212, 4869, -10608}, 0, {5422, -2169}, {255, 255, 255, 255} }},
	{{ {8978, 4869, -9167}, 0, {2562, -2169}, {255, 237, 236, 255} }},
	{{ {5996, 9603, -12296}, 0, {4195, -11564}, {255, 210, 153, 255} }},
	{{ {5996, 4161, -12296}, 0, {4195, -764}, {251, 251, 251, 255} }},
	{{ {6505, 4161, -12427}, 0, {5205, -764}, {251, 251, 251, 255} }},
	{{ {5996, 9603, -12296}, 0, {4195, -11564}, {255, 210, 153, 255} }},
	{{ {6505, 4161, -12427}, 0, {5205, -764}, {251, 251, 251, 255} }},
	{{ {6505, 9603, -12427}, 0, {5205, -11564}, {255, 210, 153, 255} }},
	{{ {5486, 9603, -12205}, 0, {3182, -11564}, {255, 210, 153, 255} }},
	{{ {5486, 4161, -12205}, 0, {3182, -764}, {251, 251, 251, 255} }},
	{{ {5996, 4161, -12296}, 0, {4195, -764}, {251, 251, 251, 255} }},
	{{ {5996, 9603, -12296}, 0, {4195, -11564}, {255, 210, 153, 255} }},
	{{ {4475, 9603, -12100}, 0, {1175, -11564}, {255, 210, 153, 255} }},
	{{ {4475, 4085, -12100}, 0, {1175, -613}, {251, 251, 251, 255} }},
	{{ {5486, 9603, -12205}, 0, {3182, -11564}, {255, 210, 153, 255} }},
	{{ {2596, 9603, -12116}, 0, {-2554, -11564}, {233, 206, 204, 255} }},
	{{ {2596, 3953, -12116}, 0, {-2554, -350}, {251, 251, 251, 255} }},
	{{ {4475, 4085, -12100}, 0, {1175, -613}, {251, 251, 251, 255} }},
	{{ {2127, 9603, -11875}, 0, {-3486, -11564}, {252, 210, 173, 255} }},
	{{ {2127, 3953, -11875}, 0, {-3486, -350}, {251, 251, 251, 255} }},
	{{ {2596, 3953, -12116}, 0, {-2554, -350}, {251, 251, 251, 255} }},
	{{ {2127, 9603, -11875}, 0, {-3486, -11564}, {252, 210, 173, 255} }},
	{{ {2596, 3953, -12116}, 0, {-2554, -350}, {251, 251, 251, 255} }},
	{{ {2596, 9603, -12116}, 0, {-2554, -11564}, {233, 206, 204, 255} }},
	{{ {1639, 9603, -11875}, 0, {-4454, -11564}, {248, 211, 188, 255} }},
	{{ {1639, 3953, -11875}, 0, {-4454, -350}, {251, 251, 251, 255} }},
	{{ {2127, 3953, -11875}, 0, {-3486, -350}, {251, 251, 251, 255} }},
	{{ {2127, 9603, -11875}, 0, {-3486, -11564}, {252, 210, 173, 255} }},
	{{ {1491, 9603, -11875}, 0, {-4748, -11564}, {248, 211, 191, 255} }},
	{{ {1491, 3953, -11875}, 0, {-4748, -350}, {251, 251, 251, 255} }},
	{{ {1639, 3953, -11875}, 0, {-4454, -350}, {251, 251, 251, 255} }},
	{{ {1639, 9603, -11875}, 0, {-4454, -11564}, {248, 211, 188, 255} }},
	{{ {4110, 903, -3814}, 0, {-8063, 5703}, {205, 188, 184, 0} }},
	{{ {4110, 1681, -3814}, 0, {-8063, 4160}, {255, 255, 255, 255} }},
	{{ {4442, 1681, -1481}, 0, {-12694, 4160}, {255, 255, 255, 255} }},
	{{ {4442, 903, -1481}, 0, {-12694, 5703}, {255, 255, 255, 255} }},
	{{ {6384, 1681, 861}, 0, {-17342, 4160}, {255, 255, 255, 255} }},
	{{ {4442, 903, -1481}, 0, {-12694, 5703}, {255, 255, 255, 255} }},
	{{ {6384, 1681, 861}, 0, {-17342, 4160}, {255, 255, 255, 255} }},
	{{ {6384, 903, 861}, 0, {-17342, 5703}, {255, 255, 255, 255} }},
	{{ {-1088, 9603, -11875}, 0, {-9867, -11564}, {251, 210, 174, 255} }},
	{{ {-1088, 3953, -11875}, 0, {-9867, -350}, {251, 251, 251, 255} }},
	{{ {1491, 3953, -11875}, 0, {-4748, -350}, {251, 251, 251, 255} }},
	{{ {1491, 9603, -11875}, 0, {-4748, -11564}, {248, 211, 191, 255} }},
	{{ {-1088, 9603, -11346}, 0, {6887, -11564}, {248, 211, 187, 255} }},
	{{ {-1088, 3953, -11346}, 0, {6887, -350}, {240, 239, 238, 255} }},
	{{ {-1088, 3953, -11875}, 0, {7936, -350}, {245, 244, 243, 255} }},
	{{ {-1088, 9603, -11875}, 0, {7936, -11564}, {251, 210, 174, 255} }},
	{{ {-1088, 3070, -11346}, 0, {6887, 1402}, {242, 233, 234, 255} }},
	{{ {-1088, 3953, -11346}, 0, {6887, -350}, {255, 255, 255, 255} }},
	{{ {-1088, 3953, -9097}, 0, {2423, -350}, {255, 255, 255, 255} }},
	{{ {-1088, 3070, -9097}, 0, {2423, 1402}, {220, 197, 202, 255} }},
	{{ {3212, 940, -3814}, 0, {-1332, 5630}, {211, 192, 129, 0} }},
	{{ {3212, 1681, -3814}, 0, {-1332, 4160}, {199, 184, 134, 255} }},
	{{ {4110, 1681, -3814}, 0, {451, 4160}, {255, 255, 255, 255} }},
	{{ {4110, 903, -3814}, 0, {451, 5703}, {205, 188, 184, 0} }},
	{{ {2307, 193, -3814}, 0, {-3128, 7112}, {255, 255, 255, 255} }},
	{{ {2307, 1681, -3814}, 0, {-3128, 4160}, {199, 184, 134, 255} }},
	{{ {2888, 1681, -3814}, 0, {-1974, 4160}, {199, 184, 134, 255} }},
	{{ {2888, 940, -3814}, 0, {-1974, 5630}, {199, 184, 133, 5} }},
	{{ {930, 193, -3814}, 0, {-5861, 7112}, {190, 157, 99, 255} }},
	{{ {930, 972, -3814}, 0, {-5861, 5566}, {250, 251, 253, 58} }},
	{{ {2307, 1681, -3814}, 0, {-3128, 4160}, {199, 184, 134, 255} }},
	{{ {-1323, 9583, -5961}, 0, {-3802, -11524}, {255, 210, 156, 255} }},
	{{ {-1488, 9583, -4126}, 0, {-7443, -11524}, {255, 210, 155, 255} }},
	{{ {-1488, 952, -4126}, 0, {-7443, 5606}, {247, 246, 245, 255} }},
	{{ {-1323, 7230, -5961}, 0, {-3802, -6855}, {248, 211, 190, 255} }},
	{{ {-1323, 1369, -5961}, 0, {-3802, 4780}, {251, 251, 251, 255} }},
	{{ {-1488, 9583, -4126}, 0, {-10659, -11524}, {255, 210, 155, 255} }},
	{{ {-797, 9603, -3672}, 0, {-9288, -11564}, {254, 210, 163, 255} }},
	{{ {-797, 4921, -3672}, 0, {-9288, -2272}, {255, 255, 255, 188} }},
	{{ {-1488, 952, -4126}, 0, {-10659, 5606}, {247, 246, 245, 243} }},
	{{ {-797, 986, -3672}, 0, {-9288, 5539}, {255, 255, 255, 117} }},
	{{ {-797, 9603, -3672}, 0, {-8345, -11564}, {254, 210, 163, 255} }},
	{{ {-1123, 9603, -2935}, 0, {-10230, -11564}, {252, 211, 171, 255} }},
	{{ {-1123, 619, -2935}, 0, {-10230, 6267}, {253, 253, 253, 80} }},
	{{ {-797, 4921, -3672}, 0, {-8345, -2272}, {255, 255, 255, 188} }},
	{{ {-797, 986, -3672}, 0, {-8345, 5539}, {255, 255, 255, 83} }},
	{{ {741, -161, -3249}, 0, {-9184, 7816}, {191, 158, 101, 255} }},
	{{ {741, 619, -3249}, 0, {-9184, 6267}, {255, 255, 255, 255} }},
	{{ {930, 972, -3814}, 0, {-8063, 5566}, {255, 255, 255, 74} }},
	{{ {930, 193, -3814}, 0, {-8063, 7112}, {190, 157, 99, 255} }},
	{{ {879, -161, -2674}, 0, {-10326, 7816}, {190, 157, 99, 228} }},
	{{ {879, 619, -2674}, 0, {-10326, 6267}, {255, 255, 255, 233} }},
	{{ {741, 619, -3249}, 0, {-9184, 6267}, {255, 255, 255, 255} }},
	{{ {741, -161, -3249}, 0, {-9184, 7816}, {191, 158, 101, 255} }},
	{{ {1091, -161, -2326}, 0, {-11016, 7816}, {190, 157, 99, 253} }},
	{{ {1091, 619, -2326}, 0, {-11016, 6267}, {255, 255, 255, 255} }},
	{{ {879, 619, -2674}, 0, {-10326, 6267}, {255, 255, 255, 243} }},
	{{ {1132, -161, -16}, 0, {-15602, 7816}, {191, 159, 106, 255} }},
	{{ {1132, 619, -16}, 0, {-15602, 6267}, {255, 255, 255, 247} }},
	{{ {1091, 619, -2326}, 0, {-11016, 6267}, {255, 255, 255, 242} }},
	{{ {1091, -161, -2326}, 0, {-11016, 7816}, {190, 157, 99, 255} }},
	{{ {1389, -161, 918}, 0, {-17455, 7816}, {190, 157, 99, 255} }},
	{{ {1389, 619, 918}, 0, {-17455, 6267}, {229, 223, 224, 255} }},
	{{ {1132, 619, -16}, 0, {-15602, 6267}, {255, 255, 255, 255} }},
	{{ {443, -161, 1305}, 0, {-6828, 7816}, {190, 157, 99, 255} }},
	{{ {443, 619, 1305}, 0, {-6828, 6267}, {255, 255, 255, 255} }},
	{{ {1389, 619, 918}, 0, {-4950, 6267}, {226, 219, 219, 255} }},
	{{ {1389, -161, 918}, 0, {-4950, 7816}, {190, 157, 99, 255} }},
	{{ {-928, -161, 844}, 0, {-9548, 7816}, {192, 161, 114, 255} }},
	{{ {-928, 619, 844}, 0, {-9548, 6267}, {255, 255, 255, 255} }},
	{{ {443, 619, 1305}, 0, {-6828, 6267}, {255, 255, 255, 255} }},
	{{ {-1159, 9603, -267}, 0, {-15102, -11564}, {255, 210, 154, 255} }},
	{{ {-1159, 619, -267}, 0, {-15102, 6267}, {253, 253, 253, 245} }},
	{{ {-1123, 619, -2935}, 0, {-10230, 6267}, {253, 253, 253, 115} }},
	{{ {-1123, 9603, -2935}, 0, {-10230, -11564}, {252, 211, 171, 255} }},
	{{ {-928, -161, 844}, 0, {-17309, 7816}, {192, 161, 114, 255} }},
	{{ {-1159, -161, -267}, 0, {-15102, 7816}, {190, 157, 99, 255} }},
	{{ {-1159, 619, -267}, 0, {-15102, 6267}, {255, 255, 255, 255} }},
	{{ {-928, 619, 844}, 0, {-17309, 6267}, {255, 255, 255, 255} }},
	{{ {-975, 1650, -4438}, 0, {-9642, 4221}, {255, 255, 255, 255} }},
	{{ {-975, 1100, -4438}, 0, {-9642, 5312}, {255, 255, 255, 255} }},
	{{ {-1516, 1100, -4711}, 0, {-10715, 5312}, {254, 254, 254, 255} }},
	{{ {-1516, 1650, -4711}, 0, {-10715, 4221}, {255, 255, 255, 255} }},
	{{ {-975, 1650, -4438}, 0, {-6825, 4221}, {255, 255, 255, 255} }},
	{{ {-797, 1650, -3672}, 0, {-8345, 4221}, {253, 253, 253, 255} }},
	{{ {-797, 986, -3672}, 0, {-8345, 5539}, {255, 255, 255, 237} }},
	{{ {-975, 1100, -4438}, 0, {-6825, 5312}, {255, 255, 255, 240} }},
	{{ {-1206, 9583, -6351}, 0, {-3028, -11524}, {255, 210, 154, 255} }},
	{{ {-1323, 9583, -5961}, 0, {-3802, -11524}, {255, 210, 156, 255} }},
	{{ {-1323, 7230, -5961}, 0, {-3802, -6855}, {248, 211, 190, 255} }},
	{{ {-1323, 1369, -5961}, 0, {-3802, 4780}, {251, 251, 251, 255} }},
	{{ {-1323, 1369, -5961}, 0, {-3802, 4780}, {251, 251, 251, 255} }},
	{{ {-1323, 2525, -5961}, 0, {-3802, 2484}, {251, 244, 241, 255} }},
	{{ {-1088, 4986, -6740}, 0, {-2255, -2401}, {252, 249, 249, 255} }},
	{{ {-1088, 3076, -6740}, 0, {-2255, 1390}, {255, 255, 255, 255} }},
	{{ {-1088, 4986, -6740}, 0, {-2255, -2401}, {252, 249, 249, 255} }},
	{{ {-1088, 9583, -6740}, 0, {-2255, -11524}, {255, 210, 154, 255} }},
	{{ {-1206, 9583, -6351}, 0, {-3028, -11524}, {255, 210, 154, 255} }},
	{{ {7459, 4869, -8431}, 0, {7099, -2169}, {255, 237, 236, 255} }},
	{{ {7459, 9603, -8431}, 0, {7099, -11564}, {255, 210, 157, 255} }},
	{{ {8978, 9603, -9167}, 0, {10113, -11564}, {242, 210, 200, 255} }},
	{{ {8978, 6531, -9167}, 0, {10113, -5467}, {255, 237, 236, 255} }},
	{{ {8978, 4869, -9167}, 0, {10113, -2169}, {255, 237, 236, 255} }},
	{{ {6384, 903, 861}, 0, {4964, 5703}, {255, 255, 255, 255} }},
	{{ {6384, 1681, 861}, 0, {4964, 4160}, {255, 255, 255, 255} }},
	{{ {9952, 1681, 1643}, 0, {12046, 4160}, {255, 255, 255, 255} }},
	{{ {9952, 903, 1643}, 0, {12046, 5703}, {159, 145, 142, 255} }},
	{{ {12705, 1681, -605}, 0, {17511, 4160}, {255, 255, 255, 143} }},
	{{ {12705, 903, -605}, 0, {17511, 5703}, {160, 146, 143, 255} }},
	{{ {6384, 1681, 861}, 0, {4964, 4160}, {244, 247, 250, 255} }},
	{{ {6384, 9603, 861}, 0, {4964, -11564}, {252, 208, 152, 255} }},
	{{ {9952, 9603, 1643}, 0, {12046, -11564}, {251, 207, 152, 255} }},
	{{ {9952, 1681, 1643}, 0, {12046, 4160}, {242, 247, 250, 255} }},
	{{ {12705, 9603, -605}, 0, {17511, -11564}, {251, 207, 152, 255} }},
	{{ {12705, 1681, -605}, 0, {17511, 4160}, {242, 246, 250, 143} }},
	{{ {12705, 903, -605}, 0, {-14431, 5703}, {160, 146, 143, 255} }},
	{{ {12705, 1681, -605}, 0, {-14431, 4160}, {255, 255, 255, 143} }},
	{{ {13583, 1681, -3580}, 0, {-8527, 4160}, {255, 255, 255, 255} }},
	{{ {13583, 903, -3580}, 0, {-8527, 5703}, {255, 255, 255, 255} }},
	{{ {12431, 1681, -6547}, 0, {-2639, 4160}, {180, 180, 184, 255} }},
	{{ {12431, 903, -6547}, 0, {-2639, 5703}, {255, 255, 255, 255} }},
	{{ {12705, 1681, -605}, 0, {-14431, 4160}, {242, 246, 250, 143} }},
	{{ {12705, 9603, -605}, 0, {-14431, -11564}, {251, 207, 152, 255} }},
	{{ {13583, 9603, -3580}, 0, {-8527, -11564}, {250, 207, 151, 255} }},
	{{ {13583, 1681, -3580}, 0, {-8527, 4160}, {241, 246, 250, 255} }},
	{{ {13583, 1681, -3580}, 0, {-8527, 4160}, {241, 246, 250, 255} }},
	{{ {13583, 9603, -3580}, 0, {-8527, -11564}, {250, 207, 151, 255} }},
	{{ {12431, 9603, -6547}, 0, {-2639, -11564}, {233, 214, 209, 255} }},
	{{ {12431, 1681, -6547}, 0, {-2639, 4160}, {161, 152, 151, 255} }},
	{{ {12431, 1681, -6547}, 0, {16967, 4160}, {161, 152, 151, 255} }},
	{{ {12431, 9603, -6547}, 0, {16967, -11564}, {233, 214, 209, 255} }},
	{{ {9553, 9603, -7862}, 0, {11254, -11564}, {233, 214, 209, 255} }},
	{{ {9553, 3459, -7862}, 0, {11254, 630}, {255, 234, 228, 255} }},
	{{ {13224, 985, -5014}, 0, {18540, 5541}, {219, 198, 198, 255} }},
	{{ {13224, 3737, -5014}, 0, {18540, 79}, {255, 255, 255, 255} }},
	{{ {11663, 3737, -5920}, 0, {15443, 79}, {205, 188, 184, 255} }},
	{{ {10103, 985, -6826}, 0, {12345, 5541}, {218, 194, 193, 255} }},
	{{ {10103, 3459, -6826}, 0, {12345, 630}, {205, 188, 184, 255} }},
	{{ {8340, 3459, -6842}, 0, {8846, 630}, {205, 188, 184, 255} }},
	{{ {8340, 985, -6842}, 0, {8846, 5541}, {218, 194, 193, 2} }},
	{{ {10103, 985, -6826}, 0, {12345, 5541}, {218, 194, 193, 255} }},
	{{ {8340, 985, -6842}, 0, {-2053, 5541}, {218, 194, 193, 2} }},
	{{ {8957, 985, -5373}, 0, {-4968, 5541}, {218, 194, 193, 255} }},
	{{ {8957, 2309, -5373}, 0, {-4968, 2912}, {193, 157, 128, 130} }},
	{{ {8340, 2309, -6842}, 0, {-2053, 2912}, {218, 194, 193, 80} }},
	{{ {8957, 985, -5373}, 0, {10072, 5541}, {218, 194, 193, 255} }},
	{{ {10245, 985, -4744}, 0, {12627, 5541}, {218, 194, 193, 255} }},
	{{ {10245, 2309, -4744}, 0, {12627, 2912}, {217, 181, 164, 255} }},
	{{ {8957, 2309, -5373}, 0, {10072, 2912}, {193, 157, 128, 130} }},
	{{ {10245, 2309, -4744}, 0, {-6218, 2912}, {217, 181, 164, 255} }},
	{{ {10245, 985, -4744}, 0, {-6218, 5541}, {218, 194, 193, 255} }},
	{{ {10826, 985, -3434}, 0, {-8817, 5541}, {218, 194, 193, 255} }},
	{{ {10826, 2309, -3434}, 0, {-8817, 2912}, {218, 194, 193, 255} }},
	{{ {10826, 2309, -3434}, 0, {13780, 2912}, {218, 194, 193, 255} }},
	{{ {10826, 985, -3434}, 0, {13780, 5541}, {218, 194, 193, 255} }},
	{{ {11898, 1052, -2379}, 0, {15909, 5409}, {217, 194, 193, 255} }},
	{{ {11898, 2309, -2379}, 0, {15909, 2912}, {217, 194, 193, 255} }},
	{{ {11898, 2309, -2379}, 0, {15909, 2912}, {217, 194, 193, 255} }},
	{{ {11898, 1052, -2379}, 0, {15909, 5409}, {217, 194, 193, 255} }},
	{{ {13238, 1052, -2379}, 0, {18567, 5409}, {218, 194, 193, 67} }},
	{{ {13238, 2309, -2379}, 0, {18567, 2912}, {220, 184, 168, 245} }},
	{{ {12899, 1953, -1228}, 0, {17895, 3620}, {224, 188, 172, 0} }},
	{{ {11567, 1953, -1228}, 0, {15251, 3620}, {218, 163, 119, 0} }},
	{{ {11567, 907, -1228}, 0, {15251, 5697}, {188, 170, 168, 67} }},
	{{ {12899, 907, -1228}, 0, {17895, 5697}, {218, 195, 194, 0} }},
	{{ {11567, 1953, -1228}, 0, {15251, 3620}, {218, 163, 119, 0} }},
	{{ {10246, 1734, -1167}, 0, {12630, 4054}, {255, 255, 255, 198} }},
	{{ {10246, 1228, -1167}, 0, {12630, 5058}, {218, 194, 193, 215} }},
	{{ {11567, 907, -1228}, 0, {15251, 5697}, {188, 170, 168, 148} }},
	{{ {10246, 1734, -1167}, 0, {12630, 4054}, {255, 255, 255, 201} }},
	{{ {9240, 1519, -1257}, 0, {10633, 4482}, {255, 234, 228, 248} }},
	{{ {10246, 1228, -1167}, 0, {12630, 5058}, {218, 194, 193, 218} }},
	{{ {9240, 1519, -1257}, 0, {10633, 4482}, {255, 234, 228, 248} }},
	{{ {5535, 1237, -1870}, 0, {3278, 5041}, {159, 145, 142, 0} }},
	{{ {4442, 1078, -1481}, 0, {1109, 5357}, {159, 145, 142, 246} }},
	{{ {4442, 3754, -1481}, 0, {1109, 45}, {239, 235, 233, 246} }},
	{{ {5535, 3754, -1870}, 0, {3278, 45}, {255, 255, 255, 246} }},
	{{ {9579, 1512, 109}, 0, {11305, 4494}, {159, 145, 142, 156} }},
	{{ {7197, 1519, -145}, 0, {6577, 4482}, {159, 145, 142, 104} }},
	{{ {7197, 3760, -145}, 0, {6577, 32}, {255, 255, 255, 105} }},
	{{ {9579, 3754, 109}, 0, {11305, 45}, {255, 255, 255, 156} }},
	{{ {11906, 900, 138}, 0, {15923, 5709}, {161, 146, 142, 0} }},
	{{ {9579, 3754, 109}, 0, {11305, 45}, {255, 255, 255, 174} }},
	{{ {11906, 3754, 138}, 0, {15923, 45}, {255, 255, 255, 85} }},
	{{ {7197, 1519, -145}, 0, {-15346, 4482}, {159, 145, 142, 112} }},
	{{ {5535, 1237, -1870}, 0, {-11921, 5041}, {159, 145, 142, 0} }},
	{{ {5535, 3754, -1870}, 0, {-11921, 45}, {255, 255, 255, 128} }},
	{{ {7197, 3760, -145}, 0, {-15346, 32}, {255, 255, 255, 155} }},
	{{ {10245, 2508, -4744}, 0, {12627, 2517}, {217, 180, 161, 255} }},
	{{ {8957, 2508, -5373}, 0, {10072, 2517}, {190, 153, 119, 107} }},
	{{ {8957, 2309, -5373}, 0, {10072, 2912}, {190, 153, 119, 107} }},
	{{ {10245, 2309, -4744}, 0, {12627, 2912}, {217, 180, 161, 255} }},
	{{ {11298, 2508, -6132}, 0, {-3462, 2590}, {217, 180, 161, 255} }},
	{{ {10245, 2508, -4744}, 0, {-6218, 2517}, {217, 180, 161, 255} }},
	{{ {10245, 2309, -4744}, 0, {-6218, 2912}, {217, 180, 161, 255} }},
	{{ {11298, 2309, -6132}, 0, {-3462, 2912}, {217, 180, 161, 255} }},
	{{ {8957, 2508, -5373}, 0, {-4968, 2517}, {190, 153, 119, 107} }},
	{{ {8340, 2508, -6842}, 0, {-2053, 2517}, {218, 194, 193, 84} }},
	{{ {8340, 2309, -6842}, 0, {-2053, 2912}, {218, 194, 193, 84} }},
	{{ {8957, 2309, -5373}, 0, {-4968, 2912}, {190, 153, 119, 107} }},
};

Gfx maple_treewway_dl_Main_mesh_layer_1_tri_3[] = {
	gsSPVertex(maple_treewway_dl_Main_mesh_layer_1_vtx_3 + 0, 16, 0),
	gsSP1Triangle(0, 1, 2, 0),
	gsSP1Triangle(3, 4, 5, 0),
	gsSP1Triangle(6, 7, 8, 0),
	gsSP1Triangle(9, 10, 11, 0),
	gsSP1Triangle(9, 11, 12, 0),
	gsSP1Triangle(13, 14, 15, 0),
	gsSPVertex(maple_treewway_dl_Main_mesh_layer_1_vtx_3 + 16, 15, 0),
	gsSP1Triangle(0, 1, 2, 0),
	gsSP1Triangle(3, 4, 5, 0),
	gsSP1Triangle(3, 5, 6, 0),
	gsSP1Triangle(7, 8, 9, 0),
	gsSP1Triangle(7, 9, 10, 0),
	gsSP1Triangle(11, 12, 13, 0),
	gsSP1Triangle(11, 13, 14, 0),
	gsSPVertex(maple_treewway_dl_Main_mesh_layer_1_vtx_3 + 31, 16, 0),
	gsSP1Triangle(0, 1, 2, 0),
	gsSP1Triangle(0, 2, 3, 0),
	gsSP1Triangle(4, 5, 6, 0),
	gsSP1Triangle(4, 6, 7, 0),
	gsSP1Triangle(8, 9, 10, 0),
	gsSP1Triangle(8, 10, 11, 0),
	gsSP1Triangle(12, 13, 14, 0),
	gsSP1Triangle(12, 14, 15, 0),
	gsSPVertex(maple_treewway_dl_Main_mesh_layer_1_vtx_3 + 47, 16, 0),
	gsSP1Triangle(0, 1, 2, 0),
	gsSP1Triangle(2, 3, 0, 0),
	gsSP1Triangle(2, 4, 3, 0),
	gsSP1Triangle(5, 6, 7, 0),
	gsSP1Triangle(7, 8, 5, 0),
	gsSP1Triangle(7, 9, 8, 0),
	gsSP1Triangle(10, 11, 12, 0),
	gsSP1Triangle(12, 13, 10, 0),
	gsSP1Triangle(12, 14, 13, 0),
	gsSP1Triangle(13, 15, 10, 0),
	gsSPVertex(maple_treewway_dl_Main_mesh_layer_1_vtx_3 + 63, 15, 0),
	gsSP1Triangle(0, 1, 2, 0),
	gsSP1Triangle(2, 3, 0, 0),
	gsSP1Triangle(2, 4, 3, 0),
	gsSP1Triangle(5, 6, 7, 0),
	gsSP1Triangle(5, 7, 8, 0),
	gsSP1Triangle(9, 5, 8, 0),
	gsSP1Triangle(9, 8, 10, 0),
	gsSP1Triangle(11, 12, 13, 0),
	gsSP1Triangle(11, 13, 14, 0),
	gsSPVertex(maple_treewway_dl_Main_mesh_layer_1_vtx_3 + 78, 16, 0),
	gsSP1Triangle(0, 1, 2, 0),
	gsSP1Triangle(0, 2, 3, 0),
	gsSP1Triangle(4, 5, 6, 0),
	gsSP1Triangle(4, 6, 7, 0),
	gsSP1Triangle(8, 9, 9, 0),
	gsSP1Triangle(9, 11, 8, 0),
	gsSP1Triangle(9, 12, 11, 0),
	gsSP1Triangle(13, 14, 15, 0),
	gsSPVertex(maple_treewway_dl_Main_mesh_layer_1_vtx_3 + 94, 15, 0),
	gsSP1Triangle(0, 1, 2, 0),
	gsSP1Triangle(3, 4, 5, 0),
	gsSP1Triangle(3, 5, 6, 0),
	gsSP1Triangle(7, 8, 9, 0),
	gsSP1Triangle(7, 9, 10, 0),
	gsSP1Triangle(11, 12, 13, 0),
	gsSP1Triangle(11, 13, 14, 0),
	gsSPVertex(maple_treewway_dl_Main_mesh_layer_1_vtx_3 + 109, 16, 0),
	gsSP1Triangle(0, 1, 2, 0),
	gsSP1Triangle(0, 2, 3, 0),
	gsSP1Triangle(4, 5, 6, 0),
	gsSP1Triangle(4, 6, 7, 0),
	gsSP1Triangle(8, 9, 10, 0),
	gsSP1Triangle(8, 10, 11, 0),
	gsSP1Triangle(12, 13, 14, 0),
	gsSP1Triangle(12, 14, 15, 0),
	gsSPVertex(maple_treewway_dl_Main_mesh_layer_1_vtx_3 + 125, 16, 0),
	gsSP1Triangle(0, 1, 2, 0),
	gsSP1Triangle(0, 3, 1, 0),
	gsSP1Triangle(4, 3, 0, 0),
	gsSP1Triangle(4, 5, 3, 0),
	gsSP1Triangle(6, 7, 8, 0),
	gsSP1Triangle(6, 8, 9, 0),
	gsSP1Triangle(6, 9, 10, 0),
	gsSP1Triangle(9, 11, 10, 0),
	gsSP1Triangle(10, 12, 6, 0),
	gsSP1Triangle(10, 13, 12, 0),
	gsSP1Triangle(12, 14, 6, 0),
	gsSP1Triangle(12, 15, 14, 0),
	gsSPVertex(maple_treewway_dl_Main_mesh_layer_1_vtx_3 + 141, 15, 0),
	gsSP1Triangle(0, 1, 2, 0),
	gsSP1Triangle(0, 2, 3, 0),
	gsSP1Triangle(4, 5, 6, 0),
	gsSP1Triangle(6, 7, 4, 0),
	gsSP1Triangle(6, 8, 7, 0),
	gsSP1Triangle(7, 8, 9, 0),
	gsSP1Triangle(7, 9, 10, 0),
	gsSP1Triangle(11, 12, 13, 0),
	gsSP1Triangle(11, 13, 14, 0),
	gsSPVertex(maple_treewway_dl_Main_mesh_layer_1_vtx_3 + 156, 15, 0),
	gsSP1Triangle(0, 1, 2, 0),
	gsSP1Triangle(2, 3, 0, 0),
	gsSP1Triangle(2, 4, 3, 0),
	gsSP1Triangle(5, 6, 7, 0),
	gsSP1Triangle(7, 8, 5, 0),
	gsSP1Triangle(7, 9, 8, 0),
	gsSP1Triangle(10, 11, 12, 0),
	gsSP1Triangle(12, 13, 10, 0),
	gsSP1Triangle(12, 14, 13, 0),
	gsSPVertex(maple_treewway_dl_Main_mesh_layer_1_vtx_3 + 171, 16, 0),
	gsSP1Triangle(0, 1, 2, 0),
	gsSP1Triangle(0, 2, 3, 0),
	gsSP1Triangle(3, 2, 4, 0),
	gsSP1Triangle(3, 4, 5, 0),
	gsSP1Triangle(6, 7, 8, 0),
	gsSP1Triangle(6, 8, 9, 0),
	gsSP1Triangle(10, 11, 12, 0),
	gsSP1Triangle(10, 12, 13, 0),
	gsSP1Triangle(14, 12, 15, 0),
	gsSPVertex(maple_treewway_dl_Main_mesh_layer_1_vtx_3 + 187, 16, 0),
	gsSP1Triangle(0, 1, 2, 0),
	gsSP1Triangle(3, 1, 4, 0),
	gsSP1Triangle(3, 4, 5, 0),
	gsSP1Triangle(6, 7, 8, 0),
	gsSP1Triangle(6, 8, 9, 0),
	gsSP1Triangle(2, 5, 10, 0),
	gsSP1Triangle(2, 10, 11, 0),
	gsSP1Triangle(12, 13, 14, 0),
	gsSP1Triangle(12, 14, 15, 0),
	gsSPVertex(maple_treewway_dl_Main_mesh_layer_1_vtx_3 + 203, 16, 0),
	gsSP1Triangle(0, 1, 2, 0),
	gsSP1Triangle(2, 3, 0, 0),
	gsSP1Triangle(2, 4, 3, 0),
	gsSP1Triangle(5, 6, 7, 0),
	gsSP1Triangle(5, 7, 8, 0),
	gsSP1Triangle(9, 10, 11, 0),
	gsSP1Triangle(9, 11, 12, 0),
	gsSP1Triangle(13, 14, 15, 0),
	gsSPVertex(maple_treewway_dl_Main_mesh_layer_1_vtx_3 + 219, 15, 0),
	gsSP1Triangle(0, 1, 2, 0),
	gsSP1Triangle(3, 4, 5, 0),
	gsSP1Triangle(3, 5, 6, 0),
	gsSP1Triangle(7, 8, 9, 0),
	gsSP1Triangle(7, 9, 10, 0),
	gsSP1Triangle(11, 12, 13, 0),
	gsSP1Triangle(11, 13, 14, 0),
	gsSPVertex(maple_treewway_dl_Main_mesh_layer_1_vtx_3 + 234, 16, 0),
	gsSP1Triangle(0, 1, 2, 0),
	gsSP1Triangle(0, 2, 3, 0),
	gsSP1Triangle(4, 5, 6, 0),
	gsSP1Triangle(4, 6, 7, 0),
	gsSP1Triangle(8, 9, 10, 0),
	gsSP1Triangle(8, 10, 11, 0),
	gsSP1Triangle(12, 13, 14, 0),
	gsSP1Triangle(12, 14, 15, 0),
	gsSPVertex(maple_treewway_dl_Main_mesh_layer_1_vtx_3 + 250, 14, 0),
	gsSP1Triangle(0, 1, 2, 0),
	gsSP1Triangle(0, 2, 3, 0),
	gsSP1Triangle(4, 5, 6, 0),
	gsSP1Triangle(4, 6, 7, 0),
	gsSP1Triangle(8, 9, 10, 0),
	gsSP1Triangle(8, 10, 11, 0),
	gsSP1Triangle(11, 10, 12, 0),
	gsSP1Triangle(11, 12, 13, 0),
	gsSPVertex(maple_treewway_dl_Main_mesh_layer_1_vtx_3 + 264, 14, 0),
	gsSP1Triangle(0, 1, 2, 0),
	gsSP1Triangle(0, 2, 3, 0),
	gsSP1Triangle(4, 5, 6, 0),
	gsSP1Triangle(4, 6, 7, 0),
	gsSP1Triangle(8, 9, 10, 0),
	gsSP1Triangle(8, 10, 11, 0),
	gsSP1Triangle(12, 8, 11, 0),
	gsSP1Triangle(12, 11, 13, 0),
	gsSPVertex(maple_treewway_dl_Main_mesh_layer_1_vtx_3 + 278, 16, 0),
	gsSP1Triangle(0, 1, 2, 0),
	gsSP1Triangle(0, 2, 3, 0),
	gsSP1Triangle(4, 5, 6, 0),
	gsSP1Triangle(4, 6, 7, 0),
	gsSP1Triangle(8, 9, 9, 0),
	gsSP1Triangle(8, 9, 11, 0),
	gsSP1Triangle(12, 13, 14, 0),
	gsSP1Triangle(12, 14, 15, 0),
	gsSPVertex(maple_treewway_dl_Main_mesh_layer_1_vtx_3 + 294, 16, 0),
	gsSP1Triangle(0, 1, 2, 0),
	gsSP1Triangle(0, 2, 3, 0),
	gsSP1Triangle(4, 4, 6, 0),
	gsSP1Triangle(4, 6, 7, 0),
	gsSP1Triangle(8, 9, 10, 0),
	gsSP1Triangle(8, 10, 11, 0),
	gsSP1Triangle(12, 13, 14, 0),
	gsSP1Triangle(15, 13, 12, 0),
	gsSPVertex(maple_treewway_dl_Main_mesh_layer_1_vtx_3 + 310, 14, 0),
	gsSP1Triangle(0, 1, 2, 0),
	gsSP1Triangle(3, 3, 5, 0),
	gsSP1Triangle(3, 5, 6, 0),
	gsSP1Triangle(7, 8, 9, 0),
	gsSP1Triangle(7, 9, 7, 0),
	gsSP1Triangle(10, 11, 12, 0),
	gsSP1Triangle(10, 12, 13, 0),
	gsSPVertex(maple_treewway_dl_Main_mesh_layer_1_vtx_3 + 324, 14, 0),
	gsSP1Triangle(0, 1, 2, 0),
	gsSP1Triangle(0, 3, 1, 0),
	gsSP1Triangle(3, 4, 1, 0),
	gsSP1Triangle(3, 5, 4, 0),
	gsSP1Triangle(6, 7, 8, 0),
	gsSP1Triangle(6, 8, 9, 0),
	gsSP1Triangle(10, 11, 12, 0),
	gsSP1Triangle(10, 12, 13, 0),
	gsSPVertex(maple_treewway_dl_Main_mesh_layer_1_vtx_3 + 338, 14, 0),
	gsSP1Triangle(0, 1, 2, 0),
	gsSP1Triangle(0, 2, 0, 0),
	gsSP1Triangle(3, 4, 5, 0),
	gsSP1Triangle(3, 5, 6, 0),
	gsSP1Triangle(7, 8, 9, 0),
	gsSP1Triangle(7, 9, 7, 0),
	gsSP1Triangle(10, 11, 12, 0),
	gsSP1Triangle(10, 12, 13, 0),
	gsSPVertex(maple_treewway_dl_Main_mesh_layer_1_vtx_3 + 352, 16, 0),
	gsSP1Triangle(0, 1, 2, 0),
	gsSP1Triangle(2, 3, 0, 0),
	gsSP1Triangle(2, 2, 3, 0),
	gsSP1Triangle(4, 5, 6, 0),
	gsSP1Triangle(4, 6, 7, 0),
	gsSP1Triangle(8, 9, 10, 0),
	gsSP1Triangle(8, 10, 11, 0),
	gsSP1Triangle(12, 13, 14, 0),
	gsSP1Triangle(12, 14, 15, 0),
	gsSPVertex(maple_treewway_dl_Main_mesh_layer_1_vtx_3 + 368, 16, 0),
	gsSP1Triangle(0, 1, 2, 0),
	gsSP1Triangle(0, 2, 3, 0),
	gsSP1Triangle(4, 5, 6, 0),
	gsSP1Triangle(4, 6, 4, 0),
	gsSP1Triangle(7, 8, 9, 0),
	gsSP1Triangle(7, 9, 10, 0),
	gsSP1Triangle(10, 9, 11, 0),
	gsSP1Triangle(10, 11, 12, 0),
	gsSP1Triangle(13, 14, 15, 0),
	gsSPVertex(maple_treewway_dl_Main_mesh_layer_1_vtx_3 + 384, 16, 0),
	gsSP1Triangle(0, 1, 2, 0),
	gsSP1Triangle(3, 4, 5, 0),
	gsSP1Triangle(3, 5, 6, 0),
	gsSP1Triangle(7, 8, 9, 0),
	gsSP1Triangle(7, 9, 9, 0),
	gsSP1Triangle(9, 5, 7, 0),
	gsSP1Triangle(10, 11, 12, 0),
	gsSP1Triangle(10, 12, 13, 0),
	gsSP1Triangle(10, 13, 14, 0),
	gsSP1Triangle(10, 14, 15, 0),
	gsSPVertex(maple_treewway_dl_Main_mesh_layer_1_vtx_3 + 400, 15, 0),
	gsSP1Triangle(0, 1, 2, 0),
	gsSP1Triangle(0, 2, 3, 0),
	gsSP1Triangle(4, 5, 6, 0),
	gsSP1Triangle(6, 7, 4, 0),
	gsSP1Triangle(6, 8, 7, 0),
	gsSP1Triangle(9, 10, 11, 0),
	gsSP1Triangle(9, 11, 12, 0),
	gsSP1Triangle(13, 9, 12, 0),
	gsSP1Triangle(13, 12, 14, 0),
	gsSPVertex(maple_treewway_dl_Main_mesh_layer_1_vtx_3 + 415, 16, 0),
	gsSP1Triangle(0, 1, 2, 0),
	gsSP1Triangle(0, 2, 3, 0),
	gsSP1Triangle(4, 5, 6, 0),
	gsSP1Triangle(6, 7, 4, 0),
	gsSP1Triangle(7, 8, 4, 0),
	gsSP1Triangle(9, 10, 11, 0),
	gsSP1Triangle(9, 12, 10, 0),
	gsSP1Triangle(10, 12, 13, 0),
	gsSP1Triangle(10, 13, 14, 0),
	gsSP1Triangle(14, 13, 15, 0),
	gsSPVertex(maple_treewway_dl_Main_mesh_layer_1_vtx_3 + 431, 16, 0),
	gsSP1Triangle(0, 1, 2, 0),
	gsSP1Triangle(3, 4, 5, 0),
	gsSP1Triangle(3, 5, 6, 0),
	gsSP1Triangle(7, 3, 6, 0),
	gsSP1Triangle(7, 6, 8, 0),
	gsSP1Triangle(7, 8, 9, 0),
	gsSP1Triangle(7, 9, 10, 0),
	gsSP1Triangle(11, 12, 13, 0),
	gsSP1Triangle(11, 13, 14, 0),
	gsSP1Triangle(14, 15, 11, 0),
	gsSPVertex(maple_treewway_dl_Main_mesh_layer_1_vtx_3 + 447, 15, 0),
	gsSP1Triangle(0, 1, 2, 0),
	gsSP1Triangle(2, 3, 0, 0),
	gsSP1Triangle(2, 4, 3, 0),
	gsSP1Triangle(5, 6, 7, 0),
	gsSP1Triangle(5, 7, 8, 0),
	gsSP1Triangle(9, 7, 10, 0),
	gsSP1Triangle(9, 10, 11, 0),
	gsSP1Triangle(12, 10, 13, 0),
	gsSP1Triangle(12, 13, 14, 0),
	gsSPVertex(maple_treewway_dl_Main_mesh_layer_1_vtx_3 + 462, 16, 0),
	gsSP1Triangle(0, 1, 2, 0),
	gsSP1Triangle(0, 2, 3, 0),
	gsSP1Triangle(4, 2, 5, 0),
	gsSP1Triangle(4, 5, 6, 0),
	gsSP1Triangle(7, 5, 8, 0),
	gsSP1Triangle(7, 8, 9, 0),
	gsSP1Triangle(10, 8, 11, 0),
	gsSP1Triangle(10, 11, 12, 0),
	gsSP1Triangle(13, 14, 15, 0),
	gsSPVertex(maple_treewway_dl_Main_mesh_layer_1_vtx_3 + 478, 16, 0),
	gsSP1Triangle(0, 1, 2, 0),
	gsSP1Triangle(0, 3, 1, 0),
	gsSP1Triangle(4, 5, 6, 0),
	gsSP1Triangle(6, 7, 4, 0),
	gsSP1Triangle(6, 8, 7, 0),
	gsSP1Triangle(9, 10, 11, 0),
	gsSP1Triangle(9, 11, 12, 0),
	gsSP1Triangle(13, 14, 15, 0),
	gsSPVertex(maple_treewway_dl_Main_mesh_layer_1_vtx_3 + 494, 15, 0),
	gsSP1Triangle(0, 1, 2, 0),
	gsSP1Triangle(3, 4, 5, 0),
	gsSP1Triangle(3, 5, 6, 0),
	gsSP1Triangle(7, 8, 9, 0),
	gsSP1Triangle(7, 9, 10, 0),
	gsSP1Triangle(11, 12, 13, 0),
	gsSP1Triangle(11, 13, 14, 0),
	gsSPVertex(maple_treewway_dl_Main_mesh_layer_1_vtx_3 + 509, 16, 0),
	gsSP1Triangle(0, 1, 2, 0),
	gsSP1Triangle(0, 2, 3, 0),
	gsSP1Triangle(4, 5, 6, 0),
	gsSP1Triangle(4, 6, 7, 0),
	gsSP1Triangle(8, 9, 10, 0),
	gsSP1Triangle(8, 10, 11, 0),
	gsSP1Triangle(12, 13, 14, 0),
	gsSP1Triangle(15, 12, 14, 0),
	gsSPVertex(maple_treewway_dl_Main_mesh_layer_1_vtx_3 + 525, 16, 0),
	gsSP1Triangle(0, 1, 2, 0),
	gsSP1Triangle(0, 3, 1, 0),
	gsSP1Triangle(4, 5, 6, 0),
	gsSP1Triangle(6, 7, 4, 0),
	gsSP1Triangle(7, 8, 4, 0),
	gsSP1Triangle(9, 10, 11, 0),
	gsSP1Triangle(9, 11, 12, 0),
	gsSP1Triangle(13, 14, 15, 0),
	gsSPVertex(maple_treewway_dl_Main_mesh_layer_1_vtx_3 + 541, 15, 0),
	gsSP1Triangle(0, 1, 2, 0),
	gsSP1Triangle(0, 3, 1, 0),
	gsSP1Triangle(4, 5, 6, 0),
	gsSP1Triangle(4, 6, 7, 0),
	gsSP1Triangle(8, 9, 10, 0),
	gsSP1Triangle(8, 10, 11, 0),
	gsSP1Triangle(12, 13, 7, 0),
	gsSP1Triangle(12, 7, 14, 0),
	gsSPVertex(maple_treewway_dl_Main_mesh_layer_1_vtx_3 + 556, 14, 0),
	gsSP1Triangle(0, 1, 2, 0),
	gsSP1Triangle(2, 3, 0, 0),
	gsSP1Triangle(2, 4, 3, 0),
	gsSP1Triangle(5, 6, 7, 0),
	gsSP1Triangle(7, 8, 5, 0),
	gsSP1Triangle(8, 9, 5, 0),
	gsSP1Triangle(10, 11, 12, 0),
	gsSP1Triangle(10, 12, 13, 0),
	gsSPVertex(maple_treewway_dl_Main_mesh_layer_1_vtx_3 + 570, 16, 0),
	gsSP1Triangle(0, 1, 2, 0),
	gsSP1Triangle(0, 2, 3, 0),
	gsSP1Triangle(4, 5, 6, 0),
	gsSP1Triangle(4, 6, 7, 0),
	gsSP1Triangle(8, 9, 10, 0),
	gsSP1Triangle(8, 10, 11, 0),
	gsSP1Triangle(12, 13, 14, 0),
	gsSP1Triangle(12, 14, 15, 0),
	gsSPVertex(maple_treewway_dl_Main_mesh_layer_1_vtx_3 + 586, 16, 0),
	gsSP1Triangle(0, 1, 2, 0),
	gsSP1Triangle(0, 2, 3, 0),
	gsSP1Triangle(4, 5, 6, 0),
	gsSP1Triangle(4, 6, 7, 0),
	gsSP1Triangle(8, 9, 10, 0),
	gsSP1Triangle(10, 11, 8, 0),
	gsSP1Triangle(10, 12, 11, 0),
	gsSP1Triangle(13, 14, 15, 0),
	gsSPVertex(maple_treewway_dl_Main_mesh_layer_1_vtx_3 + 602, 16, 0),
	gsSP1Triangle(0, 1, 2, 0),
	gsSP1Triangle(3, 4, 5, 0),
	gsSP1Triangle(3, 5, 6, 0),
	gsSP1Triangle(7, 8, 4, 0),
	gsSP1Triangle(7, 4, 9, 0),
	gsSP1Triangle(10, 11, 12, 0),
	gsSP1Triangle(10, 12, 7, 0),
	gsSP1Triangle(13, 14, 15, 0),
	gsSPVertex(maple_treewway_dl_Main_mesh_layer_1_vtx_3 + 618, 16, 0),
	gsSP1Triangle(0, 1, 2, 0),
	gsSP1Triangle(3, 4, 5, 0),
	gsSP1Triangle(3, 5, 6, 0),
	gsSP1Triangle(7, 8, 9, 0),
	gsSP1Triangle(7, 9, 10, 0),
	gsSP1Triangle(11, 12, 13, 0),
	gsSP1Triangle(11, 13, 14, 0),
	gsSP1Triangle(14, 13, 15, 0),
	gsSPVertex(maple_treewway_dl_Main_mesh_layer_1_vtx_3 + 634, 15, 0),
	gsSP1Triangle(0, 1, 2, 0),
	gsSP1Triangle(3, 4, 5, 0),
	gsSP1Triangle(3, 5, 6, 0),
	gsSP1Triangle(7, 8, 9, 0),
	gsSP1Triangle(7, 9, 10, 0),
	gsSP1Triangle(11, 12, 13, 0),
	gsSP1Triangle(11, 13, 14, 0),
	gsSPVertex(maple_treewway_dl_Main_mesh_layer_1_vtx_3 + 649, 16, 0),
	gsSP1Triangle(0, 1, 2, 0),
	gsSP1Triangle(0, 2, 3, 0),
	gsSP1Triangle(4, 5, 6, 0),
	gsSP1Triangle(4, 6, 7, 0),
	gsSP1Triangle(8, 9, 10, 0),
	gsSP1Triangle(8, 10, 4, 0),
	gsSP1Triangle(11, 12, 13, 0),
	gsSP1Triangle(13, 14, 11, 0),
	gsSP1Triangle(13, 15, 14, 0),
	gsSPVertex(maple_treewway_dl_Main_mesh_layer_1_vtx_3 + 665, 14, 0),
	gsSP1Triangle(0, 1, 2, 0),
	gsSP1Triangle(2, 3, 0, 0),
	gsSP1Triangle(2, 4, 3, 0),
	gsSP1Triangle(5, 6, 7, 0),
	gsSP1Triangle(7, 8, 5, 0),
	gsSP1Triangle(7, 9, 8, 0),
	gsSP1Triangle(10, 11, 12, 0),
	gsSP1Triangle(10, 12, 13, 0),
	gsSPVertex(maple_treewway_dl_Main_mesh_layer_1_vtx_3 + 679, 14, 0),
	gsSP1Triangle(0, 1, 2, 0),
	gsSP1Triangle(0, 2, 3, 0),
	gsSP1Triangle(4, 5, 6, 0),
	gsSP1Triangle(4, 6, 0, 0),
	gsSP1Triangle(7, 8, 9, 0),
	gsSP1Triangle(7, 9, 10, 0),
	gsSP1Triangle(11, 12, 13, 0),
	gsSP1Triangle(11, 13, 7, 0),
	gsSPVertex(maple_treewway_dl_Main_mesh_layer_1_vtx_3 + 693, 15, 0),
	gsSP1Triangle(0, 1, 2, 0),
	gsSP1Triangle(0, 2, 3, 0),
	gsSP1Triangle(4, 5, 6, 0),
	gsSP1Triangle(4, 6, 0, 0),
	gsSP1Triangle(7, 8, 9, 0),
	gsSP1Triangle(7, 9, 10, 0),
	gsSP1Triangle(11, 12, 13, 0),
	gsSP1Triangle(11, 13, 14, 0),
	gsSPVertex(maple_treewway_dl_Main_mesh_layer_1_vtx_3 + 708, 16, 0),
	gsSP1Triangle(0, 1, 2, 0),
	gsSP1Triangle(0, 2, 3, 0),
	gsSP1Triangle(4, 5, 6, 0),
	gsSP1Triangle(6, 7, 4, 0),
	gsSP1Triangle(7, 7, 4, 0),
	gsSP1Triangle(8, 9, 10, 0),
	gsSP1Triangle(8, 10, 11, 0),
	gsSP1Triangle(8, 11, 12, 0),
	gsSP1Triangle(11, 13, 12, 0),
	gsSP1Triangle(12, 14, 8, 0),
	gsSP1Triangle(12, 15, 14, 0),
	gsSPVertex(maple_treewway_dl_Main_mesh_layer_1_vtx_3 + 724, 14, 0),
	gsSP1Triangle(0, 1, 2, 0),
	gsSP1Triangle(3, 4, 5, 0),
	gsSP1Triangle(5, 6, 3, 0),
	gsSP1Triangle(6, 7, 3, 0),
	gsSP1Triangle(8, 9, 10, 0),
	gsSP1Triangle(8, 10, 11, 0),
	gsSP1Triangle(11, 10, 12, 0),
	gsSP1Triangle(11, 12, 13, 0),
	gsSPVertex(maple_treewway_dl_Main_mesh_layer_1_vtx_3 + 738, 16, 0),
	gsSP1Triangle(0, 1, 2, 0),
	gsSP1Triangle(0, 2, 3, 0),
	gsSP1Triangle(3, 2, 4, 0),
	gsSP1Triangle(3, 4, 5, 0),
	gsSP1Triangle(6, 7, 8, 0),
	gsSP1Triangle(6, 8, 9, 0),
	gsSP1Triangle(9, 8, 10, 0),
	gsSP1Triangle(9, 10, 11, 0),
	gsSP1Triangle(12, 13, 14, 0),
	gsSP1Triangle(12, 14, 15, 0),
	gsSPVertex(maple_treewway_dl_Main_mesh_layer_1_vtx_3 + 754, 16, 0),
	gsSP1Triangle(0, 1, 2, 0),
	gsSP1Triangle(0, 2, 3, 0),
	gsSP1Triangle(4, 5, 6, 0),
	gsSP1Triangle(4, 6, 7, 0),
	gsSP1Triangle(8, 9, 10, 0),
	gsSP1Triangle(10, 11, 8, 0),
	gsSP1Triangle(10, 12, 11, 0),
	gsSP1Triangle(12, 13, 14, 0),
	gsSP1Triangle(12, 14, 15, 0),
	gsSPVertex(maple_treewway_dl_Main_mesh_layer_1_vtx_3 + 770, 16, 0),
	gsSP1Triangle(0, 1, 2, 0),
	gsSP1Triangle(0, 2, 3, 0),
	gsSP1Triangle(4, 5, 6, 0),
	gsSP1Triangle(4, 6, 7, 0),
	gsSP1Triangle(8, 9, 10, 0),
	gsSP1Triangle(8, 10, 11, 0),
	gsSP1Triangle(12, 13, 14, 0),
	gsSP1Triangle(12, 14, 15, 0),
	gsSPVertex(maple_treewway_dl_Main_mesh_layer_1_vtx_3 + 786, 16, 0),
	gsSP1Triangle(0, 1, 2, 0),
	gsSP1Triangle(0, 2, 3, 0),
	gsSP1Triangle(4, 5, 6, 0),
	gsSP1Triangle(4, 6, 7, 0),
	gsSP1Triangle(8, 9, 10, 0),
	gsSP1Triangle(8, 10, 11, 0),
	gsSP1Triangle(12, 13, 14, 0),
	gsSP1Triangle(13, 15, 14, 0),
	gsSPVertex(maple_treewway_dl_Main_mesh_layer_1_vtx_3 + 802, 15, 0),
	gsSP1Triangle(0, 1, 2, 0),
	gsSP1Triangle(0, 2, 3, 0),
	gsSP1Triangle(4, 5, 6, 0),
	gsSP1Triangle(4, 6, 7, 0),
	gsSP1Triangle(8, 4, 9, 0),
	gsSP1Triangle(8, 9, 10, 0),
	gsSP1Triangle(11, 12, 13, 0),
	gsSP1Triangle(11, 13, 14, 0),
	gsSPVertex(maple_treewway_dl_Main_mesh_layer_1_vtx_3 + 817, 12, 0),
	gsSP1Triangle(0, 1, 2, 0),
	gsSP1Triangle(0, 2, 3, 0),
	gsSP1Triangle(4, 5, 6, 0),
	gsSP1Triangle(4, 6, 7, 0),
	gsSP1Triangle(8, 9, 10, 0),
	gsSP1Triangle(8, 10, 11, 0),
	gsSPEndDisplayList(),
};

Vtx maple_treewway_dl_Main_mesh_layer_1_vtx_4[248] = {
	{{ {930, 199, -4964}, 0, {-574, 1148}, {190, 157, 99, 252} }},
	{{ {1331, 197, -4964}, 0, {362, 1148}, {252, 245, 251, 255} }},
	{{ {1331, 760, -6005}, 0, {362, -1281}, {255, 248, 255, 255} }},
	{{ {930, 760, -6005}, 0, {-574, -1281}, {190, 157, 99, 255} }},
	{{ {1331, 760, -6740}, 0, {362, -2997}, {255, 248, 255, 255} }},
	{{ {930, 760, -6740}, 0, {-574, -2997}, {249, 247, 247, 141} }},
	{{ {2738, 812, -6005}, 0, {1504, -235}, {255, 255, 255, 0} }},
	{{ {2888, 940, -3814}, 0, {-4482, -584}, {198, 183, 131, 2} }},
	{{ {2888, 770, -3814}, 0, {-4482, -120}, {193, 162, 119, 176} }},
	{{ {2738, 643, -6005}, 0, {1504, 229}, {255, 255, 255, 254} }},
	{{ {2307, 764, -7418}, 0, {5363, -104}, {255, 255, 255, 0} }},
	{{ {2738, 812, -6005}, 0, {1504, -235}, {255, 255, 255, 0} }},
	{{ {2738, 643, -6005}, 0, {1504, 229}, {255, 255, 255, 255} }},
	{{ {2307, 595, -7418}, 0, {5363, 359}, {255, 255, 255, 255} }},
	{{ {3061, 643, -6005}, 0, {1504, 229}, {255, 255, 255, 254} }},
	{{ {3212, 770, -3814}, 0, {-4482, -120}, {194, 164, 126, 164} }},
	{{ {3212, 940, -3814}, 0, {-4482, -584}, {198, 181, 125, 0} }},
	{{ {3061, 812, -6005}, 0, {1504, -235}, {255, 255, 255, 0} }},
	{{ {2630, 733, -7418}, 0, {5363, -19}, {255, 255, 255, 0} }},
	{{ {2630, 595, -7418}, 0, {5363, 359}, {255, 255, 255, 96} }},
	{{ {3061, 643, -6005}, 0, {1504, 229}, {255, 255, 255, 255} }},
	{{ {2643, 766, -7375}, 0, {5247, -108}, {255, 255, 255, 0} }},
	{{ {3061, 812, -6005}, 0, {1504, -235}, {255, 255, 255, 0} }},
	{{ {3212, 770, -3814}, 0, {1008, 707}, {194, 164, 126, 164} }},
	{{ {2888, 770, -3814}, 0, {-16, 707}, {193, 162, 119, 176} }},
	{{ {2888, 940, -3814}, 0, {-16, 169}, {202, 190, 136, 2} }},
	{{ {3212, 940, -3814}, 0, {1008, 169}, {215, 199, 131, 0} }},
	{{ {2888, 940, -3814}, 0, {-195, -2009}, {201, 186, 137, 5} }},
	{{ {2199, 903, -3157}, 0, {-1596, -400}, {80, 70, 44, 255} }},
	{{ {2556, 978, -2936}, 0, {-715, 145}, {250, 250, 250, 255} }},
	{{ {2888, 940, -3814}, 0, {-195, -2009}, {201, 186, 137, 5} }},
	{{ {2556, 978, -2936}, 0, {-715, 145}, {250, 250, 250, 255} }},
	{{ {2882, 978, -3302}, 0, {96, -750}, {255, 255, 255, 255} }},
	{{ {3212, 940, -3814}, 0, {1215, -2009}, {212, 194, 131, 0} }},
	{{ {2888, 940, -3814}, 0, {-208, -2009}, {200, 185, 135, 2} }},
	{{ {2882, 978, -3302}, 0, {90, -750}, {255, 255, 255, 250} }},
	{{ {3218, 978, -3302}, 0, {918, -757}, {254, 255, 255, 250} }},
	{{ {3050, 903, -1739}, 0, {503, 3098}, {117, 114, 111, 255} }},
	{{ {3901, 903, -2280}, 0, {2603, 1765}, {118, 102, 65, 255} }},
	{{ {3544, 978, -2448}, 0, {1722, 1350}, {249, 252, 255, 255} }},
	{{ {3050, 978, -2147}, 0, {503, 2091}, {255, 255, 255, 255} }},
	{{ {3544, 978, -2936}, 0, {1722, 145}, {249, 252, 255, 255} }},
	{{ {2556, 978, -2936}, 0, {-715, 145}, {250, 250, 250, 255} }},
	{{ {3218, 978, -3302}, 0, {918, -757}, {254, 255, 255, 255} }},
	{{ {2882, 978, -3302}, 0, {94, -747}, {255, 255, 255, 255} }},
	{{ {2556, 978, -2448}, 0, {-715, 1350}, {255, 255, 255, 255} }},
	{{ {2199, 903, -3157}, 0, {-1596, -400}, {80, 70, 44, 255} }},
	{{ {2556, 978, -2448}, 0, {-715, 1350}, {255, 255, 255, 255} }},
	{{ {2556, 978, -2936}, 0, {-715, 145}, {250, 250, 250, 255} }},
	{{ {2199, 903, -2280}, 0, {-1596, 1765}, {87, 80, 68, 255} }},
	{{ {3050, 978, -2147}, 0, {503, 2091}, {255, 255, 255, 255} }},
	{{ {3050, 903, -1739}, 0, {503, 3098}, {117, 114, 111, 255} }},
	{{ {3901, 903, -3157}, 0, {2603, -400}, {164, 163, 163, 255} }},
	{{ {3212, 940, -3814}, 0, {1202, -2010}, {213, 194, 132, 0} }},
	{{ {3218, 978, -3302}, 0, {918, -757}, {254, 255, 255, 255} }},
	{{ {3544, 978, -2936}, 0, {1722, 145}, {249, 252, 255, 255} }},
	{{ {3901, 903, -2280}, 0, {2603, 1765}, {118, 102, 65, 255} }},
	{{ {3544, 978, -2936}, 0, {1722, 145}, {249, 252, 255, 255} }},
	{{ {3544, 978, -2448}, 0, {1722, 1350}, {249, 252, 255, 255} }},
	{{ {2307, 595, -7418}, 0, {244, -967}, {255, 255, 255, 255} }},
	{{ {2630, 595, -7418}, 0, {1047, -967}, {255, 255, 255, 96} }},
	{{ {2630, -496, -7418}, 0, {1047, 1742}, {255, 255, 255, 255} }},
	{{ {2307, 595, -7418}, 0, {244, -967}, {255, 255, 255, 255} }},
	{{ {2630, -496, -7418}, 0, {1047, 1742}, {255, 255, 255, 255} }},
	{{ {2307, -496, -7418}, 0, {244, 1742}, {255, 255, 255, 255} }},
	{{ {3734, -496, -9741}, 0, {7154, -3861}, {255, 255, 255, 255} }},
	{{ {3168, -496, -10195}, 0, {5608, -3861}, {255, 255, 255, 255} }},
	{{ {3168, -496, -10195}, 0, {5608, -3861}, {255, 255, 255, 255} }},
	{{ {2630, -496, -7418}, 0, {4895, -3861}, {255, 255, 255, 255} }},
	{{ {3627, -496, -8438}, 0, {5653, -3861}, {255, 255, 255, 255} }},
	{{ {3627, -496, -8438}, 0, {5653, -3861}, {255, 255, 255, 255} }},
	{{ {2137, -496, -9654}, 0, {4140, -3861}, {255, 255, 255, 255} }},
	{{ {1871, -496, -9000}, 0, {3045, -3861}, {255, 255, 255, 255} }},
	{{ {1871, -496, -9000}, 0, {3045, -3861}, {255, 255, 255, 255} }},
	{{ {1871, -496, -7907}, 0, {-4896, -20775}, {255, 255, 255, 255} }},
	{{ {2307, -496, -7418}, 0, {-3663, -20755}, {255, 255, 255, 255} }},
	{{ {2307, -496, -7418}, 0, {-3663, -20755}, {255, 255, 255, 255} }},
	{{ {2137, -496, -9654}, 0, {2683, 1742}, {255, 255, 255, 255} }},
	{{ {2137, -43, -9654}, 0, {2683, 617}, {254, 254, 254, 255} }},
	{{ {1871, -43, -9000}, 0, {1059, 617}, {255, 255, 255, 255} }},
	{{ {1871, -496, -9000}, 0, {1059, 1742}, {255, 255, 255, 255} }},
	{{ {3168, -496, -10195}, 0, {2383, 1742}, {255, 255, 255, 255} }},
	{{ {3168, -43, -10195}, 0, {2383, 617}, {255, 255, 255, 255} }},
	{{ {2553, -43, -10033}, 0, {854, 617}, {255, 255, 255, 255} }},
	{{ {2553, -496, -10033}, 0, {854, 1742}, {255, 255, 255, 255} }},
	{{ {3734, -496, -9741}, 0, {3788, 1742}, {255, 255, 255, 255} }},
	{{ {3734, -43, -9741}, 0, {3788, 617}, {255, 255, 255, 255} }},
	{{ {3168, -43, -10195}, 0, {2383, 617}, {255, 255, 255, 255} }},
	{{ {3928, -496, -9252}, 0, {1684, 1742}, {255, 255, 255, 255} }},
	{{ {3928, -43, -9252}, 0, {1684, 617}, {255, 255, 255, 255} }},
	{{ {3734, -43, -9741}, 0, {2899, 617}, {255, 255, 255, 255} }},
	{{ {3734, -496, -9741}, 0, {2899, 1742}, {255, 255, 255, 255} }},
	{{ {3627, -496, -8438}, 0, {-338, 1742}, {255, 255, 255, 255} }},
	{{ {3627, -43, -8438}, 0, {-338, 617}, {255, 255, 255, 255} }},
	{{ {3928, -43, -9252}, 0, {1684, 617}, {255, 255, 255, 255} }},
	{{ {3928, -496, -9252}, 0, {1684, 1742}, {255, 255, 255, 255} }},
	{{ {3627, -43, -8438}, 0, {-338, 617}, {255, 255, 255, 255} }},
	{{ {3627, -496, -8438}, 0, {-338, 1742}, {255, 255, 255, 255} }},
	{{ {2630, -496, -7418}, 0, {-2873, 1742}, {255, 255, 255, 255} }},
	{{ {2630, -43, -7418}, 0, {-2873, 617}, {190, 157, 99, 255} }},
	{{ {2307, -496, -7418}, 0, {-2873, 1742}, {255, 255, 255, 255} }},
	{{ {1871, -496, -7907}, 0, {-1658, 1742}, {255, 255, 255, 255} }},
	{{ {1871, -43, -7907}, 0, {-1658, 617}, {190, 157, 99, 255} }},
	{{ {2307, -43, -7418}, 0, {-2873, 617}, {196, 170, 140, 255} }},
	{{ {1871, -496, -8578}, 0, {10, 1742}, {255, 255, 255, 255} }},
	{{ {1871, -43, -8578}, 0, {10, 617}, {194, 166, 130, 255} }},
	{{ {1871, -43, -7907}, 0, {-1658, 617}, {190, 157, 99, 255} }},
	{{ {1871, -496, -7907}, 0, {-1658, 1742}, {255, 255, 255, 255} }},
	{{ {2553, -496, -10033}, 0, {854, 1742}, {255, 255, 255, 255} }},
	{{ {2553, -43, -10033}, 0, {854, 617}, {255, 255, 255, 255} }},
	{{ {2137, -43, -9654}, 0, {-177, 617}, {254, 254, 254, 255} }},
	{{ {2137, -496, -9654}, 0, {-177, 1742}, {255, 255, 255, 255} }},
	{{ {1383, -496, -9000}, 0, {-3179, -8596}, {255, 255, 255, 140} }},
	{{ {1383, -494, -8578}, 0, {-3184, -7407}, {255, 255, 255, 139} }},
	{{ {1419, -575, -8644}, 0, {-2792, -7629}, {255, 255, 255, 133} }},
	{{ {1419, -576, -8965}, 0, {-2792, -8484}, {255, 255, 255, 133} }},
	{{ {1871, -496, -9000}, 0, {-1590, -8577}, {255, 255, 255, 0} }},
	{{ {1383, -496, -9000}, 0, {-3179, -8596}, {255, 255, 255, 142} }},
	{{ {1419, -576, -8965}, 0, {-2792, -8484}, {255, 255, 255, 135} }},
	{{ {1895, -575, -8965}, 0, {-1525, -8484}, {255, 255, 255, 0} }},
	{{ {3627, -496, -8438}, 0, {3077, -7083}, {255, 255, 255, 255} }},
	{{ {3928, -496, -9252}, 0, {3877, -9246}, {255, 255, 255, 255} }},
	{{ {3568, -575, -9157}, 0, {2919, -8994}, {255, 255, 255, 255} }},
	{{ {3339, -575, -8537}, 0, {2310, -7345}, {255, 255, 255, 255} }},
	{{ {1383, -494, -8578}, 0, {-2792, -7629}, {255, 255, 255, 142} }},
	{{ {1871, -496, -8578}, 0, {-1525, -7629}, {255, 255, 255, 0} }},
	{{ {1895, -575, -8644}, 0, {-1590, -7456}, {255, 255, 255, 0} }},
	{{ {1419, -575, -8644}, 0, {-3184, -7407}, {255, 255, 255, 134} }},
	{{ {3928, -496, -9252}, 0, {6815, -3861}, {255, 255, 255, 255} }},
	{{ {3734, -496, -9741}, 0, {7069, -3861}, {255, 255, 255, 255} }},
	{{ {3734, -496, -9741}, 0, {7069, -3861}, {255, 255, 255, 255} }},
	{{ {2553, -496, -10033}, 0, {4887, -3861}, {255, 255, 255, 255} }},
	{{ {2137, -496, -9654}, 0, {4038, -3861}, {255, 255, 255, 255} }},
	{{ {2137, -496, -9654}, 0, {4038, -3861}, {255, 255, 255, 255} }},
	{{ {1871, -496, -8578}, 0, {-6853, -21691}, {255, 255, 255, 255} }},
	{{ {1871, -496, -7907}, 0, {-6853, -21691}, {255, 255, 255, 255} }},
	{{ {1871, -496, -7907}, 0, {-6853, -21691}, {255, 255, 255, 255} }},
	{{ {3627, -496, -8438}, 0, {6360, -3861}, {255, 255, 255, 255} }},
	{{ {3928, -496, -9252}, 0, {7425, -3861}, {255, 255, 255, 255} }},
	{{ {3928, -496, -9252}, 0, {7425, -3861}, {255, 255, 255, 255} }},
	{{ {2307, -496, -7418}, 0, {-455, -4472}, {255, 255, 255, 255} }},
	{{ {2630, -496, -7418}, 0, {428, -4472}, {255, 255, 255, 255} }},
	{{ {2630, -496, -7418}, 0, {428, -4472}, {255, 255, 255, 255} }},
	{{ {3168, -496, -10195}, 0, {6446, -3861}, {255, 255, 255, 255} }},
	{{ {2553, -496, -10033}, 0, {4728, -3861}, {255, 255, 255, 255} }},
	{{ {2553, -496, -10033}, 0, {4728, -3861}, {255, 255, 255, 255} }},
	{{ {2000, -575, -8132}, 0, {-1247, -6269}, {255, 255, 255, 255} }},
	{{ {3339, -575, -8537}, 0, {2310, -7345}, {255, 255, 255, 255} }},
	{{ {3568, -575, -9157}, 0, {2919, -8994}, {255, 255, 255, 255} }},
	{{ {1895, -575, -8644}, 0, {-1525, -7629}, {255, 255, 255, 255} }},
	{{ {1895, -575, -8644}, 0, {-1525, -7629}, {255, 255, 255, 255} }},
	{{ {3420, -575, -9530}, 0, {2526, -9984}, {255, 255, 255, 120} }},
	{{ {1895, -575, -8965}, 0, {-1525, -8484}, {255, 255, 255, 255} }},
	{{ {2203, -575, -9464}, 0, {-707, -9808}, {255, 255, 255, 18} }},
	{{ {1895, -575, -8965}, 0, {-1525, -8484}, {255, 255, 255, 255} }},
	{{ {2519, -575, -9752}, 0, {134, -10575}, {255, 255, 255, 255} }},
	{{ {3420, -575, -9530}, 0, {2526, -9984}, {255, 255, 255, 120} }},
	{{ {2989, -575, -9876}, 0, {1381, -10903}, {255, 255, 255, 255} }},
	{{ {2519, -575, -9752}, 0, {134, -10575}, {255, 255, 255, 255} }},
	{{ {1895, -575, -8644}, 0, {-1525, -7629}, {255, 255, 255, 0} }},
	{{ {1895, -575, -8965}, 0, {-1525, -8484}, {255, 255, 255, 0} }},
	{{ {1419, -576, -8965}, 0, {-2792, -8484}, {255, 255, 255, 131} }},
	{{ {1419, -575, -8644}, 0, {-2792, -7629}, {255, 255, 255, 131} }},
	{{ {3928, -496, -9252}, 0, {3877, -9246}, {255, 255, 255, 255} }},
	{{ {3734, -496, -9741}, 0, {3360, -10546}, {255, 255, 255, 255} }},
	{{ {3420, -575, -9530}, 0, {2526, -9984}, {255, 255, 255, 120} }},
	{{ {3568, -575, -9157}, 0, {2919, -8994}, {255, 255, 255, 255} }},
	{{ {2553, -496, -10033}, 0, {222, -11321}, {255, 255, 255, 255} }},
	{{ {2137, -496, -9654}, 0, {-881, -10315}, {255, 255, 255, 255} }},
	{{ {2203, -575, -9464}, 0, {-707, -9808}, {255, 255, 255, 18} }},
	{{ {2519, -575, -9752}, 0, {134, -10575}, {255, 255, 255, 255} }},
	{{ {3168, -496, -10195}, 0, {1858, -11751}, {255, 255, 255, 255} }},
	{{ {2553, -496, -10033}, 0, {222, -11321}, {255, 255, 255, 255} }},
	{{ {2519, -575, -9752}, 0, {134, -10575}, {255, 255, 255, 255} }},
	{{ {2989, -575, -9876}, 0, {1381, -10903}, {255, 255, 255, 255} }},
	{{ {2137, -496, -9654}, 0, {-881, -10315}, {255, 255, 255, 255} }},
	{{ {1871, -496, -9000}, 0, {-1590, -8577}, {255, 255, 255, 255} }},
	{{ {1895, -575, -8965}, 0, {-1525, -8484}, {255, 255, 255, 255} }},
	{{ {2203, -575, -9464}, 0, {-707, -9808}, {255, 255, 255, 18} }},
	{{ {3734, -496, -9741}, 0, {3360, -10546}, {255, 255, 255, 255} }},
	{{ {2989, -575, -9876}, 0, {1381, -10903}, {255, 255, 255, 255} }},
	{{ {3420, -575, -9530}, 0, {2526, -9984}, {255, 255, 255, 120} }},
	{{ {1871, -496, -8578}, 0, {-1590, -7456}, {255, 255, 255, 255} }},
	{{ {1871, -496, -7907}, 0, {-1590, -5671}, {255, 255, 255, 255} }},
	{{ {2000, -575, -8132}, 0, {-1247, -6269}, {255, 255, 255, 255} }},
	{{ {1895, -575, -8644}, 0, {-1525, -7629}, {255, 255, 255, 255} }},
	{{ {1871, -43, -8578}, 0, {-840, 617}, {194, 166, 130, 255} }},
	{{ {1871, -496, -8578}, 0, {-840, 1742}, {255, 255, 255, 0} }},
	{{ {1383, -494, -8578}, 0, {-2052, 1737}, {255, 255, 255, 81} }},
	{{ {1383, -43, -8578}, 0, {-2052, 617}, {190, 157, 99, 255} }},
	{{ {1383, -43, -9000}, 0, {1059, 617}, {194, 166, 130, 255} }},
	{{ {1383, -43, -8578}, 0, {10, 617}, {190, 157, 99, 255} }},
	{{ {1383, -494, -8578}, 0, {10, 1737}, {255, 255, 255, 92} }},
	{{ {1383, -496, -9000}, 0, {1059, 1742}, {255, 255, 255, 90} }},
	{{ {1871, -43, -9000}, 0, {-840, 617}, {255, 255, 255, 255} }},
	{{ {1383, -43, -9000}, 0, {-2052, 617}, {194, 166, 130, 255} }},
	{{ {1383, -496, -9000}, 0, {-2052, 1742}, {255, 255, 255, 98} }},
	{{ {1871, -496, -9000}, 0, {-840, 1742}, {255, 255, 255, 0} }},
	{{ {1712, 1898, -10930}, 0, {-16, 838}, {255, 255, 255, 0} }},
	{{ {2053, 1900, -10930}, 0, {1008, 838}, {255, 255, 255, 0} }},
	{{ {2053, 1900, -11158}, 0, {1008, 154}, {255, 255, 255, 0} }},
	{{ {1712, 1898, -11158}, 0, {-16, 154}, {255, 255, 255, 0} }},
	{{ {1082, 3070, -10288}, 0, {3022, 173}, {255, 246, 250, 0} }},
	{{ {1082, 3070, -10639}, 0, {3022, -919}, {255, 246, 250, 0} }},
	{{ {1082, 3070, -11056}, 0, {3022, -2213}, {255, 246, 250, 0} }},
	{{ {1082, 3070, -10705}, 0, {3022, -1121}, {255, 246, 250, 0} }},
	{{ {-777, 3070, -10930}, 0, {3837, 1590}, {254, 246, 249, 0} }},
	{{ {-777, 3012, -10639}, 0, {2936, 1771}, {246, 237, 239, 224} }},
	{{ {-777, 3070, -11056}, 0, {4230, 1590}, {255, 246, 250, 0} }},
	{{ {-777, 3070, -11346}, 0, {5131, 1590}, {255, 246, 250, 0} }},
	{{ {-777, 3012, -9882}, 0, {76, -233}, {197, 181, 177, 255} }},
	{{ {-777, 3070, -9614}, 0, {-630, -387}, {255, 234, 253, 188} }},
	{{ {-777, 3070, -9614}, 0, {-630, -387}, {255, 234, 253, 188} }},
	{{ {-777, 3070, -9882}, 0, {76, -387}, {255, 234, 253, 234} }},
	{{ {-117, 3012, -9614}, 0, {-702, 2268}, {253, 248, 250, 251} }},
	{{ {202, 3012, -9614}, 0, {287, 2268}, {248, 240, 242, 255} }},
	{{ {202, 3012, -10705}, 0, {287, -1121}, {255, 246, 250, 255} }},
	{{ {-117, 3012, -10705}, 0, {-702, -1121}, {255, 246, 250, 255} }},
	{{ {-479, 3012, -9882}, 0, {-1830, 1433}, {228, 219, 218, 252} }},
	{{ {-117, 3012, -9882}, 0, {-702, 1433}, {254, 253, 253, 255} }},
	{{ {-117, 3012, -11056}, 0, {-702, -2213}, {255, 246, 250, 255} }},
	{{ {-479, 3012, -11056}, 0, {-1830, -2213}, {255, 246, 250, 255} }},
	{{ {811, 3012, -11056}, 0, {2179, -2213}, {255, 246, 250, 255} }},
	{{ {-117, 3012, -11056}, 0, {-702, -2213}, {255, 246, 250, 255} }},
	{{ {-117, 3012, -10705}, 0, {-702, -1121}, {255, 246, 250, 255} }},
	{{ {811, 3012, -10705}, 0, {2179, -1121}, {255, 247, 250, 255} }},
	{{ {811, 3012, -9882}, 0, {2179, 1433}, {255, 246, 250, 237} }},
	{{ {811, 3012, -10705}, 0, {2179, -1121}, {255, 246, 249, 255} }},
	{{ {473, 3012, -10705}, 0, {1129, -1121}, {255, 246, 250, 255} }},
	{{ {473, 3012, -9882}, 0, {1129, 1433}, {253, 244, 247, 240} }},
	{{ {-652, 3012, -9097}, 0, {-2366, 3873}, {252, 249, 250, 0} }},
	{{ {-291, 3012, -9097}, 0, {-1246, 3873}, {255, 255, 255, 11} }},
	{{ {-287, 3012, -9614}, 0, {-1233, 2268}, {251, 244, 246, 247} }},
	{{ {-648, 3012, -9614}, 0, {-2353, 2268}, {210, 200, 194, 255} }},
	{{ {-287, 3012, -9614}, 0, {-1233, 2268}, {251, 244, 246, 247} }},
	{{ {-291, 3012, -9097}, 0, {-1246, 3873}, {255, 255, 255, 11} }},
	{{ {202, 3012, -9097}, 0, {287, 3873}, {255, 255, 255, 255} }},
	{{ {202, 3012, -9614}, 0, {287, 2268}, {249, 241, 243, 252} }},
	{{ {10429, 1519, -2057}, 0, {3703, 2993}, {255, 234, 228, 255} }},
	{{ {10826, 1519, -3434}, 0, {4482, 290}, {236, 216, 212, 255} }},
	{{ {10245, 1519, -4744}, 0, {3341, -2282}, {254, 254, 254, 255} }},
	{{ {9240, 1519, -1257}, 0, {1369, 4563}, {255, 234, 228, 255} }},
	{{ {6821, 1525, -2441}, 0, {-3380, 2240}, {255, 234, 228, 255} }},
	{{ {7567, 1525, -5029}, 0, {-1916, -2841}, {255, 234, 228, 255} }},
	{{ {8957, 1525, -5373}, 0, {814, -3518}, {255, 238, 234, 255} }},
	{{ {6723, 1525, -3870}, 0, {-3573, -567}, {255, 234, 228, 255} }},
	{{ {7815, 1519, -1409}, 0, {-1428, 4266}, {255, 234, 228, 255} }},
	{{ {9240, 1519, -1257}, 0, {1369, 4563}, {255, 234, 228, 255} }},
};

Gfx maple_treewway_dl_Main_mesh_layer_1_tri_4[] = {
	gsSPVertex(maple_treewway_dl_Main_mesh_layer_1_vtx_4 + 0, 14, 0),
	gsSP1Triangle(0, 1, 2, 0),
	gsSP1Triangle(0, 2, 3, 0),
	gsSP1Triangle(3, 2, 4, 0),
	gsSP1Triangle(3, 4, 5, 0),
	gsSP1Triangle(6, 7, 8, 0),
	gsSP1Triangle(6, 8, 9, 0),
	gsSP1Triangle(10, 11, 12, 0),
	gsSP1Triangle(10, 12, 13, 0),
	gsSPVertex(maple_treewway_dl_Main_mesh_layer_1_vtx_4 + 14, 16, 0),
	gsSP1Triangle(0, 1, 2, 0),
	gsSP1Triangle(0, 2, 3, 0),
	gsSP1Triangle(4, 5, 6, 0),
	gsSP1Triangle(6, 7, 4, 0),
	gsSP1Triangle(6, 8, 7, 0),
	gsSP1Triangle(9, 10, 11, 0),
	gsSP1Triangle(9, 11, 12, 0),
	gsSP1Triangle(13, 14, 15, 0),
	gsSPVertex(maple_treewway_dl_Main_mesh_layer_1_vtx_4 + 30, 16, 0),
	gsSP1Triangle(0, 1, 2, 0),
	gsSP1Triangle(3, 4, 5, 0),
	gsSP1Triangle(3, 5, 6, 0),
	gsSP1Triangle(7, 8, 9, 0),
	gsSP1Triangle(7, 9, 10, 0),
	gsSP1Triangle(10, 9, 11, 0),
	gsSP1Triangle(12, 10, 11, 0),
	gsSP1Triangle(11, 13, 12, 0),
	gsSP1Triangle(12, 13, 14, 0),
	gsSP1Triangle(12, 15, 10, 0),
	gsSPVertex(maple_treewway_dl_Main_mesh_layer_1_vtx_4 + 46, 16, 0),
	gsSP1Triangle(0, 1, 2, 0),
	gsSP1Triangle(0, 3, 1, 0),
	gsSP1Triangle(3, 4, 1, 0),
	gsSP1Triangle(3, 5, 4, 0),
	gsSP1Triangle(6, 7, 8, 0),
	gsSP1Triangle(6, 8, 9, 0),
	gsSP1Triangle(10, 6, 11, 0),
	gsSP1Triangle(10, 11, 12, 0),
	gsSP1Triangle(13, 14, 15, 0),
	gsSPVertex(maple_treewway_dl_Main_mesh_layer_1_vtx_4 + 62, 15, 0),
	gsSP1Triangle(0, 1, 2, 0),
	gsSP1Triangle(3, 4, 4, 0),
	gsSP1Triangle(3, 4, 3, 0),
	gsSP1Triangle(6, 7, 7, 0),
	gsSP1Triangle(6, 7, 6, 0),
	gsSP1Triangle(9, 10, 10, 0),
	gsSP1Triangle(9, 10, 9, 0),
	gsSP1Triangle(12, 13, 13, 0),
	gsSP1Triangle(12, 13, 12, 0),
	gsSPVertex(maple_treewway_dl_Main_mesh_layer_1_vtx_4 + 77, 15, 0),
	gsSP1Triangle(0, 1, 2, 0),
	gsSP1Triangle(0, 2, 3, 0),
	gsSP1Triangle(4, 5, 6, 0),
	gsSP1Triangle(4, 6, 7, 0),
	gsSP1Triangle(8, 9, 10, 0),
	gsSP1Triangle(8, 10, 4, 0),
	gsSP1Triangle(11, 12, 13, 0),
	gsSP1Triangle(11, 13, 14, 0),
	gsSPVertex(maple_treewway_dl_Main_mesh_layer_1_vtx_4 + 92, 16, 0),
	gsSP1Triangle(0, 1, 2, 0),
	gsSP1Triangle(0, 2, 3, 0),
	gsSP1Triangle(4, 5, 6, 0),
	gsSP1Triangle(4, 6, 7, 0),
	gsSP1Triangle(8, 9, 10, 0),
	gsSP1Triangle(8, 10, 11, 0),
	gsSP1Triangle(12, 13, 14, 0),
	gsSP1Triangle(12, 14, 15, 0),
	gsSPVertex(maple_treewway_dl_Main_mesh_layer_1_vtx_4 + 108, 16, 0),
	gsSP1Triangle(0, 1, 2, 0),
	gsSP1Triangle(0, 2, 3, 0),
	gsSP1Triangle(4, 5, 6, 0),
	gsSP1Triangle(4, 6, 7, 0),
	gsSP1Triangle(8, 9, 10, 0),
	gsSP1Triangle(8, 10, 11, 0),
	gsSP1Triangle(12, 13, 14, 0),
	gsSP1Triangle(12, 14, 15, 0),
	gsSPVertex(maple_treewway_dl_Main_mesh_layer_1_vtx_4 + 124, 16, 0),
	gsSP1Triangle(0, 1, 2, 0),
	gsSP1Triangle(0, 2, 3, 0),
	gsSP1Triangle(4, 5, 5, 0),
	gsSP1Triangle(4, 5, 4, 0),
	gsSP1Triangle(7, 8, 8, 0),
	gsSP1Triangle(7, 8, 7, 0),
	gsSP1Triangle(10, 11, 11, 0),
	gsSP1Triangle(10, 11, 10, 0),
	gsSP1Triangle(13, 14, 14, 0),
	gsSP1Triangle(13, 14, 13, 0),
	gsSPVertex(maple_treewway_dl_Main_mesh_layer_1_vtx_4 + 140, 16, 0),
	gsSP1Triangle(0, 1, 1, 0),
	gsSP1Triangle(0, 1, 0, 0),
	gsSP1Triangle(3, 4, 4, 0),
	gsSP1Triangle(3, 4, 3, 0),
	gsSP1Triangle(6, 7, 8, 0),
	gsSP1Triangle(6, 8, 9, 0),
	gsSP1Triangle(10, 8, 11, 0),
	gsSP1Triangle(10, 11, 12, 0),
	gsSP1Triangle(13, 14, 11, 0),
	gsSP1Triangle(11, 15, 13, 0),
	gsSPVertex(maple_treewway_dl_Main_mesh_layer_1_vtx_4 + 156, 15, 0),
	gsSP1Triangle(0, 1, 2, 0),
	gsSP1Triangle(3, 4, 5, 0),
	gsSP1Triangle(3, 5, 6, 0),
	gsSP1Triangle(7, 8, 9, 0),
	gsSP1Triangle(7, 9, 10, 0),
	gsSP1Triangle(11, 12, 13, 0),
	gsSP1Triangle(11, 13, 14, 0),
	gsSPVertex(maple_treewway_dl_Main_mesh_layer_1_vtx_4 + 171, 15, 0),
	gsSP1Triangle(0, 1, 2, 0),
	gsSP1Triangle(0, 2, 3, 0),
	gsSP1Triangle(4, 5, 6, 0),
	gsSP1Triangle(4, 6, 7, 0),
	gsSP1Triangle(8, 0, 9, 0),
	gsSP1Triangle(8, 9, 10, 0),
	gsSP1Triangle(11, 12, 13, 0),
	gsSP1Triangle(11, 13, 14, 0),
	gsSPVertex(maple_treewway_dl_Main_mesh_layer_1_vtx_4 + 186, 16, 0),
	gsSP1Triangle(0, 1, 2, 0),
	gsSP1Triangle(0, 2, 3, 0),
	gsSP1Triangle(4, 5, 6, 0),
	gsSP1Triangle(4, 6, 7, 0),
	gsSP1Triangle(8, 9, 10, 0),
	gsSP1Triangle(8, 10, 11, 0),
	gsSP1Triangle(12, 13, 14, 0),
	gsSP1Triangle(12, 14, 15, 0),
	gsSPVertex(maple_treewway_dl_Main_mesh_layer_1_vtx_4 + 202, 16, 0),
	gsSP1Triangle(0, 1, 2, 0),
	gsSP1Triangle(0, 2, 3, 0),
	gsSP1Triangle(4, 5, 6, 0),
	gsSP1Triangle(4, 6, 7, 0),
	gsSP1Triangle(8, 9, 9, 0),
	gsSP1Triangle(8, 9, 11, 0),
	gsSP1Triangle(12, 13, 14, 0),
	gsSP1Triangle(12, 14, 15, 0),
	gsSPVertex(maple_treewway_dl_Main_mesh_layer_1_vtx_4 + 218, 16, 0),
	gsSP1Triangle(0, 1, 2, 0),
	gsSP1Triangle(0, 2, 3, 0),
	gsSP1Triangle(4, 5, 6, 0),
	gsSP1Triangle(4, 6, 7, 0),
	gsSP1Triangle(8, 9, 10, 0),
	gsSP1Triangle(8, 10, 11, 0),
	gsSP1Triangle(12, 13, 14, 0),
	gsSP1Triangle(12, 14, 15, 0),
	gsSPVertex(maple_treewway_dl_Main_mesh_layer_1_vtx_4 + 234, 14, 0),
	gsSP1Triangle(0, 1, 2, 0),
	gsSP1Triangle(0, 2, 3, 0),
	gsSP1Triangle(4, 5, 6, 0),
	gsSP1Triangle(7, 4, 6, 0),
	gsSP1Triangle(6, 8, 7, 0),
	gsSP1Triangle(6, 9, 8, 0),
	gsSP1Triangle(6, 10, 9, 0),
	gsSP1Triangle(9, 11, 8, 0),
	gsSP1Triangle(12, 13, 7, 0),
	gsSP1Triangle(8, 12, 7, 0),
	gsSPEndDisplayList(),
};

Vtx maple_treewway_dl_Main_mesh_layer_1_vtx_5[696] = {
	{{ {-1168, 1316, -5677}, 0, {-791, -3819}, {0, 129, 0, 0} }},
	{{ {-1355, 1316, -5677}, 0, {-789, -13554}, {0, 129, 0, 0} }},
	{{ {-1154, 1316, -5961}, 0, {849, -4316}, {0, 129, 0, 6} }},
	{{ {-65, 3548, -7984}, 0, {511, -6289}, {0, 72, 152, 19} }},
	{{ {30, 3409, -8080}, 0, {1036, -4921}, {0, 72, 152, 19} }},
	{{ {-160, 3409, -8080}, 0, {-44, -4921}, {0, 72, 152, 9} }},
	{{ {-160, 3409, -8080}, 0, {994, -6623}, {151, 72, 0, 9} }},
	{{ {-160, 3409, -7888}, 0, {-2, -6623}, {151, 72, 0, 19} }},
	{{ {-65, 3548, -7984}, 0, {500, -7649}, {151, 72, 0, 19} }},
	{{ {-65, 3548, -7984}, 0, {533, 750}, {0, 72, 104, 19} }},
	{{ {-160, 3409, -7888}, 0, {12, 2060}, {0, 72, 104, 19} }},
	{{ {30, 3409, -7888}, 0, {1036, 2060}, {0, 72, 104, 19} }},
	{{ {30, 3409, -8080}, 0, {994, -4921}, {105, 72, 0, 19} }},
	{{ {-65, 3548, -7984}, 0, {499, -5916}, {105, 72, 0, 19} }},
	{{ {30, 3409, -7888}, 0, {-2, -4921}, {105, 72, 0, 19} }},
	{{ {-570, 838, -6740}, 0, {870, -1296}, {0, 129, 0, 5} }},
	{{ {-570, 838, -6540}, 0, {122, -1296}, {0, 129, 0, 0} }},
	{{ {-979, 838, -6540}, 0, {122, -2375}, {0, 129, 0, 0} }},
	{{ {-979, 838, -6740}, 0, {870, -2375}, {0, 129, 0, 0} }},
	{{ {152, 409, -6540}, 0, {122, 1776}, {83, 96, 0, 31} }},
	{{ {152, 409, -6740}, 0, {870, 1776}, {83, 96, 0, 0} }},
	{{ {-567, 1029, -6740}, 0, {869, -2032}, {83, 96, 0, 1} }},
	{{ {-567, 1029, -6540}, 0, {122, -2033}, {83, 96, 0, 0} }},
	{{ {-58, 409, -6740}, 0, {870, 996}, {175, 159, 0, 0} }},
	{{ {-58, 409, -6540}, 0, {122, 996}, {175, 159, 0, 0} }},
	{{ {-570, 838, -6540}, 0, {122, -1296}, {175, 159, 0, 0} }},
	{{ {-570, 838, -6740}, 0, {870, -1296}, {175, 159, 0, 5} }},
	{{ {-58, 409, -6540}, 0, {122, 1776}, {0, 0, 127, 0} }},
	{{ {152, 409, -6540}, 0, {870, 1776}, {0, 0, 127, 31} }},
	{{ {-567, 1029, -6540}, 0, {868, -2031}, {0, 0, 127, 0} }},
	{{ {-570, 838, -6540}, 0, {122, -2031}, {0, 0, 127, 0} }},
	{{ {-570, 838, -6540}, 0, {122, -2031}, {0, 0, 127, 0} }},
	{{ {-567, 1029, -6540}, 0, {868, -2031}, {0, 0, 127, 0} }},
	{{ {-977, 1029, -6540}, 0, {869, -3277}, {0, 0, 127, 0} }},
	{{ {-979, 838, -6540}, 0, {122, -3277}, {0, 0, 127, 0} }},
	{{ {-977, 1029, -6540}, 0, {122, -3277}, {0, 127, 0, 0} }},
	{{ {-977, 1029, -6740}, 0, {869, -3277}, {0, 127, 0, 0} }},
	{{ {-1086, 1029, -6740}, 0, {869, -4896}, {0, 127, 0, 0} }},
	{{ {-1148, 1029, -6540}, 0, {122, -4896}, {0, 127, 0, 0} }},
	{{ {-567, 1029, -6540}, 0, {122, -2033}, {0, 127, 0, 0} }},
	{{ {-567, 1029, -6740}, 0, {869, -2032}, {0, 127, 0, 1} }},
	{{ {-977, 1029, -6540}, 0, {121, -3278}, {0, 127, 0, 0} }},
	{{ {-977, 1029, -6540}, 0, {122, -4896}, {0, 98, 175, 0} }},
	{{ {-1148, 1029, -6540}, 0, {869, -4896}, {0, 98, 175, 0} }},
	{{ {-1327, 1507, -5961}, 0, {888, -9226}, {0, 98, 175, 0} }},
	{{ {-1154, 1507, -5961}, 0, {148, -9226}, {0, 98, 175, 0} }},
	{{ {-1151, 838, -6540}, 0, {853, -4896}, {0, 158, 81, 0} }},
	{{ {-979, 838, -6540}, 0, {60, -4896}, {0, 158, 81, 0} }},
	{{ {-1154, 1316, -5961}, 0, {76, -9226}, {0, 158, 81, 6} }},
	{{ {-1313, 1316, -5961}, 0, {813, -9226}, {0, 158, 81, 0} }},
	{{ {-979, 838, -6540}, 0, {154, -4896}, {122, 0, 37, 0} }},
	{{ {-977, 1029, -6540}, 0, {869, -4896}, {122, 0, 37, 0} }},
	{{ {-1154, 1507, -5961}, 0, {867, -9230}, {122, 0, 37, 0} }},
	{{ {-1154, 1316, -5961}, 0, {154, -9226}, {122, 0, 37, 6} }},
	{{ {-1168, 1316, -5677}, 0, {119, -10102}, {126, 0, 15, 0} }},
	{{ {-1168, 1507, -5677}, 0, {867, -10103}, {126, 0, 15, 1} }},
	{{ {-1206, 1818, -5355}, 0, {888, -12731}, {126, 0, 15, 20} }},
	{{ {-1208, 1626, -5355}, 0, {139, -12731}, {126, 0, 15, 1} }},
	{{ {-1154, 1507, -5961}, 0, {148, -9226}, {0, 127, 0, 0} }},
	{{ {-1327, 1507, -5961}, 0, {888, -9226}, {0, 127, 0, 0} }},
	{{ {-1350, 1507, -5677}, 0, {888, -11134}, {0, 127, 0, 0} }},
	{{ {-1168, 1507, -5677}, 0, {148, -11154}, {0, 127, 0, 1} }},
	{{ {-1154, 1507, -5961}, 0, {849, -4316}, {0, 127, 0, 0} }},
	{{ {-1168, 1507, -5677}, 0, {-791, -4395}, {0, 127, 0, 1} }},
	{{ {385, 1499, -5677}, 0, {-791, 4346}, {0, 127, 0, 33} }},
	{{ {385, 1499, -5961}, 0, {849, 4346}, {0, 127, 0, 19} }},
	{{ {572, 1307, -5677}, 0, {1036, -2064}, {0, 0, 127, 19} }},
	{{ {383, 1307, -5677}, 0, {-44, -2064}, {0, 0, 127, 19} }},
	{{ {383, 410, -5677}, 0, {-44, 3056}, {0, 0, 127, 2} }},
	{{ {572, 410, -5677}, 0, {1036, 3056}, {0, 0, 127, 0} }},
	{{ {-1154, 1316, -5961}, 0, {-242, -4316}, {0, 0, 129, 6} }},
	{{ {-1154, 1507, -5961}, 0, {866, -4316}, {0, 0, 129, 0} }},
	{{ {385, 1499, -5961}, 0, {817, 4346}, {0, 0, 129, 19} }},
	{{ {383, 1307, -5961}, 0, {-290, 4333}, {0, 0, 129, 9} }},
	{{ {574, 1499, -5961}, 0, {817, 5411}, {0, 0, 129, 19} }},
	{{ {572, 1307, -5961}, 0, {-290, 5399}, {0, 0, 129, 19} }},
	{{ {-1168, 1316, -5677}, 0, {-791, -4395}, {0, 129, 0, 0} }},
	{{ {-1154, 1316, -5961}, 0, {849, -4395}, {0, 129, 0, 6} }},
	{{ {383, 1307, -5961}, 0, {849, 4333}, {0, 129, 0, 9} }},
	{{ {383, 1307, -5677}, 0, {-791, 4333}, {0, 129, 0, 19} }},
	{{ {-1168, 1507, -5677}, 0, {866, -4395}, {0, 0, 127, 1} }},
	{{ {-1168, 1316, -5677}, 0, {-242, -4395}, {0, 0, 127, 0} }},
	{{ {383, 1307, -5677}, 0, {-290, 4333}, {0, 0, 127, 19} }},
	{{ {385, 1499, -5677}, 0, {817, 4346}, {0, 0, 127, 33} }},
	{{ {572, 1307, -5677}, 0, {-290, 5399}, {0, 0, 127, 19} }},
	{{ {574, 1499, -5677}, 0, {817, 5411}, {0, 0, 127, 32} }},
	{{ {-1355, 1316, -5677}, 0, {76, -15782}, {0, 164, 88, 0} }},
	{{ {-1168, 1316, -5677}, 0, {813, -15782}, {0, 164, 88, 0} }},
	{{ {-1208, 1626, -5355}, 0, {813, -12965}, {0, 164, 88, 1} }},
	{{ {-1379, 1626, -5355}, 0, {76, -12965}, {0, 164, 88, 0} }},
	{{ {-1168, 1507, -5677}, 0, {148, -11154}, {0, 92, 168, 1} }},
	{{ {-1350, 1507, -5677}, 0, {888, -11134}, {0, 92, 168, 0} }},
	{{ {-1377, 1818, -5355}, 0, {888, -13971}, {0, 92, 168, 0} }},
	{{ {-1206, 1818, -5355}, 0, {148, -13971}, {0, 92, 168, 20} }},
	{{ {-1226, 1626, -5165}, 0, {139, -14273}, {0, 0, 127, 19} }},
	{{ {-1224, 1818, -5165}, 0, {888, -14273}, {0, 0, 127, 29} }},
	{{ {-1395, 1818, -5165}, 0, {888, -16627}, {0, 0, 127, 13} }},
	{{ {-1397, 1626, -5165}, 0, {139, -16627}, {0, 0, 127, 12} }},
	{{ {-1206, 1818, -5355}, 0, {139, -13971}, {0, 127, 0, 20} }},
	{{ {-1377, 1818, -5355}, 0, {886, -13971}, {0, 127, 0, 0} }},
	{{ {-1395, 1818, -5165}, 0, {886, -15458}, {0, 127, 0, 13} }},
	{{ {-1224, 1818, -5165}, 0, {139, -15458}, {0, 127, 0, 29} }},
	{{ {-1208, 1626, -5355}, 0, {139, -12731}, {126, 255, 12, 1} }},
	{{ {-1206, 1818, -5355}, 0, {888, -12731}, {126, 255, 12, 20} }},
	{{ {-1224, 1818, -5165}, 0, {888, -14273}, {126, 255, 12, 29} }},
	{{ {-1226, 1626, -5165}, 0, {139, -14273}, {126, 255, 12, 19} }},
	{{ {-979, 1029, -6540}, 0, {60, -5813}, {0, 0, 127, 0} }},
	{{ {-1151, 1029, -6540}, 0, {853, -5813}, {0, 0, 127, 0} }},
	{{ {-1151, 410, -6540}, 0, {853, -2848}, {0, 0, 127, 0} }},
	{{ {-979, 410, -6540}, 0, {60, -2848}, {0, 0, 127, 0} }},
	{{ {-979, 1029, -6740}, 0, {870, 1669}, {127, 0, 0, 0} }},
	{{ {-979, 1029, -6540}, 0, {122, 1669}, {127, 0, 0, 0} }},
	{{ {-979, 410, -6540}, 0, {122, -1296}, {127, 0, 0, 0} }},
	{{ {-979, 410, -6740}, 0, {870, -1296}, {127, 0, 0, 0} }},
	{{ {-1226, 1626, -5165}, 0, {363, -3335}, {0, 0, 127, 19} }},
	{{ {-1397, 1626, -5165}, 0, {-814, -3335}, {0, 0, 127, 12} }},
	{{ {-1397, 328, -5165}, 0, {-814, 5590}, {0, 0, 127, 0} }},
	{{ {-1226, 328, -5165}, 0, {363, 5590}, {0, 0, 127, 1} }},
	{{ {-1208, 1626, -5355}, 0, {-898, -3335}, {126, 0, 12, 1} }},
	{{ {-1226, 1626, -5165}, 0, {-2204, -3335}, {126, 0, 12, 19} }},
	{{ {-1226, 328, -5165}, 0, {-2204, 5590}, {126, 0, 12, 1} }},
	{{ {-1208, 328, -5355}, 0, {-898, 5590}, {126, 0, 12, 0} }},
	{{ {572, 1307, -5961}, 0, {-290, 6392}, {127, 255, 0, 19} }},
	{{ {574, 1499, -5961}, 0, {817, 6392}, {127, 255, 0, 19} }},
	{{ {574, 1499, -5677}, 0, {817, 4797}, {127, 255, 0, 32} }},
	{{ {572, 1307, -5677}, 0, {-290, 4797}, {127, 255, 0, 19} }},
	{{ {385, 1499, -5961}, 0, {849, 4346}, {0, 127, 0, 19} }},
	{{ {385, 1499, -5677}, 0, {-791, 4346}, {0, 127, 0, 33} }},
	{{ {574, 1499, -5677}, 0, {-791, 5411}, {0, 127, 0, 32} }},
	{{ {574, 1499, -5961}, 0, {849, 5411}, {0, 127, 0, 19} }},
	{{ {383, 1307, -5961}, 0, {-44, -2064}, {0, 0, 129, 9} }},
	{{ {572, 1307, -5961}, 0, {1036, -2064}, {0, 0, 129, 19} }},
	{{ {572, 410, -5961}, 0, {1036, 3056}, {0, 0, 129, 0} }},
	{{ {383, 410, -5961}, 0, {-44, 3056}, {0, 0, 129, 0} }},
	{{ {572, 1307, -5961}, 0, {994, -2064}, {127, 0, 0, 19} }},
	{{ {572, 1307, -5677}, 0, {-624, -2064}, {127, 0, 0, 19} }},
	{{ {572, 410, -5677}, 0, {-624, 3056}, {127, 0, 0, 0} }},
	{{ {572, 410, -5961}, 0, {994, 3056}, {127, 0, 0, 0} }},
	{{ {-1168, 1507, -5677}, 0, {768, -2514}, {0, 0, 127, 1} }},
	{{ {-1350, 1507, -5677}, 0, {-486, -2514}, {0, 0, 127, 0} }},
	{{ {-1350, 410, -5677}, 0, {-486, 5027}, {0, 0, 127, 0} }},
	{{ {-1170, 410, -5677}, 0, {753, 5027}, {0, 0, 127, 0} }},
	{{ {-1313, 1507, -5961}, 0, {-235, -2515}, {0, 0, 129, 0} }},
	{{ {-1154, 1507, -5961}, 0, {859, -2515}, {0, 0, 129, 0} }},
	{{ {-1154, 410, -5961}, 0, {859, 5026}, {0, 0, 129, 25} }},
	{{ {-1327, 410, -5961}, 0, {-332, 5026}, {0, 0, 129, 2} }},
	{{ {-1154, 1507, -5961}, 0, {3269, -2515}, {127, 0, 6, 0} }},
	{{ {-1168, 1507, -5677}, 0, {1328, -2515}, {127, 0, 6, 1} }},
	{{ {-1170, 410, -5677}, 0, {1327, 5026}, {127, 0, 6, 0} }},
	{{ {-1154, 410, -5961}, 0, {3269, 5026}, {127, 0, 6, 25} }},
	{{ {-1379, 1818, -5355}, 0, {-690, -4650}, {0, 0, 129, 0} }},
	{{ {-1208, 1818, -5355}, 0, {487, -4650}, {0, 0, 129, 21} }},
	{{ {-1208, 328, -5355}, 0, {487, 5590}, {0, 0, 129, 0} }},
	{{ {-1379, 328, -5355}, 0, {-690, 5590}, {0, 0, 129, 0} }},
	{{ {383, 1499, -5677}, 0, {-624, -3156}, {129, 0, 0, 33} }},
	{{ {383, 1499, -5961}, 0, {994, -3156}, {129, 0, 0, 19} }},
	{{ {383, 410, -5961}, 0, {994, 3056}, {129, 0, 0, 0} }},
	{{ {383, 410, -5677}, 0, {-624, 3056}, {129, 0, 0, 2} }},
	{{ {2692, 882, -5720}, 0, {-1037, -270}, {214, 120, 4, 20} }},
	{{ {2659, 882, -6207}, 0, {2029, -270}, {214, 120, 4, 23} }},
	{{ {2403, 796, -6174}, 0, {2029, -1037}, {214, 120, 4, 1} }},
	{{ {2465, 796, -5689}, 0, {-1037, -1037}, {214, 120, 4, 0} }},
	{{ {3145, 882, -5783}, 0, {-1037, 1262}, {14, 126, 0, 50} }},
	{{ {3113, 882, -6270}, 0, {2029, 1262}, {14, 126, 0, 51} }},
	{{ {2886, 909, -6239}, 0, {2029, 496}, {14, 126, 0, 47} }},
	{{ {2919, 909, -5751}, 0, {-1037, 496}, {14, 126, 0, 51} }},
	{{ {3379, 816, -5814}, 0, {-1037, 2029}, {39, 121, 252, 14} }},
	{{ {3332, 801, -6300}, 0, {2029, 2029}, {39, 121, 252, 4} }},
	{{ {3113, 882, -6270}, 0, {2029, 1262}, {39, 121, 252, 51} }},
	{{ {3145, 882, -5783}, 0, {-1037, 1262}, {39, 121, 252, 50} }},
	{{ {2919, 909, -5751}, 0, {-1037, 496}, {242, 126, 0, 51} }},
	{{ {2886, 909, -6239}, 0, {2029, 496}, {242, 126, 0, 47} }},
	{{ {2659, 882, -6207}, 0, {2029, -270}, {242, 126, 0, 23} }},
	{{ {2692, 882, -5720}, 0, {-1037, -270}, {242, 126, 0, 20} }},
	{{ {2692, 842, -5720}, 0, {-1037, -270}, {42, 136, 252, 0} }},
	{{ {2465, 755, -5689}, 0, {-1037, -1037}, {42, 136, 252, 0} }},
	{{ {2403, 755, -6174}, 0, {2029, -1037}, {42, 136, 252, 0} }},
	{{ {2659, 842, -6207}, 0, {2029, -270}, {42, 136, 252, 12} }},
	{{ {3145, 842, -5783}, 0, {-1037, 1262}, {242, 130, 0, 0} }},
	{{ {2919, 869, -5751}, 0, {-1037, 496}, {242, 130, 0, 16} }},
	{{ {2886, 869, -6239}, 0, {2029, 496}, {242, 130, 0, 0} }},
	{{ {3113, 842, -6270}, 0, {2029, 1262}, {242, 130, 0, 0} }},
	{{ {3379, 775, -5814}, 0, {-1037, 2029}, {217, 135, 4, 7} }},
	{{ {3145, 842, -5783}, 0, {-1037, 1262}, {217, 135, 4, 0} }},
	{{ {3113, 842, -6270}, 0, {2029, 1262}, {217, 135, 4, 0} }},
	{{ {3332, 761, -6300}, 0, {2029, 2029}, {217, 135, 4, 0} }},
	{{ {2919, 869, -5751}, 0, {-1037, 496}, {14, 130, 0, 16} }},
	{{ {2692, 842, -5720}, 0, {-1037, -270}, {14, 130, 0, 0} }},
	{{ {2659, 842, -6207}, 0, {2029, -270}, {14, 130, 0, 12} }},
	{{ {2886, 869, -6239}, 0, {2029, 496}, {14, 130, 0, 0} }},
	{{ {2886, 909, -6239}, 0, {2029, 496}, {239, 0, 130, 47} }},
	{{ {2659, 842, -6207}, 0, {2029, -270}, {239, 0, 130, 12} }},
	{{ {2659, 882, -6207}, 0, {2029, -270}, {239, 0, 130, 23} }},
	{{ {2886, 869, -6239}, 0, {2029, 496}, {239, 0, 130, 0} }},
	{{ {3113, 882, -6270}, 0, {2029, 1262}, {239, 0, 130, 51} }},
	{{ {3113, 842, -6270}, 0, {2029, 1262}, {239, 0, 130, 0} }},
	{{ {3332, 801, -6300}, 0, {2029, 2029}, {239, 0, 130, 4} }},
	{{ {3332, 761, -6300}, 0, {2029, 2029}, {239, 0, 130, 0} }},
	{{ {3145, 882, -5783}, 0, {-1037, 1262}, {16, 0, 126, 50} }},
	{{ {3145, 842, -5783}, 0, {-1037, 1262}, {16, 0, 126, 0} }},
	{{ {3379, 775, -5814}, 0, {-1037, 2029}, {16, 0, 126, 7} }},
	{{ {3379, 816, -5814}, 0, {-1037, 2029}, {16, 0, 126, 14} }},
	{{ {2919, 909, -5751}, 0, {-1037, 496}, {17, 0, 126, 51} }},
	{{ {3145, 842, -5783}, 0, {-1037, 1262}, {17, 0, 126, 0} }},
	{{ {3145, 882, -5783}, 0, {-1037, 1262}, {17, 0, 126, 50} }},
	{{ {2919, 869, -5751}, 0, {-1037, 496}, {17, 0, 126, 16} }},
	{{ {2692, 882, -5720}, 0, {-1037, -270}, {17, 0, 126, 20} }},
	{{ {2692, 842, -5720}, 0, {-1037, -270}, {17, 0, 126, 0} }},
	{{ {2465, 796, -5689}, 0, {-1037, -1037}, {17, 0, 126, 0} }},
	{{ {2465, 755, -5689}, 0, {-1037, -1037}, {17, 0, 126, 0} }},
	{{ {2659, 882, -6207}, 0, {2029, -270}, {240, 0, 130, 23} }},
	{{ {2659, 842, -6207}, 0, {2029, -270}, {240, 0, 130, 12} }},
	{{ {2403, 755, -6174}, 0, {2029, -1037}, {240, 0, 130, 0} }},
	{{ {2403, 796, -6174}, 0, {2029, -1037}, {240, 0, 130, 1} }},
	{{ {3170, 538, -7518}, 0, {1036, -149}, {0, 0, 127, 16} }},
	{{ {2981, 538, -7518}, 0, {-44, -149}, {0, 0, 127, 21} }},
	{{ {2981, -44, -7518}, 0, {-44, 3171}, {0, 0, 127, 0} }},
	{{ {3170, -44, -7518}, 0, {1036, 3171}, {0, 0, 127, 0} }},
	{{ {3170, 538, -7693}, 0, {1036, -408}, {0, 127, 0, 22} }},
	{{ {2981, 538, -7693}, 0, {12, -408}, {0, 127, 0, 22} }},
	{{ {2981, 538, -7693}, 0, {12, -408}, {0, 127, 0, 22} }},
	{{ {2981, 538, -7518}, 0, {12, 536}, {0, 127, 0, 21} }},
	{{ {3170, 538, -7518}, 0, {1036, 536}, {0, 127, 0, 16} }},
	{{ {2981, 538, -7518}, 0, {12, 536}, {0, 127, 0, 21} }},
	{{ {2981, 538, -7693}, 0, {-44, -149}, {0, 0, 129, 22} }},
	{{ {3170, 538, -7693}, 0, {1036, -149}, {0, 0, 129, 22} }},
	{{ {3170, -44, -7693}, 0, {1036, 3171}, {0, 0, 129, 0} }},
	{{ {2981, -44, -7693}, 0, {-44, 3171}, {0, 0, 129, 0} }},
	{{ {3170, 538, -7693}, 0, {994, -149}, {127, 0, 0, 22} }},
	{{ {3170, 538, -7518}, 0, {-2, -149}, {127, 0, 0, 16} }},
	{{ {3170, -44, -7518}, 0, {-2, 3171}, {127, 0, 0, 0} }},
	{{ {3170, -44, -7693}, 0, {994, 3171}, {127, 0, 0, 0} }},
	{{ {2981, 538, -7518}, 0, {-2, -833}, {129, 0, 0, 21} }},
	{{ {2981, 538, -7693}, 0, {994, -833}, {129, 0, 0, 22} }},
	{{ {2981, -44, -7693}, 0, {994, 3196}, {129, 0, 0, 0} }},
	{{ {2981, -44, -7518}, 0, {-2, 3196}, {129, 0, 0, 0} }},
	{{ {3402, 278, -7760}, 0, {1036, 1338}, {0, 0, 127, 13} }},
	{{ {3213, 278, -7760}, 0, {-44, 1338}, {0, 0, 127, 20} }},
	{{ {3213, -44, -7760}, 0, {-44, 3171}, {0, 0, 127, 1} }},
	{{ {3402, -44, -7760}, 0, {1036, 3171}, {0, 0, 127, 1} }},
	{{ {3402, 278, -7935}, 0, {1036, -408}, {0, 127, 0, 22} }},
	{{ {3213, 278, -7935}, 0, {12, -408}, {0, 127, 0, 22} }},
	{{ {3213, 278, -7935}, 0, {12, -408}, {0, 127, 0, 22} }},
	{{ {3213, 278, -7760}, 0, {12, 536}, {0, 127, 0, 20} }},
	{{ {3402, 278, -7760}, 0, {1036, 536}, {0, 127, 0, 13} }},
	{{ {3213, 278, -7760}, 0, {12, 536}, {0, 127, 0, 20} }},
	{{ {3213, 278, -7935}, 0, {-44, 1338}, {0, 0, 129, 22} }},
	{{ {3402, 278, -7935}, 0, {1036, 1338}, {0, 0, 129, 22} }},
	{{ {3402, -44, -7935}, 0, {1036, 3171}, {0, 0, 129, 4} }},
	{{ {3213, -44, -7935}, 0, {-44, 3171}, {0, 0, 129, 0} }},
	{{ {3402, 278, -7935}, 0, {994, 1338}, {127, 0, 0, 22} }},
	{{ {3402, 278, -7760}, 0, {-2, 1338}, {127, 0, 0, 13} }},
	{{ {3402, -44, -7760}, 0, {-2, 3171}, {127, 0, 0, 1} }},
	{{ {3402, -44, -7935}, 0, {994, 3171}, {127, 0, 0, 4} }},
	{{ {3213, 278, -7760}, 0, {-2, 972}, {129, 0, 0, 20} }},
	{{ {3213, 278, -7935}, 0, {994, 972}, {129, 0, 0, 22} }},
	{{ {3213, -44, -7935}, 0, {994, 3196}, {129, 0, 0, 0} }},
	{{ {3213, -44, -7760}, 0, {-2, 3196}, {129, 0, 0, 1} }},
	{{ {2837, 129, -9023}, 0, {-2, -1817}, {129, 0, 0, 0} }},
	{{ {2837, 129, -9197}, 0, {994, -1817}, {129, 0, 0, 3} }},
	{{ {2837, -588, -9197}, 0, {994, 3145}, {129, 0, 0, 0} }},
	{{ {2837, -588, -9023}, 0, {-2, 3145}, {129, 0, 0, 0} }},
	{{ {3026, 129, -9197}, 0, {994, -960}, {127, 0, 0, 3} }},
	{{ {3026, 129, -9023}, 0, {-2, -960}, {127, 0, 0, 0} }},
	{{ {3026, -588, -9023}, 0, {-2, 3129}, {127, 0, 0, 2} }},
	{{ {3026, -588, -9197}, 0, {994, 3129}, {127, 0, 0, 0} }},
	{{ {2837, 129, -9197}, 0, {-44, -960}, {0, 0, 129, 3} }},
	{{ {3026, 129, -9197}, 0, {1036, -960}, {0, 0, 129, 3} }},
	{{ {3026, -588, -9197}, 0, {1036, 3129}, {0, 0, 129, 0} }},
	{{ {2837, -588, -9197}, 0, {-44, 3129}, {0, 0, 129, 0} }},
	{{ {3026, 129, -9023}, 0, {1036, -960}, {0, 0, 127, 0} }},
	{{ {2837, 129, -9023}, 0, {-44, -960}, {0, 0, 127, 0} }},
	{{ {2837, -588, -9023}, 0, {-44, 3129}, {0, 0, 127, 0} }},
	{{ {3026, -588, -9023}, 0, {1036, 3129}, {0, 0, 127, 2} }},
	{{ {3076, 129, -9247}, 0, {1307, -605}, {0, 0, 129, 0} }},
	{{ {2787, 129, -9247}, 0, {-259, -605}, {0, 0, 129, 0} }},
	{{ {2787, 172, -9247}, 0, {-259, -854}, {0, 0, 129, 23} }},
	{{ {3076, 172, -9247}, 0, {1307, -854}, {0, 0, 129, 23} }},
	{{ {2787, 129, -8973}, 0, {-259, -605}, {0, 0, 127, 0} }},
	{{ {3076, 129, -8973}, 0, {1307, -605}, {0, 0, 127, 0} }},
	{{ {3076, 172, -8973}, 0, {1307, -854}, {0, 0, 127, 23} }},
	{{ {2787, 172, -8973}, 0, {-259, -854}, {0, 0, 127, 23} }},
	{{ {3076, 172, -9247}, 0, {1307, -679}, {0, 127, 0, 23} }},
	{{ {2787, 172, -9247}, 0, {-259, -679}, {0, 127, 0, 23} }},
	{{ {2787, 172, -9247}, 0, {-259, -679}, {0, 127, 0, 23} }},
	{{ {2787, 172, -8973}, 0, {-259, 806}, {0, 127, 0, 23} }},
	{{ {3076, 172, -8973}, 0, {1307, 806}, {0, 127, 0, 23} }},
	{{ {3076, 129, -8973}, 0, {-287, -960}, {127, 0, 0, 0} }},
	{{ {3076, 129, -9247}, 0, {1279, -960}, {127, 0, 0, 0} }},
	{{ {3076, 172, -9247}, 0, {1279, -1208}, {127, 0, 0, 23} }},
	{{ {3076, 172, -8973}, 0, {-287, -1208}, {127, 0, 0, 23} }},
	{{ {2787, 129, -9247}, 0, {1279, -1817}, {129, 0, 0, 0} }},
	{{ {2787, 129, -8973}, 0, {-287, -1817}, {129, 0, 0, 0} }},
	{{ {2787, 172, -8973}, 0, {-287, -2118}, {129, 0, 0, 23} }},
	{{ {2787, 129, -9247}, 0, {1279, -1817}, {129, 0, 0, 0} }},
	{{ {2787, 172, -8973}, 0, {-287, -2118}, {129, 0, 0, 23} }},
	{{ {2787, 172, -9247}, 0, {1279, -2118}, {129, 0, 0, 23} }},
	{{ {3076, 129, -8973}, 0, {1307, 806}, {0, 129, 0, 0} }},
	{{ {2787, 129, -8973}, 0, {-259, 806}, {0, 129, 0, 0} }},
	{{ {2787, 129, -8973}, 0, {-259, 806}, {0, 129, 0, 0} }},
	{{ {2787, 129, -9247}, 0, {-259, -679}, {0, 129, 0, 0} }},
	{{ {3076, 129, -9247}, 0, {1307, -679}, {0, 129, 0, 0} }},
	{{ {2218, 954, -9523}, 0, {849, -5460}, {0, 127, 0, 23} }},
	{{ {2218, 954, -9325}, 0, {-160, -5460}, {0, 127, 0, 21} }},
	{{ {2407, 954, -9325}, 0, {-160, -4395}, {0, 127, 0, 23} }},
	{{ {2407, 954, -9523}, 0, {849, -4395}, {0, 127, 0, 23} }},
	{{ {2407, 954, -9523}, 0, {848, -4395}, {0, 127, 0, 23} }},
	{{ {2407, 954, -9325}, 0, {-160, -4395}, {0, 127, 0, 23} }},
	{{ {3474, 954, -9325}, 0, {-160, 1611}, {0, 127, 0, 23} }},
	{{ {3474, 954, -9523}, 0, {849, 1611}, {0, 127, 0, 23} }},
	{{ {3661, 762, -9325}, 0, {-1737, -4575}, {0, 0, 127, 0} }},
	{{ {3472, 762, -9325}, 0, {-2817, -4575}, {0, 0, 127, 0} }},
	{{ {3472, -575, -9325}, 0, {-2817, 3056}, {0, 0, 127, 0} }},
	{{ {3661, -575, -9325}, 0, {-1737, 3056}, {0, 0, 127, 1} }},
	{{ {2407, 762, -9523}, 0, {2255, -4395}, {0, 0, 129, 0} }},
	{{ {2407, 954, -9523}, 0, {3363, -4395}, {0, 0, 129, 23} }},
	{{ {3474, 954, -9523}, 0, {3363, 1611}, {0, 0, 129, 23} }},
	{{ {3472, 762, -9523}, 0, {2255, 1599}, {0, 0, 129, 0} }},
	{{ {2407, 762, -9325}, 0, {-160, -4395}, {0, 129, 0, 0} }},
	{{ {2407, 762, -9523}, 0, {848, -4395}, {0, 129, 0, 0} }},
	{{ {3472, 762, -9523}, 0, {849, 1599}, {0, 129, 0, 0} }},
	{{ {3472, 762, -9325}, 0, {-160, 1599}, {0, 129, 0, 0} }},
	{{ {2407, 954, -9325}, 0, {3363, -4395}, {0, 0, 127, 23} }},
	{{ {2407, 762, -9325}, 0, {2255, -4395}, {0, 0, 127, 0} }},
	{{ {3472, 762, -9325}, 0, {2255, 1599}, {0, 0, 127, 0} }},
	{{ {3474, 954, -9325}, 0, {3363, 1611}, {0, 0, 127, 23} }},
	{{ {3661, 762, -9523}, 0, {2256, 3645}, {127, 0, 0, 21} }},
	{{ {3661, 954, -9523}, 0, {3363, 3645}, {127, 0, 0, 23} }},
	{{ {3661, 954, -9325}, 0, {3363, 2664}, {127, 0, 0, 24} }},
	{{ {3661, 762, -9325}, 0, {2255, 2664}, {127, 0, 0, 0} }},
	{{ {3472, 762, -9523}, 0, {2255, 1599}, {0, 0, 129, 0} }},
	{{ {3474, 954, -9523}, 0, {3363, 1611}, {0, 0, 129, 23} }},
	{{ {3661, 954, -9523}, 0, {3363, 2664}, {0, 0, 129, 23} }},
	{{ {3661, 762, -9523}, 0, {2255, 2664}, {0, 0, 129, 21} }},
	{{ {3474, 954, -9523}, 0, {849, 1611}, {0, 127, 0, 23} }},
	{{ {3474, 954, -9325}, 0, {-160, 1611}, {0, 127, 0, 23} }},
	{{ {3661, 954, -9325}, 0, {-160, 2664}, {0, 127, 0, 24} }},
	{{ {3661, 954, -9523}, 0, {849, 2664}, {0, 127, 0, 23} }},
	{{ {3474, 954, -9325}, 0, {3363, 1611}, {0, 0, 127, 23} }},
	{{ {3472, 762, -9325}, 0, {2255, 1599}, {0, 0, 127, 0} }},
	{{ {3661, 762, -9325}, 0, {2255, 2664}, {0, 0, 127, 0} }},
	{{ {3661, 954, -9325}, 0, {3363, 2664}, {0, 0, 127, 24} }},
	{{ {3472, 762, -9523}, 0, {-2817, -4575}, {0, 0, 129, 0} }},
	{{ {3661, 762, -9523}, 0, {-1737, -4575}, {0, 0, 129, 21} }},
	{{ {3661, -575, -9523}, 0, {-1737, 3056}, {0, 0, 129, 1} }},
	{{ {3472, -575, -9523}, 0, {-2817, 3056}, {0, 0, 129, 0} }},
	{{ {3661, 762, -9523}, 0, {994, -4575}, {127, 0, 0, 21} }},
	{{ {3661, 762, -9325}, 0, {-2, -4575}, {127, 0, 0, 0} }},
	{{ {3661, -575, -9325}, 0, {-2, 3056}, {127, 0, 0, 1} }},
	{{ {3661, -575, -9523}, 0, {994, 3056}, {127, 0, 0, 1} }},
	{{ {2218, 762, -9523}, 0, {2255, -5460}, {0, 0, 129, 0} }},
	{{ {2218, 954, -9523}, 0, {3363, -5460}, {0, 0, 129, 23} }},
	{{ {2407, 954, -9523}, 0, {3363, -4395}, {0, 0, 129, 23} }},
	{{ {2407, 762, -9523}, 0, {2255, -4395}, {0, 0, 129, 0} }},
	{{ {2407, 762, -9325}, 0, {-8894, -4575}, {0, 0, 127, 0} }},
	{{ {2218, 762, -9325}, 0, {-9974, -4575}, {0, 0, 127, 0} }},
	{{ {2218, -575, -9325}, 0, {-9974, 3056}, {0, 0, 127, 1} }},
	{{ {2407, -575, -9325}, 0, {-8894, 3056}, {0, 0, 127, 0} }},
	{{ {3472, 762, -9325}, 0, {-2, -4575}, {129, 0, 0, 0} }},
	{{ {3472, 762, -9523}, 0, {994, -4575}, {129, 0, 0, 0} }},
	{{ {3472, -575, -9523}, 0, {994, 3056}, {129, 0, 0, 0} }},
	{{ {3472, -575, -9325}, 0, {-2, 3056}, {129, 0, 0, 0} }},
	{{ {2218, 954, -9325}, 0, {3363, -5460}, {0, 0, 127, 21} }},
	{{ {2218, 762, -9325}, 0, {2255, -5460}, {0, 0, 127, 0} }},
	{{ {2407, 762, -9325}, 0, {2255, -4395}, {0, 0, 127, 0} }},
	{{ {2407, 954, -9325}, 0, {3363, -4395}, {0, 0, 127, 23} }},
	{{ {2218, 762, -9523}, 0, {-9974, -4575}, {0, 0, 129, 0} }},
	{{ {2407, 762, -9523}, 0, {-8894, -4575}, {0, 0, 129, 0} }},
	{{ {2407, -575, -9523}, 0, {-8894, 3056}, {0, 0, 129, 15} }},
	{{ {2218, -575, -9523}, 0, {-9974, 3056}, {0, 0, 129, 0} }},
	{{ {2407, 762, -9523}, 0, {994, -4575}, {127, 0, 0, 0} }},
	{{ {2407, 762, -9325}, 0, {-2, -4575}, {127, 0, 0, 0} }},
	{{ {2407, -575, -9325}, 0, {-2, 3056}, {127, 0, 0, 0} }},
	{{ {2407, -575, -9523}, 0, {994, 3056}, {127, 0, 0, 15} }},
	{{ {2218, 762, -9523}, 0, {2256, -5448}, {129, 0, 0, 0} }},
	{{ {2218, 762, -9325}, 0, {2255, -6429}, {129, 0, 0, 0} }},
	{{ {2218, 954, -9325}, 0, {3363, -6429}, {129, 0, 0, 21} }},
	{{ {2218, 954, -9523}, 0, {3363, -5448}, {129, 0, 0, 23} }},
	{{ {2218, 762, -9523}, 0, {994, -4575}, {129, 0, 0, 0} }},
	{{ {2218, -575, -9523}, 0, {994, 3056}, {129, 0, 0, 0} }},
	{{ {2218, -575, -9325}, 0, {-2, 3056}, {129, 0, 0, 1} }},
	{{ {2218, 762, -9325}, 0, {-2, -4575}, {129, 0, 0, 0} }},
	{{ {385, 1747, -6250}, 0, {849, -1149}, {0, 127, 0, 19} }},
	{{ {560, 1747, -6250}, 0, {-160, -1149}, {0, 127, 0, 20} }},
	{{ {560, 1747, -6740}, 0, {-160, 1611}, {0, 127, 0, 19} }},
	{{ {385, 1747, -6740}, 0, {849, 1611}, {0, 127, 0, 22} }},
	{{ {385, 1556, -6250}, 0, {2255, -1149}, {129, 0, 0, 19} }},
	{{ {385, 1747, -6250}, 0, {3363, -1149}, {129, 0, 0, 19} }},
	{{ {385, 1747, -6740}, 0, {3363, 1611}, {129, 0, 0, 22} }},
	{{ {385, 1556, -6738}, 0, {2255, 1599}, {129, 0, 0, 0} }},
	{{ {560, 1556, -6250}, 0, {-160, -1149}, {0, 129, 0, 34} }},
	{{ {385, 1556, -6250}, 0, {849, -1149}, {0, 129, 0, 19} }},
	{{ {385, 1556, -6738}, 0, {849, 1599}, {0, 129, 0, 0} }},
	{{ {560, 1556, -6738}, 0, {-160, 1599}, {0, 129, 0, 6} }},
	{{ {560, 1747, -6250}, 0, {3363, -1149}, {127, 0, 0, 20} }},
	{{ {560, 1556, -6250}, 0, {2255, -1149}, {127, 0, 0, 34} }},
	{{ {560, 1556, -6738}, 0, {2255, 1599}, {127, 0, 0, 6} }},
	{{ {560, 1747, -6740}, 0, {3363, 1611}, {127, 0, 0, 19} }},
	{{ {385, 1747, -6250}, 0, {849, 1611}, {0, 0, 127, 19} }},
	{{ {385, 1556, -6250}, 0, {849, 2635}, {0, 0, 127, 19} }},
	{{ {560, 1556, -6250}, 0, {-160, 2635}, {0, 0, 127, 34} }},
	{{ {560, 1747, -6250}, 0, {-160, 1611}, {0, 0, 127, 20} }},
	{{ {385, 1559, -6521}, 0, {849, -100}, {0, 90, 166, 0} }},
	{{ {560, 1559, -6521}, 0, {-160, -100}, {0, 90, 166, 5} }},
	{{ {560, 1344, -6736}, 0, {-160, 1611}, {0, 90, 166, 1} }},
	{{ {385, 1344, -6736}, 0, {849, 1611}, {0, 90, 166, 0} }},
	{{ {385, 1556, -6254}, 0, {2255, -1149}, {129, 0, 0, 19} }},
	{{ {385, 1559, -6521}, 0, {3363, -100}, {129, 0, 0, 0} }},
	{{ {385, 1344, -6736}, 0, {3363, 1611}, {129, 0, 0, 0} }},
	{{ {385, 1065, -6744}, 0, {2255, 2756}, {129, 0, 0, 0} }},
	{{ {560, 1556, -6254}, 0, {-160, -1149}, {0, 166, 90, 27} }},
	{{ {385, 1556, -6254}, 0, {849, -1149}, {0, 166, 90, 19} }},
	{{ {385, 1065, -6744}, 0, {849, 2756}, {0, 166, 90, 0} }},
	{{ {560, 1065, -6744}, 0, {-160, 2756}, {0, 166, 90, 0} }},
	{{ {560, 1559, -6521}, 0, {3363, -100}, {127, 0, 0, 5} }},
	{{ {560, 1556, -6254}, 0, {2255, -1149}, {127, 0, 0, 27} }},
	{{ {560, 1065, -6744}, 0, {2255, 2756}, {127, 0, 0, 0} }},
	{{ {560, 1344, -6736}, 0, {3363, 1611}, {127, 0, 0, 1} }},
	{{ {-463, 2810, -7431}, 0, {1036, 5480}, {0, 0, 127, 0} }},
	{{ {-652, 2011, -7431}, 0, {12, 10038}, {0, 0, 127, 0} }},
	{{ {-463, 2011, -7431}, 0, {1036, 10038}, {0, 0, 127, 0} }},
	{{ {-652, 2810, -7431}, 0, {12, 5480}, {0, 0, 127, 0} }},
	{{ {-652, 2810, -7431}, 0, {12, 5480}, {0, 0, 127, 0} }},
	{{ {-463, 2810, -7431}, 0, {1036, 5480}, {0, 0, 127, 0} }},
	{{ {-463, 3012, -7431}, 0, {1036, 4329}, {0, 0, 127, 6} }},
	{{ {-652, 3012, -7431}, 0, {12, 4329}, {0, 0, 127, 8} }},
	{{ {-463, 2810, -7605}, 0, {1036, 3386}, {0, 129, 0, 0} }},
	{{ {-652, 2810, -7605}, 0, {12, 3386}, {0, 129, 0, 4} }},
	{{ {-652, 2810, -8380}, 0, {12, 536}, {0, 129, 0, 4} }},
	{{ {-463, 2810, -8380}, 0, {1036, 536}, {0, 129, 0, 1} }},
	{{ {-652, 2810, -7605}, 0, {-44, -1501}, {0, 0, 129, 4} }},
	{{ {-463, 2810, -7605}, 0, {1036, -1501}, {0, 0, 129, 0} }},
	{{ {-463, 2011, -7605}, 0, {1036, 3056}, {0, 0, 129, 0} }},
	{{ {-652, 2011, -7605}, 0, {-44, 3056}, {0, 0, 129, 0} }},
	{{ {-463, 2810, -7605}, 0, {994, -1501}, {127, 0, 0, 0} }},
	{{ {-463, 2810, -7431}, 0, {-2, -1501}, {127, 0, 0, 0} }},
	{{ {-463, 2011, -7431}, 0, {-2, 3056}, {127, 0, 0, 0} }},
	{{ {-463, 2011, -7605}, 0, {994, 3056}, {127, 0, 0, 0} }},
	{{ {-652, 2810, -7431}, 0, {-2, -2473}, {129, 0, 0, 0} }},
	{{ {-652, 2011, -7605}, 0, {994, 3056}, {129, 0, 0, 0} }},
	{{ {-652, 2011, -7431}, 0, {-2, 3056}, {129, 0, 0, 0} }},
	{{ {-652, 2810, -7605}, 0, {994, -2473}, {129, 0, 0, 4} }},
	{{ {-652, 3012, -7431}, 0, {-2, -3870}, {129, 0, 0, 8} }},
	{{ {-652, 3012, -7605}, 0, {994, -3870}, {129, 0, 0, 19} }},
	{{ {-463, 2810, -8380}, 0, {1036, -1501}, {0, 0, 127, 1} }},
	{{ {-652, 2810, -8380}, 0, {-44, -1501}, {0, 0, 127, 4} }},
	{{ {-652, 2011, -8380}, 0, {-44, 3056}, {0, 0, 127, 0} }},
	{{ {-463, 2011, -8380}, 0, {1036, 3056}, {0, 0, 127, 20} }},
	{{ {334, 3012, -8380}, 0, {12, 3386}, {0, 127, 0, 16} }},
	{{ {334, 3012, -8555}, 0, {1036, 3386}, {0, 127, 0, 1} }},
	{{ {-463, 3012, -8555}, 0, {1036, 536}, {0, 127, 0, 19} }},
	{{ {-463, 3012, -8380}, 0, {12, 536}, {0, 127, 0, 19} }},
	{{ {-652, 2810, -8555}, 0, {-44, -1501}, {0, 0, 129, 1} }},
	{{ {-463, 2011, -8555}, 0, {1036, 3056}, {0, 0, 129, 25} }},
	{{ {-652, 2011, -8555}, 0, {-44, 3056}, {0, 0, 129, 0} }},
	{{ {-463, 2810, -8555}, 0, {1036, -1501}, {0, 0, 129, 3} }},
	{{ {-652, 3012, -8555}, 0, {-44, -2652}, {0, 0, 129, 19} }},
	{{ {-463, 3012, -8555}, 0, {1036, -2652}, {0, 0, 129, 19} }},
	{{ {-463, 2810, -8555}, 0, {994, -1501}, {127, 0, 0, 3} }},
	{{ {-463, 2810, -8380}, 0, {-2, -1501}, {127, 0, 0, 1} }},
	{{ {-463, 2011, -8380}, 0, {-2, 3056}, {127, 0, 0, 20} }},
	{{ {-463, 2011, -8555}, 0, {994, 3056}, {127, 0, 0, 25} }},
	{{ {-652, 2810, -8380}, 0, {-2, -2473}, {129, 0, 0, 4} }},
	{{ {-652, 2810, -8555}, 0, {994, -2473}, {129, 0, 0, 1} }},
	{{ {-652, 2011, -8555}, 0, {994, 3056}, {129, 0, 0, 0} }},
	{{ {-652, 2011, -8380}, 0, {-2, 3056}, {129, 0, 0, 0} }},
	{{ {524, 2810, -7431}, 0, {1036, 5480}, {0, 0, 127, 19} }},
	{{ {334, 2011, -7431}, 0, {12, 10038}, {0, 0, 127, 3} }},
	{{ {524, 2011, -7431}, 0, {1036, 10038}, {0, 0, 127, 5} }},
	{{ {334, 2810, -7431}, 0, {12, 5480}, {0, 0, 127, 19} }},
	{{ {524, 3012, -7431}, 0, {1036, 4329}, {0, 0, 127, 19} }},
	{{ {334, 3012, -7431}, 0, {12, 4329}, {0, 0, 127, 19} }},
	{{ {334, 2810, -7605}, 0, {-44, -1501}, {0, 0, 129, 2} }},
	{{ {524, 2810, -7605}, 0, {1036, -1501}, {0, 0, 129, 0} }},
	{{ {524, 2011, -7605}, 0, {1036, 3056}, {0, 0, 129, 0} }},
	{{ {334, 2011, -7605}, 0, {-44, 3056}, {0, 0, 129, 0} }},
	{{ {524, 2810, -7605}, 0, {994, -1501}, {127, 0, 0, 0} }},
	{{ {524, 2011, -7431}, 0, {-2, 3056}, {127, 0, 0, 5} }},
	{{ {524, 2011, -7605}, 0, {994, 3056}, {127, 0, 0, 0} }},
	{{ {524, 2810, -7431}, 0, {-2, -1501}, {127, 0, 0, 19} }},
	{{ {524, 3012, -7605}, 0, {994, -2652}, {127, 0, 0, 19} }},
	{{ {524, 3012, -7431}, 0, {-2, -2652}, {127, 0, 0, 19} }},
	{{ {334, 2810, -7431}, 0, {-2, -2473}, {129, 0, 0, 19} }},
	{{ {334, 2011, -7605}, 0, {994, 3056}, {129, 0, 0, 0} }},
	{{ {334, 2011, -7431}, 0, {-2, 3056}, {129, 0, 0, 3} }},
	{{ {334, 2810, -7605}, 0, {994, -2473}, {129, 0, 0, 2} }},
	{{ {334, 3012, -7431}, 0, {-2, -3870}, {129, 0, 0, 19} }},
	{{ {334, 3012, -7605}, 0, {994, -3870}, {129, 0, 0, 19} }},
	{{ {524, 2810, -8380}, 0, {1036, -1501}, {0, 0, 127, 2} }},
	{{ {334, 2810, -8380}, 0, {-44, -1501}, {0, 0, 127, 1} }},
	{{ {334, 2011, -8380}, 0, {-44, 3056}, {0, 0, 127, 0} }},
	{{ {524, 2011, -8380}, 0, {1036, 3056}, {0, 0, 127, 0} }},
	{{ {-463, 2810, -7431}, 0, {12, 536}, {0, 129, 0, 0} }},
	{{ {-463, 2810, -7605}, 0, {1036, 536}, {0, 129, 0, 0} }},
	{{ {334, 2810, -7605}, 0, {1036, 3386}, {0, 129, 0, 2} }},
	{{ {334, 2810, -7431}, 0, {12, 3386}, {0, 129, 0, 19} }},
	{{ {334, 2810, -8555}, 0, {-44, -1501}, {0, 0, 129, 1} }},
	{{ {524, 2011, -8555}, 0, {1036, 3056}, {0, 0, 129, 1} }},
	{{ {334, 2011, -8555}, 0, {-44, 3056}, {0, 0, 129, 0} }},
	{{ {524, 2810, -8555}, 0, {1036, -1501}, {0, 0, 129, 2} }},
	{{ {334, 3012, -8555}, 0, {-44, -2652}, {0, 0, 129, 1} }},
	{{ {524, 3012, -8555}, 0, {1036, -2652}, {0, 0, 129, 6} }},
	{{ {524, 2810, -8555}, 0, {994, -1501}, {127, 0, 0, 2} }},
	{{ {524, 2810, -8380}, 0, {-2, -1501}, {127, 0, 0, 2} }},
	{{ {524, 2011, -8380}, 0, {-2, 3056}, {127, 0, 0, 0} }},
	{{ {524, 2011, -8555}, 0, {994, 3056}, {127, 0, 0, 1} }},
	{{ {334, 2810, -8380}, 0, {-2, -2473}, {129, 0, 0, 1} }},
	{{ {334, 2810, -8555}, 0, {994, -2473}, {129, 0, 0, 1} }},
	{{ {334, 2011, -8555}, 0, {994, 3056}, {129, 0, 0, 0} }},
	{{ {334, 2011, -8380}, 0, {-2, 3056}, {129, 0, 0, 0} }},
	{{ {-463, 3012, -7605}, 0, {1036, 3386}, {0, 127, 0, 0} }},
	{{ {-652, 3012, -7605}, 0, {12, 3386}, {0, 127, 0, 19} }},
	{{ {-652, 3012, -7605}, 0, {12, 3386}, {0, 127, 0, 19} }},
	{{ {-652, 3012, -7431}, 0, {12, 4329}, {0, 127, 0, 8} }},
	{{ {-463, 3012, -7431}, 0, {1036, 4329}, {0, 127, 0, 6} }},
	{{ {-463, 3012, -8555}, 0, {1036, -408}, {0, 127, 0, 19} }},
	{{ {-652, 3012, -8555}, 0, {12, -408}, {0, 127, 0, 19} }},
	{{ {-652, 3012, -8555}, 0, {12, -408}, {0, 127, 0, 19} }},
	{{ {-652, 3012, -8380}, 0, {12, 536}, {0, 127, 0, 7} }},
	{{ {-463, 3012, -8380}, 0, {1036, 536}, {0, 127, 0, 19} }},
	{{ {524, 3012, -7605}, 0, {1036, 3386}, {0, 127, 0, 19} }},
	{{ {334, 3012, -7605}, 0, {12, 3386}, {0, 127, 0, 19} }},
	{{ {334, 3012, -7605}, 0, {12, 3386}, {0, 127, 0, 19} }},
	{{ {334, 3012, -7431}, 0, {12, 4329}, {0, 127, 0, 19} }},
	{{ {524, 3012, -7431}, 0, {1036, 4329}, {0, 127, 0, 19} }},
	{{ {524, 3012, -8555}, 0, {1036, -408}, {0, 127, 0, 6} }},
	{{ {334, 3012, -8555}, 0, {12, -408}, {0, 127, 0, 1} }},
	{{ {334, 3012, -8555}, 0, {12, -408}, {0, 127, 0, 1} }},
	{{ {334, 3012, -8380}, 0, {12, 536}, {0, 127, 0, 16} }},
	{{ {524, 3012, -8380}, 0, {1036, 536}, {0, 127, 0, 19} }},
	{{ {-463, 2810, -8380}, 0, {-2, -1501}, {127, 0, 0, 1} }},
	{{ {-463, 2810, -8555}, 0, {994, -1501}, {127, 0, 0, 3} }},
	{{ {-463, 3012, -8555}, 0, {994, -2652}, {127, 0, 0, 19} }},
	{{ {-463, 3012, -8380}, 0, {-2, -2652}, {127, 0, 0, 19} }},
	{{ {334, 2810, -8555}, 0, {1036, 3386}, {0, 129, 0, 1} }},
	{{ {334, 2810, -8380}, 0, {12, 3386}, {0, 129, 0, 1} }},
	{{ {-463, 2810, -8380}, 0, {12, 536}, {0, 129, 0, 1} }},
	{{ {-463, 2810, -8555}, 0, {1036, 536}, {0, 129, 0, 3} }},
	{{ {524, 2810, -7605}, 0, {1036, 3386}, {0, 129, 0, 0} }},
	{{ {334, 2810, -7605}, 0, {12, 3386}, {0, 129, 0, 2} }},
	{{ {334, 2810, -8380}, 0, {12, 536}, {0, 129, 0, 1} }},
	{{ {524, 2810, -7605}, 0, {1036, 3386}, {0, 129, 0, 0} }},
	{{ {334, 2810, -8380}, 0, {12, 536}, {0, 129, 0, 1} }},
	{{ {524, 2810, -8380}, 0, {1036, 536}, {0, 129, 0, 2} }},
	{{ {524, 2810, -8380}, 0, {-2, -1501}, {127, 0, 0, 2} }},
	{{ {524, 2810, -8555}, 0, {994, -1501}, {127, 0, 0, 2} }},
	{{ {524, 3012, -8555}, 0, {994, -2652}, {127, 0, 0, 6} }},
	{{ {524, 3012, -8380}, 0, {-2, -2652}, {127, 0, 0, 19} }},
	{{ {334, 2810, -8380}, 0, {12, 3386}, {0, 0, 127, 1} }},
	{{ {334, 3012, -8380}, 0, {1036, 3386}, {0, 0, 127, 16} }},
	{{ {-463, 3012, -8380}, 0, {1036, 536}, {0, 0, 127, 19} }},
	{{ {-463, 2810, -8380}, 0, {12, 536}, {0, 0, 127, 1} }},
	{{ {-652, 2810, -8555}, 0, {994, -2473}, {129, 0, 0, 1} }},
	{{ {-652, 2810, -8380}, 0, {-2, -2473}, {129, 0, 0, 4} }},
	{{ {-652, 3012, -8380}, 0, {-2, -3870}, {129, 0, 0, 7} }},
	{{ {-652, 3012, -8555}, 0, {994, -3870}, {129, 0, 0, 19} }},
	{{ {334, 3012, -7605}, 0, {12, 3386}, {0, 127, 0, 19} }},
	{{ {524, 3012, -7605}, 0, {1036, 3386}, {0, 127, 0, 19} }},
	{{ {524, 3012, -8380}, 0, {1036, 536}, {0, 127, 0, 19} }},
	{{ {334, 3012, -8380}, 0, {12, 536}, {0, 127, 0, 16} }},
	{{ {334, 2810, -7605}, 0, {12, 536}, {129, 0, 0, 2} }},
	{{ {334, 3012, -7605}, 0, {1036, 536}, {129, 0, 0, 19} }},
	{{ {334, 3012, -8380}, 0, {1036, 3386}, {129, 0, 0, 16} }},
	{{ {334, 2810, -8380}, 0, {12, 3386}, {129, 0, 0, 1} }},
	{{ {524, 3012, -7605}, 0, {1036, 536}, {127, 0, 0, 19} }},
	{{ {524, 2810, -7605}, 0, {12, 536}, {127, 0, 0, 0} }},
	{{ {524, 2810, -8380}, 0, {12, 3386}, {127, 0, 0, 2} }},
	{{ {524, 3012, -8380}, 0, {1036, 3386}, {127, 0, 0, 19} }},
	{{ {334, 3012, -8555}, 0, {1036, 3386}, {0, 0, 129, 1} }},
	{{ {334, 2810, -8555}, 0, {12, 3386}, {0, 0, 129, 1} }},
	{{ {-463, 2810, -8555}, 0, {12, 536}, {0, 0, 129, 3} }},
	{{ {-463, 3012, -8555}, 0, {1036, 536}, {0, 0, 129, 19} }},
	{{ {-652, 3012, -7605}, 0, {12, 3386}, {0, 127, 0, 19} }},
	{{ {-463, 3012, -7605}, 0, {1036, 3386}, {0, 127, 0, 0} }},
	{{ {-463, 3012, -8380}, 0, {1036, 536}, {0, 127, 0, 19} }},
	{{ {-652, 3012, -8380}, 0, {12, 536}, {0, 127, 0, 7} }},
	{{ {-463, 3012, -7605}, 0, {1036, 536}, {127, 0, 0, 0} }},
	{{ {-463, 2810, -7605}, 0, {12, 536}, {127, 0, 0, 0} }},
	{{ {-463, 2810, -8380}, 0, {12, 3386}, {127, 0, 0, 1} }},
	{{ {-463, 3012, -8380}, 0, {1036, 3386}, {127, 0, 0, 19} }},
	{{ {-652, 2810, -7605}, 0, {12, 536}, {129, 0, 0, 4} }},
	{{ {-652, 3012, -7605}, 0, {1036, 536}, {129, 0, 0, 19} }},
	{{ {-652, 3012, -8380}, 0, {1036, 3386}, {129, 0, 0, 7} }},
	{{ {-652, 2810, -8380}, 0, {12, 3386}, {129, 0, 0, 4} }},
	{{ {-463, 2810, -7605}, 0, {12, 536}, {0, 0, 129, 0} }},
	{{ {-463, 3012, -7605}, 0, {1036, 536}, {0, 0, 129, 0} }},
	{{ {334, 3012, -7605}, 0, {1036, 3386}, {0, 0, 129, 19} }},
	{{ {334, 2810, -7605}, 0, {12, 3386}, {0, 0, 129, 2} }},
	{{ {-463, 3012, -7605}, 0, {1036, 536}, {0, 127, 0, 0} }},
	{{ {-463, 3012, -7431}, 0, {12, 536}, {0, 127, 0, 6} }},
	{{ {334, 3012, -7431}, 0, {12, 3386}, {0, 127, 0, 19} }},
	{{ {334, 3012, -7605}, 0, {1036, 3386}, {0, 127, 0, 19} }},
	{{ {-463, 3012, -7431}, 0, {1036, 536}, {0, 0, 127, 6} }},
	{{ {-463, 2810, -7431}, 0, {12, 536}, {0, 0, 127, 0} }},
	{{ {334, 2810, -7431}, 0, {12, 3386}, {0, 0, 127, 19} }},
	{{ {334, 3012, -7431}, 0, {1036, 3386}, {0, 0, 127, 19} }},
	{{ {257, 2157, -6971}, 0, {122, 1776}, {83, 96, 0, 0} }},
	{{ {257, 2157, -7171}, 0, {870, 1776}, {83, 96, 0, 15} }},
	{{ {-463, 2777, -7171}, 0, {869, -2032}, {83, 96, 0, 0} }},
	{{ {-463, 2777, -6971}, 0, {122, -2033}, {83, 96, 0, 0} }},
	{{ {46, 2157, -7171}, 0, {870, 996}, {175, 159, 0, 40} }},
	{{ {46, 2157, -6971}, 0, {122, 996}, {175, 159, 0, 1} }},
	{{ {-465, 2585, -6971}, 0, {122, -1296}, {175, 159, 0, 0} }},
	{{ {-465, 2585, -7171}, 0, {870, -1296}, {175, 159, 0, 0} }},
	{{ {46, 2157, -6971}, 0, {122, 1776}, {0, 0, 127, 1} }},
	{{ {257, 2157, -6971}, 0, {870, 1776}, {0, 0, 127, 0} }},
	{{ {-463, 2777, -6971}, 0, {868, -2031}, {0, 0, 127, 0} }},
	{{ {-465, 2585, -6971}, 0, {122, -2031}, {0, 0, 127, 0} }},
	{{ {46, 2157, -7171}, 0, {122, 1776}, {0, 0, 129, 40} }},
	{{ {-465, 2585, -7171}, 0, {122, -2031}, {0, 0, 129, 0} }},
	{{ {-463, 2777, -7171}, 0, {868, -2031}, {0, 0, 129, 0} }},
	{{ {257, 2157, -7171}, 0, {870, 1776}, {0, 0, 129, 15} }},
	{{ {-654, 2585, -7171}, 0, {59, -51}, {0, 0, 129, 3} }},
	{{ {-465, 2585, -7171}, 0, {981, -51}, {0, 0, 129, 0} }},
	{{ {-465, 2157, -7171}, 0, {981, 1970}, {0, 0, 129, 0} }},
	{{ {-654, 2157, -7171}, 0, {59, 1970}, {0, 0, 129, 1} }},
	{{ {-465, 2585, -6971}, 0, {981, -51}, {0, 0, 127, 0} }},
	{{ {-463, 2777, -6971}, 0, {992, -953}, {0, 0, 127, 0} }},
	{{ {-652, 2777, -6971}, 0, {69, -953}, {0, 0, 127, 21} }},
	{{ {-654, 2585, -6971}, 0, {59, -51}, {0, 0, 127, 0} }},
	{{ {-654, 2585, -7171}, 0, {69, -3140}, {129, 1, 1, 3} }},
	{{ {-652, 2777, -7171}, 0, {992, -3140}, {129, 1, 1, 12} }},
	{{ {-652, 3012, -7431}, 0, {992, -1977}, {129, 1, 1, 8} }},
	{{ {-654, 2810, -7431}, 0, {69, -1977}, {129, 1, 1, 0} }},
	{{ {-463, 2777, -6971}, 0, {1036, 6756}, {0, 127, 0, 0} }},
	{{ {-463, 2777, -7171}, 0, {1036, 5619}, {0, 127, 0, 0} }},
	{{ {-652, 2777, -7171}, 0, {12, 5619}, {0, 127, 0, 12} }},
	{{ {-652, 2777, -6971}, 0, {12, 6756}, {0, 127, 0, 21} }},
	{{ {-465, 2157, -7171}, 0, {870, -1296}, {0, 129, 0, 0} }},
	{{ {-465, 2157, -6971}, 0, {122, -1296}, {0, 129, 0, 0} }},
	{{ {-654, 2157, -6971}, 0, {122, -1296}, {0, 129, 0, 0} }},
	{{ {-654, 2157, -7171}, 0, {870, -1296}, {0, 129, 0, 1} }},
	{{ {-465, 2585, -7171}, 0, {995, -51}, {127, 0, 0, 0} }},
	{{ {-465, 2585, -6971}, 0, {52, -51}, {127, 0, 0, 0} }},
	{{ {-465, 2157, -6971}, 0, {52, 1970}, {127, 0, 0, 0} }},
	{{ {-465, 2157, -7171}, 0, {995, 1970}, {127, 0, 0, 0} }},
	{{ {-654, 2585, -6971}, 0, {52, -51}, {129, 0, 0, 0} }},
	{{ {-654, 2585, -7171}, 0, {995, -51}, {129, 0, 0, 3} }},
	{{ {-654, 2157, -7171}, 0, {995, 1970}, {129, 0, 0, 1} }},
	{{ {-654, 2157, -6971}, 0, {52, 1970}, {129, 0, 0, 0} }},
	{{ {-465, 2585, -6971}, 0, {981, -51}, {0, 0, 127, 0} }},
	{{ {-654, 2585, -6971}, 0, {59, -51}, {0, 0, 127, 0} }},
	{{ {-654, 2157, -6971}, 0, {59, 1970}, {0, 0, 127, 0} }},
	{{ {-465, 2157, -6971}, 0, {981, 1970}, {0, 0, 127, 0} }},
	{{ {-654, 2585, -7171}, 0, {995, -51}, {129, 1, 0, 3} }},
	{{ {-654, 2585, -6971}, 0, {52, -51}, {129, 1, 0, 0} }},
	{{ {-652, 2777, -6971}, 0, {52, -953}, {129, 1, 0, 21} }},
	{{ {-652, 2777, -7171}, 0, {995, -953}, {129, 1, 0, 12} }},
	{{ {-463, 3012, -7431}, 0, {868, -2031}, {0, 0, 129, 6} }},
	{{ {-465, 2810, -7431}, 0, {122, -2031}, {0, 0, 129, 0} }},
	{{ {-654, 2810, -7431}, 0, {122, -2031}, {0, 0, 129, 0} }},
	{{ {-652, 3012, -7431}, 0, {868, -2031}, {0, 0, 129, 8} }},
	{{ {-463, 2777, -7171}, 0, {992, -3140}, {127, 255, 255, 0} }},
	{{ {-465, 2585, -7171}, 0, {69, -3140}, {127, 255, 255, 0} }},
	{{ {-465, 2810, -7431}, 0, {69, -1977}, {127, 255, 255, 0} }},
	{{ {-463, 3012, -7431}, 0, {992, -1977}, {127, 255, 255, 6} }},
	{{ {-465, 2585, -7171}, 0, {981, -51}, {0, 160, 173, 0} }},
	{{ {-654, 2585, -7171}, 0, {59, -51}, {0, 160, 173, 3} }},
	{{ {-654, 2810, -7431}, 0, {59, -1213}, {0, 160, 173, 0} }},
	{{ {-465, 2810, -7431}, 0, {981, -1213}, {0, 160, 173, 0} }},
	{{ {-652, 2777, -7171}, 0, {12, 5619}, {0, 94, 85, 12} }},
	{{ {-463, 2777, -7171}, 0, {1036, 5619}, {0, 94, 85, 0} }},
	{{ {-463, 3012, -7431}, 0, {1036, 4329}, {0, 94, 85, 6} }},
	{{ {-652, 3012, -7431}, 0, {12, 4329}, {0, 94, 85, 8} }},
	{{ {-652, 2820, -8555}, 0, {-91, -3140}, {129, 0, 0, 3} }},
	{{ {-652, 3012, -8555}, 0, {835, -3140}, {129, 0, 0, 19} }},
	{{ {-652, 3012, -9097}, 0, {835, 310}, {129, 0, 0, 0} }},
	{{ {-652, 2820, -10899}, 0, {-91, 8258}, {129, 0, 0, 1} }},
	{{ {-291, 3012, -8555}, 0, {844, -3140}, {127, 0, 0, 19} }},
	{{ {-291, 2820, -8555}, 0, {-82, -3140}, {127, 0, 0, 6} }},
	{{ {-291, 2820, -10899}, 0, {-82, 8258}, {127, 0, 0, 16} }},
	{{ {-291, 3012, -9097}, 0, {844, 310}, {127, 0, 0, 11} }},
	{{ {-291, 2820, -8555}, 0, {1366, -51}, {0, 129, 0, 6} }},
	{{ {-652, 2820, -8555}, 0, {-334, -51}, {0, 129, 0, 3} }},
	{{ {-652, 2820, -10899}, 0, {-334, -10740}, {0, 129, 0, 1} }},
	{{ {-291, 2820, -10899}, 0, {1366, -10740}, {0, 129, 0, 16} }},
	{{ {-652, 3012, -8555}, 0, {-196, -408}, {0, 127, 0, 19} }},
	{{ {-291, 3012, -8555}, 0, {1759, -408}, {0, 127, 0, 19} }},
	{{ {-291, 3012, -9097}, 0, {1759, -4048}, {0, 127, 0, 11} }},
	{{ {-652, 3012, -9097}, 0, {-196, -4048}, {0, 127, 0, 0} }},
	{{ {30, 3409, -7888}, 0, {1036, 2060}, {0, 0, 127, 19} }},
	{{ {-160, 3409, -7888}, 0, {12, 2060}, {0, 0, 127, 19} }},
	{{ {-160, 2011, -7888}, 0, {12, 10038}, {0, 0, 127, 0} }},
	{{ {30, 2011, -7888}, 0, {1036, 10038}, {0, 0, 127, 0} }},
	{{ {-160, 3409, -8080}, 0, {-44, -4921}, {0, 0, 129, 9} }},
	{{ {30, 3409, -8080}, 0, {1036, -4921}, {0, 0, 129, 19} }},
	{{ {30, 2011, -8080}, 0, {1036, 3056}, {0, 0, 129, 0} }},
	{{ {-160, 2011, -8080}, 0, {-44, 3056}, {0, 0, 129, 0} }},
	{{ {30, 3409, -8080}, 0, {994, -4921}, {127, 0, 0, 19} }},
	{{ {30, 3409, -7888}, 0, {-2, -4921}, {127, 0, 0, 19} }},
	{{ {30, 2011, -7888}, 0, {-2, 3056}, {127, 0, 0, 0} }},
	{{ {30, 2011, -8080}, 0, {994, 3056}, {127, 0, 0, 0} }},
	{{ {-160, 3409, -7888}, 0, {-2, -6623}, {129, 0, 0, 19} }},
	{{ {-160, 3409, -8080}, 0, {994, -6623}, {129, 0, 0, 9} }},
	{{ {-160, 2011, -8080}, 0, {994, 3056}, {129, 0, 0, 0} }},
	{{ {-160, 2011, -7888}, 0, {-2, 3056}, {129, 0, 0, 0} }},
};

Gfx maple_treewway_dl_Main_mesh_layer_1_tri_5[] = {
	gsSPVertex(maple_treewway_dl_Main_mesh_layer_1_vtx_5 + 0, 15, 0),
	gsSP1Triangle(0, 1, 2, 0),
	gsSP1Triangle(3, 4, 5, 0),
	gsSP1Triangle(6, 7, 8, 0),
	gsSP1Triangle(9, 10, 11, 0),
	gsSP1Triangle(12, 13, 14, 0),
	gsSPVertex(maple_treewway_dl_Main_mesh_layer_1_vtx_5 + 15, 16, 0),
	gsSP1Triangle(0, 1, 2, 0),
	gsSP1Triangle(0, 2, 3, 0),
	gsSP1Triangle(4, 5, 6, 0),
	gsSP1Triangle(4, 6, 7, 0),
	gsSP1Triangle(8, 9, 10, 0),
	gsSP1Triangle(8, 10, 11, 0),
	gsSP1Triangle(12, 13, 14, 0),
	gsSP1Triangle(12, 14, 15, 0),
	gsSPVertex(maple_treewway_dl_Main_mesh_layer_1_vtx_5 + 31, 15, 0),
	gsSP1Triangle(0, 1, 2, 0),
	gsSP1Triangle(0, 2, 3, 0),
	gsSP1Triangle(4, 5, 6, 0),
	gsSP1Triangle(4, 6, 7, 0),
	gsSP1Triangle(8, 9, 5, 0),
	gsSP1Triangle(8, 5, 10, 0),
	gsSP1Triangle(11, 12, 13, 0),
	gsSP1Triangle(11, 13, 14, 0),
	gsSPVertex(maple_treewway_dl_Main_mesh_layer_1_vtx_5 + 46, 16, 0),
	gsSP1Triangle(0, 1, 2, 0),
	gsSP1Triangle(0, 2, 3, 0),
	gsSP1Triangle(4, 5, 6, 0),
	gsSP1Triangle(4, 6, 7, 0),
	gsSP1Triangle(8, 9, 10, 0),
	gsSP1Triangle(8, 10, 11, 0),
	gsSP1Triangle(12, 13, 14, 0),
	gsSP1Triangle(12, 14, 15, 0),
	gsSPVertex(maple_treewway_dl_Main_mesh_layer_1_vtx_5 + 62, 14, 0),
	gsSP1Triangle(0, 1, 2, 0),
	gsSP1Triangle(0, 2, 3, 0),
	gsSP1Triangle(4, 5, 6, 0),
	gsSP1Triangle(4, 6, 7, 0),
	gsSP1Triangle(8, 9, 10, 0),
	gsSP1Triangle(8, 10, 11, 0),
	gsSP1Triangle(11, 10, 12, 0),
	gsSP1Triangle(11, 12, 13, 0),
	gsSPVertex(maple_treewway_dl_Main_mesh_layer_1_vtx_5 + 76, 14, 0),
	gsSP1Triangle(0, 1, 2, 0),
	gsSP1Triangle(0, 2, 3, 0),
	gsSP1Triangle(4, 5, 6, 0),
	gsSP1Triangle(4, 6, 7, 0),
	gsSP1Triangle(7, 6, 8, 0),
	gsSP1Triangle(7, 8, 9, 0),
	gsSP1Triangle(10, 11, 12, 0),
	gsSP1Triangle(10, 12, 13, 0),
	gsSPVertex(maple_treewway_dl_Main_mesh_layer_1_vtx_5 + 90, 16, 0),
	gsSP1Triangle(0, 1, 2, 0),
	gsSP1Triangle(0, 2, 3, 0),
	gsSP1Triangle(4, 5, 6, 0),
	gsSP1Triangle(4, 6, 7, 0),
	gsSP1Triangle(8, 9, 10, 0),
	gsSP1Triangle(8, 10, 11, 0),
	gsSP1Triangle(12, 13, 14, 0),
	gsSP1Triangle(12, 14, 15, 0),
	gsSPVertex(maple_treewway_dl_Main_mesh_layer_1_vtx_5 + 106, 16, 0),
	gsSP1Triangle(0, 1, 2, 0),
	gsSP1Triangle(0, 2, 3, 0),
	gsSP1Triangle(4, 5, 6, 0),
	gsSP1Triangle(4, 6, 7, 0),
	gsSP1Triangle(8, 9, 10, 0),
	gsSP1Triangle(8, 10, 11, 0),
	gsSP1Triangle(12, 13, 14, 0),
	gsSP1Triangle(12, 14, 15, 0),
	gsSPVertex(maple_treewway_dl_Main_mesh_layer_1_vtx_5 + 122, 16, 0),
	gsSP1Triangle(0, 1, 2, 0),
	gsSP1Triangle(0, 2, 3, 0),
	gsSP1Triangle(4, 5, 6, 0),
	gsSP1Triangle(4, 6, 7, 0),
	gsSP1Triangle(8, 9, 10, 0),
	gsSP1Triangle(8, 10, 11, 0),
	gsSP1Triangle(12, 13, 14, 0),
	gsSP1Triangle(12, 14, 15, 0),
	gsSPVertex(maple_treewway_dl_Main_mesh_layer_1_vtx_5 + 138, 16, 0),
	gsSP1Triangle(0, 1, 2, 0),
	gsSP1Triangle(0, 2, 3, 0),
	gsSP1Triangle(4, 5, 6, 0),
	gsSP1Triangle(4, 6, 7, 0),
	gsSP1Triangle(8, 9, 10, 0),
	gsSP1Triangle(8, 10, 11, 0),
	gsSP1Triangle(12, 13, 14, 0),
	gsSP1Triangle(12, 14, 15, 0),
	gsSPVertex(maple_treewway_dl_Main_mesh_layer_1_vtx_5 + 154, 16, 0),
	gsSP1Triangle(0, 1, 2, 0),
	gsSP1Triangle(0, 2, 3, 0),
	gsSP1Triangle(4, 5, 6, 0),
	gsSP1Triangle(4, 6, 7, 0),
	gsSP1Triangle(8, 9, 10, 0),
	gsSP1Triangle(8, 10, 11, 0),
	gsSP1Triangle(12, 13, 14, 0),
	gsSP1Triangle(12, 14, 15, 0),
	gsSPVertex(maple_treewway_dl_Main_mesh_layer_1_vtx_5 + 170, 16, 0),
	gsSP1Triangle(0, 1, 2, 0),
	gsSP1Triangle(0, 2, 3, 0),
	gsSP1Triangle(4, 5, 6, 0),
	gsSP1Triangle(4, 6, 7, 0),
	gsSP1Triangle(8, 9, 10, 0),
	gsSP1Triangle(8, 10, 11, 0),
	gsSP1Triangle(12, 13, 14, 0),
	gsSP1Triangle(12, 14, 15, 0),
	gsSPVertex(maple_treewway_dl_Main_mesh_layer_1_vtx_5 + 186, 16, 0),
	gsSP1Triangle(0, 1, 2, 0),
	gsSP1Triangle(0, 2, 3, 0),
	gsSP1Triangle(4, 5, 6, 0),
	gsSP1Triangle(4, 7, 5, 0),
	gsSP1Triangle(8, 7, 4, 0),
	gsSP1Triangle(8, 9, 7, 0),
	gsSP1Triangle(10, 9, 8, 0),
	gsSP1Triangle(10, 11, 9, 0),
	gsSP1Triangle(12, 13, 14, 0),
	gsSP1Triangle(12, 14, 15, 0),
	gsSPVertex(maple_treewway_dl_Main_mesh_layer_1_vtx_5 + 202, 16, 0),
	gsSP1Triangle(0, 1, 2, 0),
	gsSP1Triangle(0, 3, 1, 0),
	gsSP1Triangle(4, 3, 0, 0),
	gsSP1Triangle(4, 5, 3, 0),
	gsSP1Triangle(6, 5, 4, 0),
	gsSP1Triangle(6, 7, 5, 0),
	gsSP1Triangle(8, 9, 10, 0),
	gsSP1Triangle(8, 10, 11, 0),
	gsSP1Triangle(12, 13, 14, 0),
	gsSP1Triangle(12, 14, 15, 0),
	gsSPVertex(maple_treewway_dl_Main_mesh_layer_1_vtx_5 + 218, 14, 0),
	gsSP1Triangle(0, 1, 2, 0),
	gsSP1Triangle(0, 2, 3, 0),
	gsSP1Triangle(4, 0, 3, 0),
	gsSP1Triangle(3, 5, 4, 0),
	gsSP1Triangle(6, 7, 8, 0),
	gsSP1Triangle(6, 8, 9, 0),
	gsSP1Triangle(10, 11, 12, 0),
	gsSP1Triangle(10, 12, 13, 0),
	gsSPVertex(maple_treewway_dl_Main_mesh_layer_1_vtx_5 + 232, 14, 0),
	gsSP1Triangle(0, 1, 2, 0),
	gsSP1Triangle(0, 2, 3, 0),
	gsSP1Triangle(4, 5, 6, 0),
	gsSP1Triangle(4, 6, 7, 0),
	gsSP1Triangle(8, 9, 10, 0),
	gsSP1Triangle(8, 10, 11, 0),
	gsSP1Triangle(12, 8, 11, 0),
	gsSP1Triangle(11, 13, 12, 0),
	gsSPVertex(maple_treewway_dl_Main_mesh_layer_1_vtx_5 + 246, 16, 0),
	gsSP1Triangle(0, 1, 2, 0),
	gsSP1Triangle(0, 2, 3, 0),
	gsSP1Triangle(4, 5, 6, 0),
	gsSP1Triangle(4, 6, 7, 0),
	gsSP1Triangle(8, 9, 10, 0),
	gsSP1Triangle(8, 10, 11, 0),
	gsSP1Triangle(12, 13, 14, 0),
	gsSP1Triangle(12, 14, 15, 0),
	gsSPVertex(maple_treewway_dl_Main_mesh_layer_1_vtx_5 + 262, 16, 0),
	gsSP1Triangle(0, 1, 2, 0),
	gsSP1Triangle(0, 2, 3, 0),
	gsSP1Triangle(4, 5, 6, 0),
	gsSP1Triangle(4, 6, 7, 0),
	gsSP1Triangle(8, 9, 10, 0),
	gsSP1Triangle(8, 10, 11, 0),
	gsSP1Triangle(12, 13, 14, 0),
	gsSP1Triangle(12, 14, 15, 0),
	gsSPVertex(maple_treewway_dl_Main_mesh_layer_1_vtx_5 + 278, 16, 0),
	gsSP1Triangle(0, 1, 2, 0),
	gsSP1Triangle(0, 2, 3, 0),
	gsSP1Triangle(4, 5, 5, 0),
	gsSP1Triangle(4, 5, 7, 0),
	gsSP1Triangle(8, 4, 7, 0),
	gsSP1Triangle(7, 7, 8, 0),
	gsSP1Triangle(9, 10, 11, 0),
	gsSP1Triangle(9, 11, 12, 0),
	gsSP1Triangle(13, 14, 15, 0),
	gsSPVertex(maple_treewway_dl_Main_mesh_layer_1_vtx_5 + 294, 16, 0),
	gsSP1Triangle(0, 1, 2, 0),
	gsSP1Triangle(3, 4, 4, 0),
	gsSP1Triangle(3, 4, 6, 0),
	gsSP1Triangle(3, 6, 7, 0),
	gsSP1Triangle(6, 6, 7, 0),
	gsSP1Triangle(8, 9, 10, 0),
	gsSP1Triangle(8, 10, 11, 0),
	gsSP1Triangle(12, 13, 14, 0),
	gsSP1Triangle(12, 14, 15, 0),
	gsSPVertex(maple_treewway_dl_Main_mesh_layer_1_vtx_5 + 310, 16, 0),
	gsSP1Triangle(0, 1, 2, 0),
	gsSP1Triangle(0, 2, 3, 0),
	gsSP1Triangle(4, 5, 6, 0),
	gsSP1Triangle(4, 6, 7, 0),
	gsSP1Triangle(8, 9, 10, 0),
	gsSP1Triangle(8, 10, 11, 0),
	gsSP1Triangle(12, 13, 14, 0),
	gsSP1Triangle(12, 14, 15, 0),
	gsSPVertex(maple_treewway_dl_Main_mesh_layer_1_vtx_5 + 326, 16, 0),
	gsSP1Triangle(0, 1, 2, 0),
	gsSP1Triangle(0, 2, 3, 0),
	gsSP1Triangle(4, 5, 6, 0),
	gsSP1Triangle(4, 6, 7, 0),
	gsSP1Triangle(8, 9, 10, 0),
	gsSP1Triangle(8, 10, 11, 0),
	gsSP1Triangle(12, 13, 14, 0),
	gsSP1Triangle(12, 14, 15, 0),
	gsSPVertex(maple_treewway_dl_Main_mesh_layer_1_vtx_5 + 342, 16, 0),
	gsSP1Triangle(0, 1, 2, 0),
	gsSP1Triangle(0, 2, 3, 0),
	gsSP1Triangle(4, 5, 6, 0),
	gsSP1Triangle(4, 6, 7, 0),
	gsSP1Triangle(8, 9, 10, 0),
	gsSP1Triangle(8, 10, 11, 0),
	gsSP1Triangle(12, 13, 14, 0),
	gsSP1Triangle(12, 14, 15, 0),
	gsSPVertex(maple_treewway_dl_Main_mesh_layer_1_vtx_5 + 358, 16, 0),
	gsSP1Triangle(0, 1, 2, 0),
	gsSP1Triangle(0, 2, 3, 0),
	gsSP1Triangle(4, 5, 6, 0),
	gsSP1Triangle(4, 6, 7, 0),
	gsSP1Triangle(8, 9, 10, 0),
	gsSP1Triangle(8, 10, 11, 0),
	gsSP1Triangle(12, 13, 14, 0),
	gsSP1Triangle(12, 14, 15, 0),
	gsSPVertex(maple_treewway_dl_Main_mesh_layer_1_vtx_5 + 374, 16, 0),
	gsSP1Triangle(0, 1, 2, 0),
	gsSP1Triangle(0, 2, 3, 0),
	gsSP1Triangle(4, 5, 6, 0),
	gsSP1Triangle(4, 6, 7, 0),
	gsSP1Triangle(8, 9, 10, 0),
	gsSP1Triangle(8, 10, 11, 0),
	gsSP1Triangle(12, 13, 14, 0),
	gsSP1Triangle(12, 14, 15, 0),
	gsSPVertex(maple_treewway_dl_Main_mesh_layer_1_vtx_5 + 390, 16, 0),
	gsSP1Triangle(0, 1, 2, 0),
	gsSP1Triangle(0, 2, 3, 0),
	gsSP1Triangle(4, 5, 6, 0),
	gsSP1Triangle(4, 6, 7, 0),
	gsSP1Triangle(8, 9, 10, 0),
	gsSP1Triangle(8, 10, 11, 0),
	gsSP1Triangle(12, 13, 14, 0),
	gsSP1Triangle(12, 14, 15, 0),
	gsSPVertex(maple_treewway_dl_Main_mesh_layer_1_vtx_5 + 406, 16, 0),
	gsSP1Triangle(0, 1, 2, 0),
	gsSP1Triangle(0, 2, 3, 0),
	gsSP1Triangle(4, 5, 6, 0),
	gsSP1Triangle(4, 6, 7, 0),
	gsSP1Triangle(8, 9, 10, 0),
	gsSP1Triangle(8, 10, 11, 0),
	gsSP1Triangle(12, 13, 14, 0),
	gsSP1Triangle(12, 15, 13, 0),
	gsSPVertex(maple_treewway_dl_Main_mesh_layer_1_vtx_5 + 422, 16, 0),
	gsSP1Triangle(0, 1, 2, 0),
	gsSP1Triangle(0, 2, 3, 0),
	gsSP1Triangle(4, 5, 6, 0),
	gsSP1Triangle(4, 6, 7, 0),
	gsSP1Triangle(8, 9, 10, 0),
	gsSP1Triangle(8, 10, 11, 0),
	gsSP1Triangle(12, 13, 14, 0),
	gsSP1Triangle(12, 14, 15, 0),
	gsSPVertex(maple_treewway_dl_Main_mesh_layer_1_vtx_5 + 438, 14, 0),
	gsSP1Triangle(0, 1, 2, 0),
	gsSP1Triangle(0, 3, 1, 0),
	gsSP1Triangle(3, 0, 4, 0),
	gsSP1Triangle(3, 4, 5, 0),
	gsSP1Triangle(6, 7, 8, 0),
	gsSP1Triangle(6, 8, 9, 0),
	gsSP1Triangle(10, 11, 12, 0),
	gsSP1Triangle(10, 12, 13, 0),
	gsSPVertex(maple_treewway_dl_Main_mesh_layer_1_vtx_5 + 452, 14, 0),
	gsSP1Triangle(0, 1, 2, 0),
	gsSP1Triangle(0, 3, 1, 0),
	gsSP1Triangle(3, 0, 4, 0),
	gsSP1Triangle(3, 4, 5, 0),
	gsSP1Triangle(6, 7, 8, 0),
	gsSP1Triangle(6, 8, 9, 0),
	gsSP1Triangle(10, 11, 12, 0),
	gsSP1Triangle(10, 12, 13, 0),
	gsSPVertex(maple_treewway_dl_Main_mesh_layer_1_vtx_5 + 466, 16, 0),
	gsSP1Triangle(0, 1, 2, 0),
	gsSP1Triangle(0, 3, 1, 0),
	gsSP1Triangle(3, 0, 4, 0),
	gsSP1Triangle(3, 4, 5, 0),
	gsSP1Triangle(6, 7, 8, 0),
	gsSP1Triangle(6, 8, 9, 0),
	gsSP1Triangle(10, 11, 12, 0),
	gsSP1Triangle(10, 13, 11, 0),
	gsSP1Triangle(13, 10, 14, 0),
	gsSP1Triangle(13, 14, 15, 0),
	gsSPVertex(maple_treewway_dl_Main_mesh_layer_1_vtx_5 + 482, 14, 0),
	gsSP1Triangle(0, 1, 2, 0),
	gsSP1Triangle(0, 3, 1, 0),
	gsSP1Triangle(3, 0, 4, 0),
	gsSP1Triangle(3, 4, 5, 0),
	gsSP1Triangle(6, 7, 8, 0),
	gsSP1Triangle(6, 8, 9, 0),
	gsSP1Triangle(10, 11, 12, 0),
	gsSP1Triangle(10, 12, 13, 0),
	gsSPVertex(maple_treewway_dl_Main_mesh_layer_1_vtx_5 + 496, 14, 0),
	gsSP1Triangle(0, 1, 2, 0),
	gsSP1Triangle(0, 3, 1, 0),
	gsSP1Triangle(3, 0, 4, 0),
	gsSP1Triangle(3, 4, 5, 0),
	gsSP1Triangle(6, 7, 8, 0),
	gsSP1Triangle(6, 8, 9, 0),
	gsSP1Triangle(10, 11, 12, 0),
	gsSP1Triangle(10, 12, 13, 0),
	gsSPVertex(maple_treewway_dl_Main_mesh_layer_1_vtx_5 + 510, 15, 0),
	gsSP1Triangle(0, 1, 1, 0),
	gsSP1Triangle(0, 1, 3, 0),
	gsSP1Triangle(4, 0, 3, 0),
	gsSP1Triangle(3, 3, 4, 0),
	gsSP1Triangle(5, 6, 6, 0),
	gsSP1Triangle(5, 6, 8, 0),
	gsSP1Triangle(9, 5, 8, 0),
	gsSP1Triangle(8, 8, 9, 0),
	gsSP1Triangle(10, 11, 11, 0),
	gsSP1Triangle(10, 11, 13, 0),
	gsSP1Triangle(14, 10, 13, 0),
	gsSP1Triangle(13, 13, 14, 0),
	gsSPVertex(maple_treewway_dl_Main_mesh_layer_1_vtx_5 + 525, 16, 0),
	gsSP1Triangle(0, 1, 1, 0),
	gsSP1Triangle(0, 1, 3, 0),
	gsSP1Triangle(4, 0, 3, 0),
	gsSP1Triangle(3, 3, 4, 0),
	gsSP1Triangle(5, 6, 7, 0),
	gsSP1Triangle(5, 7, 8, 0),
	gsSP1Triangle(9, 10, 11, 0),
	gsSP1Triangle(9, 11, 12, 0),
	gsSP1Triangle(13, 14, 15, 0),
	gsSPVertex(maple_treewway_dl_Main_mesh_layer_1_vtx_5 + 541, 15, 0),
	gsSP1Triangle(0, 1, 2, 0),
	gsSP1Triangle(3, 4, 5, 0),
	gsSP1Triangle(3, 5, 6, 0),
	gsSP1Triangle(7, 8, 9, 0),
	gsSP1Triangle(7, 9, 10, 0),
	gsSP1Triangle(11, 12, 13, 0),
	gsSP1Triangle(11, 13, 14, 0),
	gsSPVertex(maple_treewway_dl_Main_mesh_layer_1_vtx_5 + 556, 16, 0),
	gsSP1Triangle(0, 1, 2, 0),
	gsSP1Triangle(0, 2, 3, 0),
	gsSP1Triangle(4, 5, 6, 0),
	gsSP1Triangle(4, 6, 7, 0),
	gsSP1Triangle(8, 9, 10, 0),
	gsSP1Triangle(8, 10, 11, 0),
	gsSP1Triangle(12, 13, 14, 0),
	gsSP1Triangle(12, 14, 15, 0),
	gsSPVertex(maple_treewway_dl_Main_mesh_layer_1_vtx_5 + 572, 16, 0),
	gsSP1Triangle(0, 1, 2, 0),
	gsSP1Triangle(0, 2, 3, 0),
	gsSP1Triangle(4, 5, 6, 0),
	gsSP1Triangle(4, 6, 7, 0),
	gsSP1Triangle(8, 9, 10, 0),
	gsSP1Triangle(8, 10, 11, 0),
	gsSP1Triangle(12, 13, 14, 0),
	gsSP1Triangle(12, 14, 15, 0),
	gsSPVertex(maple_treewway_dl_Main_mesh_layer_1_vtx_5 + 588, 16, 0),
	gsSP1Triangle(0, 1, 2, 0),
	gsSP1Triangle(0, 2, 3, 0),
	gsSP1Triangle(4, 5, 6, 0),
	gsSP1Triangle(4, 6, 7, 0),
	gsSP1Triangle(8, 9, 10, 0),
	gsSP1Triangle(8, 10, 11, 0),
	gsSP1Triangle(12, 13, 14, 0),
	gsSP1Triangle(12, 14, 15, 0),
	gsSPVertex(maple_treewway_dl_Main_mesh_layer_1_vtx_5 + 604, 16, 0),
	gsSP1Triangle(0, 1, 2, 0),
	gsSP1Triangle(0, 2, 3, 0),
	gsSP1Triangle(4, 5, 6, 0),
	gsSP1Triangle(4, 6, 7, 0),
	gsSP1Triangle(8, 9, 10, 0),
	gsSP1Triangle(8, 10, 11, 0),
	gsSP1Triangle(12, 13, 14, 0),
	gsSP1Triangle(12, 14, 15, 0),
	gsSPVertex(maple_treewway_dl_Main_mesh_layer_1_vtx_5 + 620, 16, 0),
	gsSP1Triangle(0, 1, 2, 0),
	gsSP1Triangle(0, 2, 3, 0),
	gsSP1Triangle(4, 5, 6, 0),
	gsSP1Triangle(4, 6, 7, 0),
	gsSP1Triangle(8, 9, 10, 0),
	gsSP1Triangle(8, 10, 11, 0),
	gsSP1Triangle(12, 13, 14, 0),
	gsSP1Triangle(12, 14, 15, 0),
	gsSPVertex(maple_treewway_dl_Main_mesh_layer_1_vtx_5 + 636, 16, 0),
	gsSP1Triangle(0, 1, 2, 0),
	gsSP1Triangle(0, 2, 3, 0),
	gsSP1Triangle(4, 5, 6, 0),
	gsSP1Triangle(4, 6, 7, 0),
	gsSP1Triangle(8, 9, 10, 0),
	gsSP1Triangle(8, 10, 11, 0),
	gsSP1Triangle(12, 13, 14, 0),
	gsSP1Triangle(12, 14, 15, 0),
	gsSPVertex(maple_treewway_dl_Main_mesh_layer_1_vtx_5 + 652, 16, 0),
	gsSP1Triangle(0, 1, 2, 0),
	gsSP1Triangle(0, 2, 3, 0),
	gsSP1Triangle(4, 5, 6, 0),
	gsSP1Triangle(4, 6, 7, 0),
	gsSP1Triangle(8, 9, 10, 0),
	gsSP1Triangle(8, 10, 11, 0),
	gsSP1Triangle(12, 13, 14, 0),
	gsSP1Triangle(12, 14, 15, 0),
	gsSPVertex(maple_treewway_dl_Main_mesh_layer_1_vtx_5 + 668, 16, 0),
	gsSP1Triangle(0, 1, 2, 0),
	gsSP1Triangle(0, 2, 3, 0),
	gsSP1Triangle(4, 5, 6, 0),
	gsSP1Triangle(4, 6, 7, 0),
	gsSP1Triangle(8, 9, 10, 0),
	gsSP1Triangle(8, 10, 11, 0),
	gsSP1Triangle(12, 13, 14, 0),
	gsSP1Triangle(12, 14, 15, 0),
	gsSPVertex(maple_treewway_dl_Main_mesh_layer_1_vtx_5 + 684, 12, 0),
	gsSP1Triangle(0, 1, 2, 0),
	gsSP1Triangle(0, 2, 3, 0),
	gsSP1Triangle(4, 5, 6, 0),
	gsSP1Triangle(4, 6, 7, 0),
	gsSP1Triangle(8, 9, 10, 0),
	gsSP1Triangle(8, 10, 11, 0),
	gsSPEndDisplayList(),
};

Vtx maple_treewway_dl_Main_mesh_layer_1_vtx_6[24] = {
	{{ {2307, 595, -7418}, 0, {-455, -4371}, {0, 127, 252, 255} }},
	{{ {2738, 643, -6005}, 0, {723, -512}, {0, 127, 252, 255} }},
	{{ {3061, 643, -6005}, 0, {1606, -512}, {0, 127, 252, 255} }},
	{{ {2630, 595, -7418}, 0, {428, -4371}, {0, 127, 252, 96} }},
	{{ {2738, 643, -6005}, 0, {723, -512}, {0, 127, 249, 254} }},
	{{ {2888, 770, -3814}, 0, {1133, 5474}, {0, 127, 249, 176} }},
	{{ {3212, 770, -3814}, 0, {2016, 5474}, {0, 127, 249, 164} }},
	{{ {3061, 643, -6005}, 0, {1606, -512}, {0, 127, 249, 254} }},
	{{ {2307, -496, -7418}, 0, {-455, -4371}, {0, 124, 228, 255} }},
	{{ {2630, -496, -7418}, 0, {428, -4371}, {0, 124, 228, 255} }},
	{{ {2579, -575, -7759}, 0, {291, -5278}, {0, 124, 228, 255} }},
	{{ {2332, -575, -7759}, 0, {-363, -5278}, {0, 124, 228, 255} }},
	{{ {2332, -575, -7759}, 0, {-363, -5278}, {0, 127, 0, 255} }},
	{{ {2579, -575, -7759}, 0, {291, -5278}, {0, 127, 0, 255} }},
	{{ {3339, -575, -8537}, 0, {2310, -7345}, {0, 127, 0, 255} }},
	{{ {2000, -575, -8132}, 0, {-1247, -6269}, {0, 127, 0, 255} }},
	{{ {1871, -496, -7907}, 0, {-1590, -5671}, {29, 121, 230, 255} }},
	{{ {2307, -496, -7418}, 0, {-455, -4371}, {29, 121, 230, 255} }},
	{{ {2332, -575, -7759}, 0, {-363, -5278}, {29, 121, 230, 255} }},
	{{ {2000, -575, -8132}, 0, {-1247, -6269}, {29, 121, 230, 255} }},
	{{ {2630, -496, -7418}, 0, {428, -4371}, {231, 122, 232, 255} }},
	{{ {3627, -496, -8438}, 0, {3077, -7083}, {231, 122, 232, 255} }},
	{{ {3339, -575, -8537}, 0, {2310, -7345}, {231, 122, 232, 255} }},
	{{ {2579, -575, -7759}, 0, {291, -5278}, {231, 122, 232, 255} }},
};

Gfx maple_treewway_dl_Main_mesh_layer_1_tri_6[] = {
	gsSPVertex(maple_treewway_dl_Main_mesh_layer_1_vtx_6 + 0, 16, 0),
	gsSP1Triangle(0, 1, 2, 0),
	gsSP1Triangle(0, 2, 3, 0),
	gsSP1Triangle(4, 5, 6, 0),
	gsSP1Triangle(4, 6, 7, 0),
	gsSP1Triangle(8, 9, 10, 0),
	gsSP1Triangle(8, 10, 11, 0),
	gsSP1Triangle(12, 13, 14, 0),
	gsSP1Triangle(12, 14, 15, 0),
	gsSPVertex(maple_treewway_dl_Main_mesh_layer_1_vtx_6 + 16, 8, 0),
	gsSP1Triangle(0, 1, 2, 0),
	gsSP1Triangle(0, 2, 3, 0),
	gsSP1Triangle(4, 5, 6, 0),
	gsSP1Triangle(4, 6, 7, 0),
	gsSPEndDisplayList(),
};

Vtx maple_treewway_dl_Main_mesh_layer_1_vtx_7[127] = {
	{{ {8122, 1990, -3727}, 0, {1007, 2459}, {111, 102, 85, 2} }},
	{{ {8239, 3165, -3434}, 0, {654, 1044}, {184, 161, 145, 90} }},
	{{ {8447, 3165, -3720}, 0, {998, 1044}, {184, 161, 145, 90} }},
	{{ {8215, 1522, -4066}, 0, {1415, 3118}, {96, 88, 74, 255} }},
	{{ {8122, 1990, -3727}, 0, {1007, 2459}, {111, 102, 85, 2} }},
	{{ {8447, 3165, -3720}, 0, {998, 1044}, {184, 161, 145, 81} }},
	{{ {8122, 1990, -3727}, 0, {1007, 2459}, {111, 102, 85, 2} }},
	{{ {7838, 1522, -3549}, 0, {793, 3118}, {96, 88, 74, 14} }},
	{{ {8239, 3165, -3434}, 0, {654, 1044}, {184, 161, 145, 81} }},
	{{ {9409, 1519, -3939}, 0, {1367, 3118}, {54, 34, 9, 255} }},
	{{ {8835, 1519, -4219}, 0, {676, 3118}, {45, 28, 7, 95} }},
	{{ {8791, 3165, -3805}, 0, {623, 1044}, {182, 159, 144, 91} }},
	{{ {9108, 3165, -3649}, 0, {1005, 1044}, {178, 155, 141, 248} }},
	{{ {8263, 3165, -3081}, 0, {229, 1044}, {184, 161, 145, 59} }},
	{{ {8509, 3165, -2826}, 0, {-78, 1044}, {184, 161, 145, 248} }},
	{{ {8503, 5059, -2814}, 0, {-93, -1236}, {134, 121, 91, 255} }},
	{{ {8263, 3165, -3081}, 0, {229, 1044}, {184, 161, 145, 59} }},
	{{ {8503, 5059, -2814}, 0, {-93, -1236}, {134, 121, 91, 255} }},
	{{ {8251, 5059, -3075}, 0, {222, -1236}, {134, 121, 91, 245} }},
	{{ {7882, 1519, -2912}, 0, {25, 3118}, {54, 34, 9, 95} }},
	{{ {8325, 1519, -2451}, 0, {-529, 3118}, {54, 34, 9, 255} }},
	{{ {8509, 3165, -2826}, 0, {-78, 1044}, {184, 161, 145, 253} }},
	{{ {8263, 3165, -3081}, 0, {229, 1044}, {184, 161, 145, 104} }},
	{{ {8835, 1519, -4219}, 0, {676, 3118}, {45, 28, 7, 95} }},
	{{ {8215, 1522, -4066}, 0, {-71, 3118}, {96, 88, 74, 255} }},
	{{ {8447, 3165, -3720}, 0, {209, 1044}, {184, 161, 145, 75} }},
	{{ {8791, 3165, -3805}, 0, {623, 1044}, {182, 159, 144, 81} }},
	{{ {9491, 1519, -2740}, 0, {-181, 3118}, {54, 34, 9, 255} }},
	{{ {9668, 1519, -3354}, 0, {558, 3118}, {55, 34, 12, 255} }},
	{{ {9252, 3165, -3326}, 0, {524, 1044}, {177, 154, 140, 255} }},
	{{ {9154, 3165, -2986}, 0, {115, 1044}, {180, 158, 143, 255} }},
	{{ {8325, 1519, -2451}, 0, {62, 3118}, {54, 34, 9, 255} }},
	{{ {8961, 1519, -2384}, 0, {828, 3118}, {54, 34, 9, 255} }},
	{{ {8860, 3165, -2789}, 0, {707, 1044}, {183, 160, 145, 255} }},
	{{ {8509, 3165, -2826}, 0, {283, 1044}, {184, 161, 145, 255} }},
	{{ {9668, 1519, -3354}, 0, {558, 3118}, {55, 34, 12, 255} }},
	{{ {9409, 1519, -3939}, 0, {1262, 3118}, {54, 34, 9, 255} }},
	{{ {9108, 3165, -3649}, 0, {913, 1044}, {178, 155, 141, 251} }},
	{{ {9252, 3165, -3326}, 0, {524, 1044}, {177, 154, 140, 255} }},
	{{ {8961, 1519, -2384}, 0, {828, 3118}, {54, 34, 9, 255} }},
	{{ {9491, 1519, -2740}, 0, {1466, 3118}, {54, 34, 9, 255} }},
	{{ {9154, 3165, -2986}, 0, {1060, 1044}, {180, 158, 143, 255} }},
	{{ {7838, 1522, -3549}, 0, {793, 3118}, {96, 88, 74, 13} }},
	{{ {7882, 1519, -2912}, 0, {25, 3118}, {54, 34, 9, 95} }},
	{{ {8263, 3165, -3081}, 0, {229, 1044}, {184, 161, 145, 96} }},
	{{ {8239, 3165, -3434}, 0, {654, 1044}, {184, 161, 145, 76} }},
	{{ {9265, 5059, -3327}, 0, {525, -1236}, {134, 121, 91, 171} }},
	{{ {9118, 5059, -3659}, 0, {924, -1236}, {135, 122, 92, 147} }},
	{{ {9471, 5695, -3998}, 0, {1334, -2002}, {33, 14, 12, 173} }},
	{{ {9754, 5695, -3360}, 0, {565, -2002}, {33, 14, 12, 49} }},
	{{ {8791, 3165, -3805}, 0, {623, 1044}, {182, 159, 144, 0} }},
	{{ {8447, 3165, -3720}, 0, {209, 1044}, {184, 161, 145, 0} }},
	{{ {8440, 5059, -3731}, 0, {200, -1236}, {154, 147, 109, 137} }},
	{{ {8792, 5059, -3818}, 0, {624, -1236}, {134, 121, 91, 113} }},
	{{ {9154, 3165, -2986}, 0, {115, 1044}, {180, 158, 143, 255} }},
	{{ {9252, 3165, -3326}, 0, {524, 1044}, {177, 154, 140, 255} }},
	{{ {9265, 5059, -3327}, 0, {525, -1236}, {134, 121, 91, 171} }},
	{{ {9165, 5059, -2978}, 0, {105, -1236}, {134, 121, 91, 250} }},
	{{ {8509, 3165, -2826}, 0, {283, 1044}, {184, 161, 145, 255} }},
	{{ {8860, 3165, -2789}, 0, {707, 1044}, {183, 160, 145, 255} }},
	{{ {8864, 5059, -2776}, 0, {711, -1236}, {134, 121, 91, 255} }},
	{{ {8503, 5059, -2814}, 0, {276, -1236}, {134, 121, 91, 255} }},
	{{ {8447, 3165, -3720}, 0, {998, 1044}, {184, 161, 145, 0} }},
	{{ {8226, 5059, -3437}, 0, {658, -1236}, {134, 121, 91, 49} }},
	{{ {8440, 5059, -3731}, 0, {1011, -1236}, {154, 147, 109, 137} }},
	{{ {8239, 3165, -3434}, 0, {654, 1044}, {184, 161, 145, 0} }},
	{{ {8251, 5059, -3075}, 0, {222, -1236}, {134, 121, 91, 245} }},
	{{ {8263, 3165, -3081}, 0, {229, 1044}, {184, 161, 145, 0} }},
	{{ {9252, 3165, -3326}, 0, {524, 1044}, {177, 154, 140, 255} }},
	{{ {9108, 3165, -3649}, 0, {913, 1044}, {178, 155, 141, 250} }},
	{{ {9118, 5059, -3659}, 0, {924, -1236}, {135, 122, 92, 147} }},
	{{ {9265, 5059, -3327}, 0, {525, -1236}, {134, 121, 91, 171} }},
	{{ {8860, 3165, -2789}, 0, {707, 1044}, {183, 160, 145, 255} }},
	{{ {9154, 3165, -2986}, 0, {1060, 1044}, {180, 158, 143, 255} }},
	{{ {9165, 5059, -2978}, 0, {1073, -1236}, {134, 121, 91, 250} }},
	{{ {8864, 5059, -2776}, 0, {711, -1236}, {134, 121, 91, 255} }},
	{{ {9108, 3165, -3649}, 0, {1005, 1044}, {178, 155, 141, 243} }},
	{{ {8791, 3165, -3805}, 0, {623, 1044}, {182, 159, 144, 11} }},
	{{ {8792, 5059, -3818}, 0, {624, -1236}, {134, 121, 91, 113} }},
	{{ {9118, 5059, -3659}, 0, {1017, -1236}, {135, 122, 92, 147} }},
	{{ {8864, 5059, -2776}, 0, {711, -1236}, {134, 121, 91, 255} }},
	{{ {9165, 5059, -2978}, 0, {1073, -1236}, {134, 122, 91, 250} }},
	{{ {9561, 5695, -2690}, 0, {1550, -2002}, {33, 14, 12, 249} }},
	{{ {8982, 5695, -2300}, 0, {853, -2002}, {33, 14, 12, 254} }},
	{{ {8226, 5059, -3437}, 0, {658, -1236}, {134, 121, 91, 49} }},
	{{ {8251, 5059, -3075}, 0, {222, -1236}, {134, 121, 91, 252} }},
	{{ {7803, 5695, -2877}, 0, {-17, -2002}, {33, 14, 12, 255} }},
	{{ {7755, 5695, -3573}, 0, {821, -2002}, {33, 14, 12, 177} }},
	{{ {9118, 5059, -3659}, 0, {1017, -1236}, {135, 122, 92, 147} }},
	{{ {8792, 5059, -3818}, 0, {624, -1236}, {134, 121, 91, 113} }},
	{{ {8844, 5695, -4305}, 0, {687, -2002}, {33, 14, 12, 49} }},
	{{ {9471, 5695, -3998}, 0, {1442, -2002}, {33, 14, 12, 173} }},
	{{ {8251, 5059, -3075}, 0, {-363, -2133}, {134, 121, 91, 252} }},
	{{ {8503, 5059, -2814}, 0, {-60, -1818}, {134, 121, 91, 255} }},
	{{ {8287, 5695, -2374}, 0, {-319, -1288}, {38, 15, 13, 255} }},
	{{ {7803, 5695, -2877}, 0, {-902, -1894}, {33, 14, 12, 255} }},
	{{ {8792, 5059, -3818}, 0, {624, -1236}, {134, 121, 91, 113} }},
	{{ {8440, 5059, -3731}, 0, {200, -1236}, {158, 152, 113, 137} }},
	{{ {8166, 5695, -4137}, 0, {-129, -2002}, {33, 14, 12, 144} }},
	{{ {8844, 5695, -4305}, 0, {687, -2002}, {33, 14, 12, 49} }},
	{{ {9165, 5059, -2978}, 0, {105, -1236}, {134, 122, 91, 250} }},
	{{ {9265, 5059, -3327}, 0, {525, -1236}, {134, 121, 91, 171} }},
	{{ {9754, 5695, -3360}, 0, {565, -2002}, {33, 14, 12, 49} }},
	{{ {9561, 5695, -2690}, 0, {-242, -2002}, {33, 14, 12, 249} }},
	{{ {8503, 5059, -2814}, 0, {276, -1236}, {134, 121, 91, 255} }},
	{{ {8864, 5059, -2776}, 0, {711, -1236}, {134, 121, 91, 255} }},
	{{ {8982, 5695, -2300}, 0, {853, -2002}, {33, 14, 12, 254} }},
	{{ {8287, 5695, -2374}, 0, {17, -2002}, {38, 15, 13, 255} }},
	{{ {8440, 5059, -3731}, 0, {1011, -1236}, {162, 156, 117, 137} }},
	{{ {8226, 5059, -3437}, 0, {658, -1236}, {134, 121, 91, 49} }},
	{{ {7755, 5695, -3573}, 0, {821, -2002}, {33, 14, 12, 177} }},
	{{ {8166, 5695, -4137}, 0, {1501, -2002}, {33, 14, 12, 144} }},
	{{ {8161, 1933, -3712}, 0, {-6, 1008}, {7, 6, 5, 1} }},
	{{ {8122, 1990, -3727}, 0, {-5, 1008}, {111, 102, 85, 1} }},
	{{ {8215, 1522, -4066}, 0, {678, 987}, {96, 88, 74, 255} }},
	{{ {8207, 1534, -3881}, 0, {335, 997}, {0, 0, 0, 188} }},
	{{ {8200, 1546, -3697}, 0, {-7, 1008}, {0, 0, 0, 0} }},
	{{ {8207, 1534, -3881}, 0, {325, 998}, {0, 0, 0, 188} }},
	{{ {8019, 1534, -3623}, 0, {463, 885}, {6, 3, 0, 0} }},
	{{ {8200, 1546, -3697}, 0, {-16, 1008}, {0, 0, 0, 0} }},
	{{ {8215, 1522, -4066}, 0, {666, 988}, {96, 88, 74, 255} }},
	{{ {7838, 1522, -3549}, 0, {943, 763}, {96, 88, 74, 0} }},
	{{ {8019, 1534, -3623}, 0, {494, 878}, {6, 3, 0, 0} }},
	{{ {7838, 1522, -3549}, 0, {977, 754}, {96, 88, 74, 0} }},
	{{ {8122, 1990, -3727}, 0, {18, 999}, {111, 102, 85, 1} }},
	{{ {8161, 1933, -3712}, 0, {14, 1000}, {7, 6, 5, 1} }},
	{{ {8200, 1546, -3697}, 0, {10, 1001}, {0, 0, 0, 0} }},
};

Gfx maple_treewway_dl_Main_mesh_layer_1_tri_7[] = {
	gsSPVertex(maple_treewway_dl_Main_mesh_layer_1_vtx_7 + 0, 16, 0),
	gsSP1Triangle(0, 1, 2, 0),
	gsSP1Triangle(3, 4, 5, 0),
	gsSP1Triangle(6, 7, 8, 0),
	gsSP1Triangle(9, 10, 11, 0),
	gsSP1Triangle(9, 11, 12, 0),
	gsSP1Triangle(13, 14, 15, 0),
	gsSPVertex(maple_treewway_dl_Main_mesh_layer_1_vtx_7 + 16, 15, 0),
	gsSP1Triangle(0, 1, 2, 0),
	gsSP1Triangle(3, 4, 5, 0),
	gsSP1Triangle(3, 5, 6, 0),
	gsSP1Triangle(7, 8, 9, 0),
	gsSP1Triangle(7, 9, 10, 0),
	gsSP1Triangle(11, 12, 13, 0),
	gsSP1Triangle(11, 13, 14, 0),
	gsSPVertex(maple_treewway_dl_Main_mesh_layer_1_vtx_7 + 31, 15, 0),
	gsSP1Triangle(0, 1, 2, 0),
	gsSP1Triangle(0, 2, 3, 0),
	gsSP1Triangle(4, 5, 6, 0),
	gsSP1Triangle(4, 6, 7, 0),
	gsSP1Triangle(8, 9, 10, 0),
	gsSP1Triangle(8, 10, 2, 0),
	gsSP1Triangle(11, 12, 13, 0),
	gsSP1Triangle(11, 13, 14, 0),
	gsSPVertex(maple_treewway_dl_Main_mesh_layer_1_vtx_7 + 46, 16, 0),
	gsSP1Triangle(0, 1, 2, 0),
	gsSP1Triangle(0, 2, 3, 0),
	gsSP1Triangle(4, 5, 6, 0),
	gsSP1Triangle(4, 6, 7, 0),
	gsSP1Triangle(8, 9, 10, 0),
	gsSP1Triangle(8, 10, 11, 0),
	gsSP1Triangle(12, 13, 14, 0),
	gsSP1Triangle(12, 14, 15, 0),
	gsSPVertex(maple_treewway_dl_Main_mesh_layer_1_vtx_7 + 62, 14, 0),
	gsSP1Triangle(0, 1, 2, 0),
	gsSP1Triangle(0, 3, 1, 0),
	gsSP1Triangle(3, 4, 1, 0),
	gsSP1Triangle(3, 5, 4, 0),
	gsSP1Triangle(6, 7, 8, 0),
	gsSP1Triangle(6, 8, 9, 0),
	gsSP1Triangle(10, 11, 12, 0),
	gsSP1Triangle(10, 12, 13, 0),
	gsSPVertex(maple_treewway_dl_Main_mesh_layer_1_vtx_7 + 76, 16, 0),
	gsSP1Triangle(0, 1, 2, 0),
	gsSP1Triangle(0, 2, 3, 0),
	gsSP1Triangle(4, 5, 6, 0),
	gsSP1Triangle(4, 6, 7, 0),
	gsSP1Triangle(8, 9, 10, 0),
	gsSP1Triangle(8, 10, 11, 0),
	gsSP1Triangle(12, 13, 14, 0),
	gsSP1Triangle(12, 14, 15, 0),
	gsSPVertex(maple_treewway_dl_Main_mesh_layer_1_vtx_7 + 92, 16, 0),
	gsSP1Triangle(0, 1, 2, 0),
	gsSP1Triangle(0, 2, 3, 0),
	gsSP1Triangle(4, 5, 6, 0),
	gsSP1Triangle(4, 6, 7, 0),
	gsSP1Triangle(8, 9, 10, 0),
	gsSP1Triangle(8, 10, 11, 0),
	gsSP1Triangle(12, 13, 14, 0),
	gsSP1Triangle(12, 14, 15, 0),
	gsSPVertex(maple_treewway_dl_Main_mesh_layer_1_vtx_7 + 108, 14, 0),
	gsSP1Triangle(0, 1, 2, 0),
	gsSP1Triangle(0, 2, 3, 0),
	gsSP1Triangle(4, 5, 6, 0),
	gsSP1Triangle(4, 6, 7, 0),
	gsSP1Triangle(8, 4, 7, 0),
	gsSP1Triangle(9, 10, 11, 0),
	gsSP1Triangle(12, 10, 9, 0),
	gsSP1Triangle(12, 13, 10, 0),
	gsSPVertex(maple_treewway_dl_Main_mesh_layer_1_vtx_7 + 122, 5, 0),
	gsSP1Triangle(0, 1, 2, 0),
	gsSP1Triangle(0, 2, 3, 0),
	gsSP1Triangle(4, 0, 3, 0),
	gsSPEndDisplayList(),
};

Vtx maple_treewway_dl_Main_mesh_layer_4_vtx_0[48] = {
	{{ {-271, -158, -762}, 0, {-13, 2030}, {0, 127, 0, 255} }},
	{{ {-8, -158, -762}, 0, {988, 2030}, {0, 127, 0, 255} }},
	{{ {-8, -158, -1374}, 0, {988, -2633}, {0, 127, 0, 255} }},
	{{ {-271, -158, -1374}, 0, {-13, -2633}, {0, 127, 0, 255} }},
	{{ {-8, -158, -762}, 0, {1005, 2030}, {0, 127, 0, 255} }},
	{{ {254, -158, -762}, 0, {4, 2030}, {0, 127, 0, 255} }},
	{{ {254, -158, -1374}, 0, {4, -2633}, {0, 127, 0, 255} }},
	{{ {-8, -158, -1374}, 0, {1005, -2633}, {0, 127, 0, 255} }},
	{{ {-99, -158, -2349}, 0, {4, -7110}, {0, 127, 0, 255} }},
	{{ {-341, -158, -2247}, 0, {1005, -7110}, {0, 127, 0, 255} }},
	{{ {-173, -158, -2932}, 0, {6, -10705}, {0, 127, 0, 255} }},
	{{ {-434, -158, -2932}, 0, {1028, -10862}, {0, 127, 0, 255} }},
	{{ {-271, -158, -1374}, 0, {-13, -2633}, {0, 127, 0, 255} }},
	{{ {-8, -158, -1374}, 0, {988, -2633}, {0, 127, 0, 255} }},
	{{ {-341, -158, -2247}, 0, {988, -7110}, {0, 127, 0, 255} }},
	{{ {-583, -158, -2144}, 0, {-13, -7110}, {0, 127, 0, 255} }},
	{{ {-583, -158, -2144}, 0, {-13, -7110}, {0, 127, 0, 255} }},
	{{ {-341, -158, -2247}, 0, {988, -7110}, {0, 127, 0, 255} }},
	{{ {-434, -158, -2932}, 0, {1028, -10862}, {0, 127, 0, 255} }},
	{{ {-695, -158, -2932}, 0, {6, -10705}, {0, 127, 0, 255} }},
	{{ {-434, -158, -2932}, 0, {1028, -10862}, {0, 114, 56, 255} }},
	{{ {-173, -158, -2932}, 0, {6, -10705}, {0, 114, 56, 255} }},
	{{ {45, 204, -3669}, 0, {27, -15021}, {0, 114, 56, 255} }},
	{{ {-192, 204, -3669}, 0, {1086, -15039}, {0, 114, 56, 255} }},
	{{ {-695, -158, -2932}, 0, {6, -10705}, {0, 114, 56, 255} }},
	{{ {-429, 204, -3669}, 0, {27, -15021}, {0, 114, 56, 255} }},
	{{ {-192, 204, -3669}, 0, {1086, -15039}, {0, 127, 254, 255} }},
	{{ {45, 204, -3669}, 0, {27, -15021}, {0, 127, 254, 255} }},
	{{ {319, 196, -4002}, 0, {-36, -17663}, {0, 127, 254, 255} }},
	{{ {112, 196, -4146}, 0, {1044, -17726}, {0, 127, 254, 255} }},
	{{ {-429, 204, -3669}, 0, {27, -15021}, {0, 127, 255, 255} }},
	{{ {-192, 204, -3669}, 0, {1086, -15039}, {0, 127, 255, 255} }},
	{{ {112, 196, -4146}, 0, {1065, -17722}, {0, 127, 255, 255} }},
	{{ {-56, 196, -4246}, 0, {-15, -17659}, {0, 127, 255, 255} }},
	{{ {112, 196, -4146}, 0, {1044, -17726}, {0, 127, 0, 255} }},
	{{ {319, 196, -4002}, 0, {-36, -17663}, {0, 127, 0, 255} }},
	{{ {1024, 196, -4600}, 0, {0, -24441}, {0, 127, 0, 255} }},
	{{ {877, 196, -4664}, 0, {1105, -24724}, {0, 127, 0, 247} }},
	{{ {1331, 196, -4964}, 0, {-10, -25960}, {0, 127, 0, 255} }},
	{{ {1083, 196, -4964}, 0, {1075, -26482}, {0, 127, 0, 255} }},
	{{ {-56, 196, -4246}, 0, {-15, -17659}, {0, 127, 0, 255} }},
	{{ {112, 196, -4146}, 0, {1065, -17722}, {0, 127, 0, 255} }},
	{{ {877, 196, -4664}, 0, {1105, -24724}, {0, 127, 0, 247} }},
	{{ {641, 197, -4800}, 0, {0, -24441}, {0, 127, 0, 0} }},
	{{ {641, 197, -4800}, 0, {0, -24441}, {1, 127, 1, 0} }},
	{{ {877, 196, -4664}, 0, {1105, -24724}, {1, 127, 1, 247} }},
	{{ {1083, 196, -4964}, 0, {1075, -26482}, {1, 127, 1, 255} }},
	{{ {930, 199, -4964}, 0, {-10, -25960}, {1, 127, 1, 252} }},
};

Gfx maple_treewway_dl_Main_mesh_layer_4_tri_0[] = {
	gsSPVertex(maple_treewway_dl_Main_mesh_layer_4_vtx_0 + 0, 16, 0),
	gsSP1Triangle(0, 1, 2, 0),
	gsSP1Triangle(0, 2, 3, 0),
	gsSP1Triangle(4, 5, 6, 0),
	gsSP1Triangle(4, 6, 7, 0),
	gsSP1Triangle(7, 6, 8, 0),
	gsSP1Triangle(7, 8, 9, 0),
	gsSP1Triangle(9, 8, 10, 0),
	gsSP1Triangle(9, 10, 11, 0),
	gsSP1Triangle(12, 13, 14, 0),
	gsSP1Triangle(12, 14, 15, 0),
	gsSPVertex(maple_treewway_dl_Main_mesh_layer_4_vtx_0 + 16, 14, 0),
	gsSP1Triangle(0, 1, 2, 0),
	gsSP1Triangle(0, 2, 3, 0),
	gsSP1Triangle(4, 5, 6, 0),
	gsSP1Triangle(4, 6, 7, 0),
	gsSP1Triangle(8, 4, 7, 0),
	gsSP1Triangle(8, 7, 9, 0),
	gsSP1Triangle(10, 11, 12, 0),
	gsSP1Triangle(10, 12, 13, 0),
	gsSPVertex(maple_treewway_dl_Main_mesh_layer_4_vtx_0 + 30, 14, 0),
	gsSP1Triangle(0, 1, 2, 0),
	gsSP1Triangle(0, 2, 3, 0),
	gsSP1Triangle(4, 5, 6, 0),
	gsSP1Triangle(4, 6, 7, 0),
	gsSP1Triangle(7, 6, 8, 0),
	gsSP1Triangle(7, 8, 9, 0),
	gsSP1Triangle(10, 11, 12, 0),
	gsSP1Triangle(10, 12, 13, 0),
	gsSPVertex(maple_treewway_dl_Main_mesh_layer_4_vtx_0 + 44, 4, 0),
	gsSP1Triangle(0, 1, 2, 0),
	gsSP1Triangle(0, 2, 3, 0),
	gsSPEndDisplayList(),
};

Vtx maple_treewway_dl_Main_mesh_layer_4_vtx_1[24] = {
	{{ {914, 938, -6729}, 0, {-16, 1008}, {0, 0, 127, 255} }},
	{{ {1345, 938, -6729}, 0, {1008, 1008}, {0, 0, 127, 253} }},
	{{ {1345, 1369, -6729}, 0, {1008, -16}, {0, 0, 127, 255} }},
	{{ {914, 1369, -6729}, 0, {-16, -16}, {0, 0, 127, 53} }},
	{{ {7525, 1510, -8310}, 0, {-16, 1008}, {147, 0, 66, 255} }},
	{{ {7749, 1510, -7942}, 0, {1008, 1008}, {147, 0, 66, 252} }},
	{{ {7749, 1941, -7942}, 0, {1008, -16}, {147, 0, 66, 255} }},
	{{ {7525, 1941, -8310}, 0, {-16, -16}, {147, 0, 66, 255} }},
	{{ {4912, 1956, -7056}, 0, {-16, 1008}, {114, 0, 199, 255} }},
	{{ {4718, 1956, -7440}, 0, {1008, 1008}, {114, 0, 199, 252} }},
	{{ {4718, 2387, -7440}, 0, {1008, -16}, {114, 0, 199, 255} }},
	{{ {4912, 2387, -7056}, 0, {-16, -16}, {114, 0, 199, 255} }},
	{{ {4550, 1942, -11551}, 0, {47, 945}, {20, 0, 125, 255} }},
	{{ {5506, 1942, -11703}, 0, {945, 945}, {20, 0, 125, 253} }},
	{{ {5506, 2910, -11703}, 0, {945, 47}, {20, 0, 125, 255} }},
	{{ {4550, 2910, -11551}, 0, {47, 47}, {20, 0, 125, 255} }},
	{{ {4523, 3613, -12053}, 0, {-16, 1008}, {129, 0, 254, 255} }},
	{{ {4515, 3613, -11623}, 0, {1008, 1008}, {129, 0, 254, 252} }},
	{{ {4515, 4043, -11623}, 0, {1008, -16}, {129, 0, 254, 255} }},
	{{ {4523, 4043, -12053}, 0, {-16, -16}, {129, 0, 254, 255} }},
	{{ {13108, 2014, -1983}, 0, {-16, 1008}, {134, 0, 221, 255} }},
	{{ {12988, 2011, -1569}, 0, {1008, 1008}, {134, 0, 221, 252} }},
	{{ {12986, 2442, -1567}, 0, {1008, -16}, {134, 0, 221, 255} }},
	{{ {13107, 2444, -1981}, 0, {-16, -16}, {134, 0, 221, 255} }},
};

Gfx maple_treewway_dl_Main_mesh_layer_4_tri_1[] = {
	gsSPVertex(maple_treewway_dl_Main_mesh_layer_4_vtx_1 + 0, 16, 0),
	gsSP1Triangle(0, 1, 2, 0),
	gsSP1Triangle(0, 2, 3, 0),
	gsSP1Triangle(4, 5, 6, 0),
	gsSP1Triangle(4, 6, 7, 0),
	gsSP1Triangle(8, 9, 10, 0),
	gsSP1Triangle(8, 10, 11, 0),
	gsSP1Triangle(12, 13, 14, 0),
	gsSP1Triangle(12, 14, 15, 0),
	gsSPVertex(maple_treewway_dl_Main_mesh_layer_4_vtx_1 + 16, 8, 0),
	gsSP1Triangle(0, 1, 2, 0),
	gsSP1Triangle(0, 2, 3, 0),
	gsSP1Triangle(4, 5, 6, 0),
	gsSP1Triangle(4, 6, 7, 0),
	gsSPEndDisplayList(),
};

Vtx maple_treewway_dl_Main_mesh_layer_4_vtx_2[78] = {
	{{ {11619, 6212, -1190}, 0, {518, 1475}, {99, 223, 72, 154} }},
	{{ {12315, 4491, -683}, 0, {512, 1933}, {92, 57, 67, 252} }},
	{{ {13154, 4491, -3594}, 0, {2352, 1933}, {113, 57, 249, 154} }},
	{{ {12294, 6212, -3535}, 0, {2000, 1475}, {122, 223, 248, 251} }},
	{{ {9595, 6212, 172}, 0, {-971, 1473}, {29, 223, 119, 247} }},
	{{ {9802, 4491, 1008}, 0, {-1324, 1931}, {27, 57, 110, 255} }},
	{{ {12315, 4491, -683}, 0, {521, 1933}, {92, 57, 67, 252} }},
	{{ {11619, 6212, -1190}, 0, {516, 1475}, {99, 223, 72, 154} }},
	{{ {7168, 6212, -86}, 0, {-1985, 1473}, {202, 223, 110, 255} }},
	{{ {6790, 4491, 688}, 0, {-2563, 1931}, {206, 57, 102, 255} }},
	{{ {9802, 4491, 1008}, 0, {-1324, 1931}, {27, 57, 110, 255} }},
	{{ {9595, 6212, 172}, 0, {-967, 1473}, {29, 223, 119, 247} }},
	{{ {6745, 6212, -6250}, 0, {1099, 1475}, {188, 223, 154, 255} }},
	{{ {6264, 4491, -6965}, 0, {1240, 1933}, {193, 57, 162, 255} }},
	{{ {4480, 4491, -4517}, 0, {-217, 1931}, {147, 57, 225, 255} }},
	{{ {5308, 6212, -4278}, 0, {-74, 1473}, {138, 223, 222, 255} }},
	{{ {12294, 6212, -3535}, 0, {1996, 1475}, {122, 223, 248, 251} }},
	{{ {13154, 4491, -3594}, 0, {2352, 1933}, {113, 57, 249, 154} }},
	{{ {11925, 4491, -6363}, 0, {3488, 1933}, {82, 57, 177, 123} }},
	{{ {11305, 6212, -5765}, 0, {2932, 1475}, {88, 223, 171, 148} }},
	{{ {5308, 6212, -4278}, 0, {-71, 1473}, {138, 223, 222, 255} }},
	{{ {4480, 4491, -4517}, 0, {-207, 1931}, {147, 57, 225, 255} }},
	{{ {4688, 4491, -1494}, 0, {-1317, 1931}, {152, 57, 46, 255} }},
	{{ {5475, 6212, -1844}, 0, {-967, 1473}, {144, 223, 50, 255} }},
	{{ {11305, 6212, -5765}, 0, {2932, 1475}, {88, 223, 171, 148} }},
	{{ {11925, 4491, -6363}, 0, {3488, 1933}, {82, 57, 177, 123} }},
	{{ {9204, 4491, -7694}, 0, {2352, 1933}, {12, 57, 143, 255} }},
	{{ {9113, 6212, -6837}, 0, {1996, 1475}, {13, 223, 134, 154} }},
	{{ {4688, 4491, -1494}, 0, {-1324, 1931}, {152, 57, 46, 255} }},
	{{ {6790, 4491, 688}, 0, {-2563, 1931}, {206, 57, 102, 255} }},
	{{ {7168, 6212, -86}, 0, {-1985, 1473}, {202, 223, 110, 255} }},
	{{ {9113, 6212, -6837}, 0, {2003, 1475}, {13, 223, 134, 154} }},
	{{ {9204, 4491, -7694}, 0, {2352, 1933}, {12, 57, 143, 255} }},
	{{ {6264, 4491, -6965}, 0, {1235, 1933}, {193, 57, 162, 255} }},
	{{ {6745, 6212, -6250}, 0, {1103, 1475}, {188, 223, 154, 255} }},
	{{ {7803, 7835, -2877}, 0, {98, 465}, {217, 120, 17, 255} }},
	{{ {5475, 6212, -1844}, 0, {-967, 1473}, {194, 107, 27, 255} }},
	{{ {7168, 6212, -86}, 0, {-1986, 1473}, {226, 107, 61, 255} }},
	{{ {8287, 7835, -2374}, 0, {-398, 465}, {238, 120, 38, 255} }},
	{{ {8736, 7835, -3290}, 0, {514, 45}, {0, 127, 0, 255} }},
	{{ {8844, 7835, -4305}, 0, {939, 465}, {4, 120, 214, 255} }},
	{{ {9113, 6212, -6837}, 0, {1996, 1475}, {7, 107, 188, 154} }},
	{{ {6745, 6212, -6250}, 0, {1098, 1475}, {218, 107, 199, 255} }},
	{{ {8166, 7835, -4137}, 0, {682, 465}, {233, 120, 221, 255} }},
	{{ {5308, 6212, -4278}, 0, {-74, 1473}, {190, 107, 237, 255} }},
	{{ {7755, 7835, -3573}, 0, {346, 465}, {215, 120, 245, 255} }},
	{{ {8736, 7835, -3290}, 0, {514, 45}, {0, 127, 0, 255} }},
	{{ {7755, 7835, -3573}, 0, {346, 465}, {215, 120, 245, 255} }},
	{{ {7803, 7835, -2877}, 0, {98, 465}, {217, 120, 17, 255} }},
	{{ {8736, 7835, -3290}, 0, {514, 45}, {0, 127, 0, 255} }},
	{{ {8166, 7835, -4137}, 0, {682, 465}, {233, 120, 221, 255} }},
	{{ {9561, 7835, -2690}, 0, {515, 465}, {34, 120, 25, 255} }},
	{{ {11619, 6212, -1190}, 0, {516, 1475}, {55, 107, 40, 154} }},
	{{ {12294, 6212, -3535}, 0, {1996, 1475}, {68, 107, 252, 251} }},
	{{ {9754, 7835, -3360}, 0, {939, 465}, {42, 120, 254, 255} }},
	{{ {11305, 6212, -5765}, 0, {2933, 1475}, {49, 107, 209, 148} }},
	{{ {9471, 7835, -3998}, 0, {1416, 465}, {30, 120, 227, 255} }},
	{{ {9113, 6212, -6837}, 0, {1996, 1475}, {7, 107, 188, 154} }},
	{{ {8844, 7835, -4305}, 0, {939, 465}, {4, 120, 214, 255} }},
	{{ {8736, 7835, -3290}, 0, {514, 45}, {0, 127, 0, 255} }},
	{{ {8982, 7835, -2300}, 0, {98, 465}, {10, 120, 41, 255} }},
	{{ {8287, 7835, -2374}, 0, {-398, 465}, {238, 120, 38, 255} }},
	{{ {7168, 6212, -86}, 0, {-1986, 1473}, {226, 107, 61, 255} }},
	{{ {9595, 6212, 172}, 0, {-967, 1473}, {16, 107, 66, 247} }},
	{{ {8982, 7835, -2300}, 0, {98, 465}, {10, 120, 41, 255} }},
	{{ {11619, 6212, -1190}, 0, {518, 1475}, {55, 107, 40, 154} }},
	{{ {9561, 7835, -2690}, 0, {515, 465}, {34, 120, 25, 255} }},
	{{ {8982, 7835, -2300}, 0, {98, 465}, {10, 120, 41, 255} }},
	{{ {7755, 7835, -3573}, 0, {346, 465}, {215, 120, 245, 255} }},
	{{ {5308, 6212, -4278}, 0, {-74, 1473}, {190, 107, 237, 255} }},
	{{ {5475, 6212, -1844}, 0, {-967, 1473}, {194, 107, 27, 255} }},
	{{ {7803, 7835, -2877}, 0, {98, 465}, {217, 120, 17, 255} }},
	{{ {8844, 7835, -4305}, 0, {939, 465}, {4, 120, 214, 255} }},
	{{ {8166, 7835, -4137}, 0, {682, 465}, {233, 120, 221, 255} }},
	{{ {8736, 7835, -3290}, 0, {514, 45}, {0, 127, 0, 255} }},
	{{ {8287, 7835, -2374}, 0, {-398, 465}, {238, 120, 38, 255} }},
	{{ {8982, 7835, -2300}, 0, {98, 465}, {10, 120, 41, 255} }},
	{{ {8736, 7835, -3290}, 0, {514, 45}, {0, 127, 0, 255} }},
};

Gfx maple_treewway_dl_Main_mesh_layer_4_tri_2[] = {
	gsSPVertex(maple_treewway_dl_Main_mesh_layer_4_vtx_2 + 0, 16, 0),
	gsSP1Triangle(0, 1, 2, 0),
	gsSP1Triangle(0, 2, 3, 0),
	gsSP1Triangle(4, 5, 6, 0),
	gsSP1Triangle(4, 6, 7, 0),
	gsSP1Triangle(8, 9, 10, 0),
	gsSP1Triangle(8, 10, 11, 0),
	gsSP1Triangle(12, 13, 14, 0),
	gsSP1Triangle(12, 14, 15, 0),
	gsSPVertex(maple_treewway_dl_Main_mesh_layer_4_vtx_2 + 16, 15, 0),
	gsSP1Triangle(0, 1, 2, 0),
	gsSP1Triangle(0, 2, 3, 0),
	gsSP1Triangle(4, 5, 6, 0),
	gsSP1Triangle(4, 6, 7, 0),
	gsSP1Triangle(8, 9, 10, 0),
	gsSP1Triangle(8, 10, 11, 0),
	gsSP1Triangle(7, 12, 13, 0),
	gsSP1Triangle(7, 13, 14, 0),
	gsSPVertex(maple_treewway_dl_Main_mesh_layer_4_vtx_2 + 31, 16, 0),
	gsSP1Triangle(0, 1, 2, 0),
	gsSP1Triangle(0, 2, 3, 0),
	gsSP1Triangle(4, 5, 6, 0),
	gsSP1Triangle(4, 6, 7, 0),
	gsSP1Triangle(4, 7, 8, 0),
	gsSP1Triangle(4, 8, 8, 0),
	gsSP1Triangle(9, 10, 11, 0),
	gsSP1Triangle(9, 11, 12, 0),
	gsSP1Triangle(12, 11, 13, 0),
	gsSP1Triangle(12, 13, 14, 0),
	gsSP1Triangle(12, 14, 15, 0),
	gsSP1Triangle(14, 15, 15, 0),
	gsSPVertex(maple_treewway_dl_Main_mesh_layer_4_vtx_2 + 47, 14, 0),
	gsSP1Triangle(0, 1, 2, 0),
	gsSP1Triangle(3, 2, 2, 0),
	gsSP1Triangle(4, 5, 6, 0),
	gsSP1Triangle(4, 6, 7, 0),
	gsSP1Triangle(7, 6, 8, 0),
	gsSP1Triangle(7, 8, 9, 0),
	gsSP1Triangle(9, 8, 10, 0),
	gsSP1Triangle(9, 10, 11, 0),
	gsSP1Triangle(9, 11, 12, 0),
	gsSP1Triangle(9, 12, 12, 0),
	gsSP1Triangle(7, 9, 2, 0),
	gsSP1Triangle(7, 2, 2, 0),
	gsSP1Triangle(4, 7, 2, 0),
	gsSP1Triangle(4, 2, 2, 0),
	gsSP1Triangle(13, 4, 2, 0),
	gsSP1Triangle(13, 2, 2, 0),
	gsSPVertex(maple_treewway_dl_Main_mesh_layer_4_vtx_2 + 61, 14, 0),
	gsSP1Triangle(0, 1, 2, 0),
	gsSP1Triangle(0, 2, 3, 0),
	gsSP1Triangle(2, 4, 5, 0),
	gsSP1Triangle(2, 5, 6, 0),
	gsSP1Triangle(7, 8, 9, 0),
	gsSP1Triangle(7, 9, 10, 0),
	gsSP1Triangle(11, 12, 13, 0),
	gsSP1Triangle(11, 13, 13, 0),
	gsSPVertex(maple_treewway_dl_Main_mesh_layer_4_vtx_2 + 75, 3, 0),
	gsSP1Triangle(0, 1, 2, 0),
	gsSP1Triangle(0, 2, 2, 0),
	gsSPEndDisplayList(),
};

Vtx maple_treewway_dl_Main_mesh_layer_6_vtx_0[188] = {
	{{ {362, -158, -2722}, 0, {496, 24}, {255, 255, 255, 255} }},
	{{ {247, -158, -2675}, 0, {-171, 163}, {255, 255, 255, 255} }},
	{{ {199, -158, -2560}, 0, {-447, 496}, {255, 255, 255, 255} }},
	{{ {362, -158, -2398}, 0, {496, 968}, {255, 255, 255, 255} }},
	{{ {247, -158, -2445}, 0, {-171, 829}, {255, 255, 255, 255} }},
	{{ {524, -158, -2560}, 0, {1439, 496}, {254, 254, 253, 255} }},
	{{ {476, -158, -2445}, 0, {1163, 829}, {255, 255, 255, 255} }},
	{{ {362, -158, -2207}, 0, {496, 1520}, {255, 255, 255, 0} }},
	{{ {112, -158, -2311}, 0, {-952, 1220}, {255, 255, 255, 16} }},
	{{ {247, -158, -2445}, 0, {-171, 829}, {255, 255, 255, 255} }},
	{{ {9, -158, -2560}, 0, {-1552, 496}, {255, 255, 255, 5} }},
	{{ {199, -158, -2560}, 0, {-447, 496}, {255, 255, 255, 255} }},
	{{ {112, -158, -2809}, 0, {-952, -228}, {255, 255, 255, 11} }},
	{{ {247, -158, -2675}, 0, {-171, 163}, {255, 255, 255, 255} }},
	{{ {362, -158, -2912}, 0, {496, -528}, {255, 255, 255, 1} }},
	{{ {362, -158, -2722}, 0, {496, 24}, {255, 255, 255, 255} }},
	{{ {611, -158, -2809}, 0, {1944, -228}, {191, 157, 100, 0} }},
	{{ {362, -158, -2912}, 0, {496, -528}, {255, 255, 255, 1} }},
	{{ {362, -158, -2722}, 0, {496, 24}, {255, 255, 255, 255} }},
	{{ {476, -158, -2675}, 0, {1163, 163}, {254, 254, 254, 255} }},
	{{ {714, -158, -2560}, 0, {2544, 496}, {190, 157, 99, 5} }},
	{{ {524, -158, -2560}, 0, {1439, 496}, {254, 254, 253, 255} }},
	{{ {611, -158, -2311}, 0, {1944, 1220}, {255, 255, 255, 0} }},
	{{ {476, -158, -2445}, 0, {1163, 829}, {255, 255, 255, 255} }},
	{{ {362, -158, -2207}, 0, {496, 1520}, {255, 255, 255, 0} }},
	{{ {476, -158, -2675}, 0, {1163, 163}, {254, 254, 254, 255} }},
	{{ {362, -158, -2722}, 0, {496, 24}, {255, 255, 255, 255} }},
	{{ {1331, 760, -6005}, 0, {362, -1281}, {255, 248, 255, 255} }},
	{{ {1331, 760, -3814}, 0, {362, 3832}, {254, 254, 254, 239} }},
	{{ {2307, 888, -3814}, 0, {2644, 3834}, {199, 184, 134, 0} }},
	{{ {1967, 806, -6005}, 0, {1853, -1279}, {255, 255, 255, 0} }},
	{{ {1331, 760, -6740}, 0, {362, -2997}, {255, 248, 255, 255} }},
	{{ {1967, 806, -6005}, 0, {1815, -1303}, {255, 255, 255, 0} }},
	{{ {1566, 761, -6904}, 0, {836, -3324}, {190, 157, 99, 0} }},
	{{ {1331, 760, -6005}, 0, {362, -1281}, {255, 248, 255, 255} }},
	{{ {930, 199, -4964}, 0, {-574, 1148}, {190, 157, 99, 252} }},
	{{ {930, 199, -3669}, 0, {-574, 4171}, {190, 157, 99, 118} }},
	{{ {1331, 197, -3669}, 0, {362, 4171}, {190, 157, 99, 229} }},
	{{ {1331, 197, -4964}, 0, {362, 1148}, {252, 245, 251, 255} }},
	{{ {930, 199, -3669}, 0, {1518, -11639}, {190, 157, 99, 118} }},
	{{ {930, 199, -4964}, 0, {1518, -14662}, {190, 157, 99, 252} }},
	{{ {649, 202, -5023}, 0, {717, -14798}, {255, 237, 236, 0} }},
	{{ {649, 202, -3669}, 0, {717, -11639}, {190, 157, 99, 0} }},
	{{ {649, 202, -5023}, 0, {717, -14788}, {255, 237, 236, 0} }},
	{{ {930, 201, -5219}, 0, {1518, -15231}, {234, 217, 214, 1} }},
	{{ {649, 201, -5163}, 0, {717, -15096}, {255, 243, 221, 0} }},
	{{ {-522, 413, -6227}, 0, {-4637, -9969}, {255, 255, 255, 255} }},
	{{ {-694, 413, -6156}, 0, {-5303, -9831}, {255, 255, 255, 255} }},
	{{ {-765, 413, -5983}, 0, {-5580, -9497}, {255, 255, 255, 255} }},
	{{ {-522, 413, -5740}, 0, {-4637, -9026}, {255, 248, 235, 255} }},
	{{ {-694, 413, -5811}, 0, {-5303, -9164}, {255, 244, 222, 255} }},
	{{ {-278, 413, -5983}, 0, {-3693, -9497}, {255, 255, 255, 255} }},
	{{ {-349, 413, -5811}, 0, {-3970, -9164}, {255, 255, 255, 255} }},
	{{ {-349, 413, -6156}, 0, {-3970, -9831}, {255, 255, 255, 255} }},
	{{ {-896, 413, -5609}, 0, {-6085, -8773}, {255, 243, 221, 1} }},
	{{ {-522, 413, -5454}, 0, {-4637, -8473}, {255, 243, 221, 0} }},
	{{ {-522, 413, -5740}, 0, {-4637, -9026}, {255, 248, 235, 255} }},
	{{ {-694, 413, -5811}, 0, {-5303, -9164}, {255, 244, 222, 255} }},
	{{ {-896, 413, -6357}, 0, {-6085, -10222}, {255, 254, 252, 0} }},
	{{ {-1051, 413, -5983}, 0, {-6685, -9498}, {252, 251, 251, 24} }},
	{{ {-765, 413, -5983}, 0, {-5580, -9498}, {255, 255, 255, 255} }},
	{{ {-694, 413, -6156}, 0, {-5304, -9831}, {255, 255, 255, 255} }},
	{{ {7, 413, -5983}, 0, {-2589, -9497}, {255, 255, 255, 0} }},
	{{ {-148, 413, -6357}, 0, {-3188, -10222}, {255, 243, 221, 0} }},
	{{ {-349, 413, -6156}, 0, {-3970, -9831}, {255, 255, 255, 255} }},
	{{ {-278, 413, -5983}, 0, {-3693, -9497}, {255, 255, 255, 255} }},
	{{ {-522, 413, -5454}, 0, {-4637, -8474}, {255, 243, 221, 0} }},
	{{ {-148, 413, -5609}, 0, {-3188, -8774}, {255, 255, 255, 0} }},
	{{ {-349, 413, -5811}, 0, {-3970, -9164}, {255, 255, 255, 255} }},
	{{ {-522, 413, -5740}, 0, {-4637, -9026}, {255, 248, 235, 255} }},
	{{ {-1051, 413, -5983}, 0, {-6684, -9497}, {252, 251, 251, 24} }},
	{{ {-896, 413, -5609}, 0, {-6085, -8773}, {255, 243, 221, 1} }},
	{{ {-694, 413, -5811}, 0, {-5303, -9164}, {255, 244, 222, 255} }},
	{{ {-765, 413, -5983}, 0, {-5580, -9497}, {255, 255, 255, 255} }},
	{{ {-522, 413, -6512}, 0, {-4637, -10522}, {255, 255, 255, 1} }},
	{{ {-896, 413, -6357}, 0, {-6085, -10222}, {255, 254, 252, 0} }},
	{{ {-694, 413, -6156}, 0, {-5304, -9831}, {255, 255, 255, 255} }},
	{{ {-522, 413, -6227}, 0, {-4637, -9969}, {255, 255, 255, 255} }},
	{{ {-148, 413, -6357}, 0, {-3188, -10222}, {255, 243, 221, 0} }},
	{{ {-522, 413, -6512}, 0, {-4637, -10522}, {255, 255, 255, 1} }},
	{{ {-522, 413, -6227}, 0, {-4637, -9969}, {255, 255, 255, 255} }},
	{{ {-349, 413, -6156}, 0, {-3970, -9831}, {255, 255, 255, 255} }},
	{{ {-148, 413, -5609}, 0, {-3189, -8774}, {255, 255, 255, 0} }},
	{{ {7, 413, -5983}, 0, {-2589, -9498}, {255, 255, 255, 0} }},
	{{ {-278, 413, -5983}, 0, {-3693, -9498}, {255, 255, 255, 255} }},
	{{ {-349, 413, -5811}, 0, {-3970, -9164}, {255, 255, 255, 255} }},
	{{ {1082, 3070, -11056}, 0, {3022, -2213}, {255, 246, 250, 0} }},
	{{ {811, 3012, -11056}, 0, {2179, -2213}, {255, 246, 250, 255} }},
	{{ {811, 3012, -10705}, 0, {2179, -1121}, {255, 247, 250, 255} }},
	{{ {1082, 3070, -10705}, 0, {3022, -1121}, {255, 246, 250, 0} }},
	{{ {-117, 3070, -11346}, 0, {-702, -3063}, {255, 246, 250, 0} }},
	{{ {-479, 3070, -11346}, 0, {-1830, -3063}, {255, 246, 250, 0} }},
	{{ {-479, 3012, -11056}, 0, {-1830, -2162}, {255, 246, 250, 255} }},
	{{ {-117, 3012, -11056}, 0, {-702, -2162}, {255, 246, 250, 231} }},
	{{ {811, 3070, -9614}, 0, {2179, 2326}, {255, 246, 250, 0} }},
	{{ {811, 3012, -9882}, 0, {2179, 1491}, {255, 246, 250, 255} }},
	{{ {473, 3012, -9882}, 0, {1129, 1491}, {253, 244, 247, 255} }},
	{{ {473, 3070, -9614}, 0, {1129, 2326}, {203, 192, 184, 0} }},
	{{ {-777, 3070, -10223}, 0, {-2754, 376}, {255, 234, 253, 0} }},
	{{ {-777, 3070, -9882}, 0, {-2754, 1433}, {255, 234, 253, 0} }},
	{{ {-479, 3012, -9882}, 0, {-1830, 1433}, {228, 219, 218, 252} }},
	{{ {-479, 3012, -10223}, 0, {-1830, 376}, {238, 229, 230, 243} }},
	{{ {202, 3012, -9614}, 0, {287, 2268}, {249, 241, 243, 255} }},
	{{ {202, 3012, -9097}, 0, {287, 3873}, {255, 255, 255, 255} }},
	{{ {473, 3070, -9097}, 0, {1129, 3873}, {255, 255, 255, 0} }},
	{{ {473, 3070, -9614}, 0, {1129, 2268}, {203, 192, 184, 0} }},
	{{ {7850, 3463, -9776}, 0, {27770, -16837}, {254, 254, 254, 255} }},
	{{ {7677, 3463, -9704}, 0, {27103, -16699}, {255, 255, 255, 255} }},
	{{ {7606, 3463, -9532}, 0, {26827, -16366}, {203, 196, 189, 255} }},
	{{ {7850, 3463, -9288}, 0, {27770, -15894}, {244, 243, 242, 255} }},
	{{ {7606, 3463, -9532}, 0, {26827, -16366}, {203, 196, 189, 255} }},
	{{ {7677, 3463, -9360}, 0, {27103, -16032}, {177, 163, 141, 255} }},
	{{ {7850, 3463, -9288}, 0, {27770, -15894}, {244, 243, 242, 255} }},
	{{ {8093, 3463, -9532}, 0, {28713, -16366}, {243, 243, 243, 255} }},
	{{ {7850, 3463, -9776}, 0, {27770, -16837}, {254, 254, 254, 255} }},
	{{ {8022, 3463, -9360}, 0, {28437, -16032}, {254, 254, 254, 255} }},
	{{ {8022, 3463, -9704}, 0, {28437, -16699}, {242, 242, 241, 255} }},
	{{ {7476, 3463, -9158}, 0, {26322, -15642}, {170, 153, 122, 0} }},
	{{ {7850, 3463, -9003}, 0, {27770, -15342}, {161, 155, 144, 0} }},
	{{ {7850, 3463, -9288}, 0, {27770, -15895}, {244, 243, 242, 255} }},
	{{ {7677, 3463, -9360}, 0, {27103, -16033}, {177, 163, 141, 255} }},
	{{ {7476, 3463, -9906}, 0, {26322, -17091}, {253, 253, 253, 0} }},
	{{ {7321, 3463, -9532}, 0, {25722, -16366}, {170, 153, 121, 0} }},
	{{ {7606, 3463, -9532}, 0, {26827, -16366}, {203, 196, 189, 255} }},
	{{ {7677, 3463, -9704}, 0, {27103, -16700}, {255, 255, 255, 255} }},
	{{ {8379, 3463, -9532}, 0, {29819, -16365}, {133, 124, 95, 0} }},
	{{ {8224, 3463, -9906}, 0, {29219, -17089}, {133, 123, 94, 0} }},
	{{ {8022, 3463, -9704}, 0, {28438, -16699}, {242, 242, 241, 255} }},
	{{ {8093, 3463, -9532}, 0, {28714, -16365}, {243, 243, 243, 255} }},
	{{ {7850, 3463, -9003}, 0, {27770, -15342}, {161, 155, 144, 0} }},
	{{ {8224, 3463, -9158}, 0, {29218, -15642}, {138, 130, 109, 0} }},
	{{ {8022, 3463, -9360}, 0, {28437, -16033}, {254, 254, 254, 255} }},
	{{ {7850, 3463, -9288}, 0, {27770, -15895}, {244, 243, 242, 255} }},
	{{ {7321, 3463, -9532}, 0, {25722, -16366}, {170, 153, 121, 0} }},
	{{ {7476, 3463, -9158}, 0, {26322, -15642}, {170, 153, 122, 0} }},
	{{ {7677, 3463, -9360}, 0, {27103, -16032}, {177, 163, 141, 255} }},
	{{ {7606, 3463, -9532}, 0, {26827, -16366}, {203, 196, 189, 255} }},
	{{ {7850, 3463, -10061}, 0, {27770, -17389}, {192, 190, 187, 0} }},
	{{ {7476, 3463, -9906}, 0, {26322, -17090}, {253, 253, 253, 0} }},
	{{ {7677, 3463, -9704}, 0, {27103, -16699}, {255, 255, 255, 255} }},
	{{ {7850, 3463, -9776}, 0, {27770, -16837}, {254, 254, 254, 255} }},
	{{ {8224, 3463, -9906}, 0, {29218, -17091}, {133, 123, 94, 0} }},
	{{ {7850, 3463, -10061}, 0, {27770, -17390}, {192, 190, 187, 0} }},
	{{ {7850, 3463, -9776}, 0, {27770, -16838}, {254, 254, 254, 255} }},
	{{ {8022, 3463, -9704}, 0, {28437, -16700}, {242, 242, 241, 255} }},
	{{ {8224, 3463, -9158}, 0, {29218, -15643}, {138, 130, 109, 0} }},
	{{ {8379, 3463, -9532}, 0, {29817, -16367}, {133, 124, 95, 0} }},
	{{ {8093, 3463, -9532}, 0, {28712, -16367}, {243, 243, 243, 255} }},
	{{ {8022, 3463, -9360}, 0, {28436, -16034}, {254, 254, 254, 255} }},
	{{ {11898, 1959, -2379}, 0, {6588, 2360}, {255, 255, 255, 0} }},
	{{ {12230, 1959, -3530}, 0, {7239, 101}, {255, 255, 255, 0} }},
	{{ {10826, 1519, -3434}, 0, {4482, 290}, {236, 216, 212, 255} }},
	{{ {10998, 1739, -1643}, 0, {4820, 3807}, {255, 255, 255, 192} }},
	{{ {10429, 1519, -2057}, 0, {3703, 2993}, {255, 234, 228, 255} }},
	{{ {9240, 1519, -1257}, 0, {1411, 4572}, {255, 234, 228, 253} }},
	{{ {10246, 1734, -1167}, 0, {3395, 4754}, {255, 255, 255, 191} }},
	{{ {11567, 1953, -1228}, 0, {5937, 4620}, {218, 163, 121, 0} }},
	{{ {10246, 1734, -1167}, 0, {3470, 4767}, {255, 255, 255, 187} }},
	{{ {11567, 1953, -1228}, 0, {5937, 4620}, {218, 163, 121, 0} }},
	{{ {10998, 1739, -1643}, 0, {4820, 3807}, {255, 255, 255, 192} }},
	{{ {11567, 1953, -1228}, 0, {5934, 4621}, {218, 163, 119, 0} }},
	{{ {9240, 1519, -1257}, 0, {1369, 4563}, {255, 234, 228, 255} }},
	{{ {7815, 1519, -1409}, 0, {-1428, 4266}, {255, 234, 228, 255} }},
	{{ {7197, 1525, -145}, 0, {-2401, 6451}, {159, 145, 142, 102} }},
	{{ {9410, 1519, -574}, 0, {1717, 5761}, {227, 208, 203, 197} }},
	{{ {9579, 1519, 109}, 0, {1948, 6373}, {159, 145, 142, 156} }},
	{{ {11906, 907, 138}, 0, {6421, 6641}, {161, 146, 142, 0} }},
	{{ {11736, 907, -545}, 0, {6134, 5817}, {159, 145, 142, 33} }},
	{{ {11736, 907, -545}, 0, {6117, 5810}, {159, 145, 142, 33} }},
	{{ {11567, 907, -1228}, 0, {5789, 4772}, {188, 170, 168, 0} }},
	{{ {7567, 1525, -5029}, 0, {-1916, -2841}, {255, 234, 228, 255} }},
	{{ {5371, 1097, -4260}, 0, {-6170, -1290}, {205, 188, 184, 0} }},
	{{ {6723, 1525, -3870}, 0, {-3573, -567}, {255, 234, 228, 255} }},
	{{ {7567, 1525, -5029}, 0, {-1916, -2841}, {255, 234, 228, 255} }},
	{{ {6781, 991, -6196}, 0, {-3459, -5134}, {205, 189, 184, 0} }},
	{{ {5371, 1097, -4260}, 0, {-6170, -1290}, {205, 188, 184, 0} }},
	{{ {8957, 1525, -5373}, 0, {814, -3518}, {255, 238, 234, 255} }},
	{{ {8340, 991, -6842}, 0, {-382, -6334}, {218, 194, 193, 0} }},
	{{ {6723, 1525, -3870}, 0, {-3573, -567}, {255, 234, 228, 255} }},
	{{ {5371, 1097, -4260}, 0, {-6157, -1337}, {205, 188, 184, 0} }},
	{{ {5535, 1243, -1870}, 0, {-5906, 3361}, {159, 145, 142, 0} }},
	{{ {6821, 1525, -2441}, 0, {-3380, 2240}, {255, 234, 228, 255} }},
	{{ {7197, 1525, -145}, 0, {-2469, 6370}, {159, 145, 142, 111} }},
	{{ {7815, 1519, -1409}, 0, {-1428, 4266}, {255, 234, 228, 255} }},
	{{ {-652, 3012, -9097}, 0, {-2364, 3873}, {252, 249, 250, 0} }},
	{{ {-648, 3012, -9614}, 0, {-2353, 2268}, {210, 200, 194, 0} }},
	{{ {-777, 3070, -9614}, 0, {-2753, 2268}, {255, 234, 253, 0} }},
	{{ {-777, 3070, -9097}, 0, {-2754, 3873}, {228, 220, 216, 0} }},
};

Gfx maple_treewway_dl_Main_mesh_layer_6_tri_0[] = {
	gsSPVertex(maple_treewway_dl_Main_mesh_layer_6_vtx_0 + 0, 16, 0),
	gsSP1Triangle(0, 1, 2, 0),
	gsSP1Triangle(0, 2, 3, 0),
	gsSP1Triangle(2, 4, 3, 0),
	gsSP1Triangle(3, 5, 0, 0),
	gsSP1Triangle(3, 6, 5, 0),
	gsSP1Triangle(7, 6, 3, 0),
	gsSP1Triangle(8, 7, 3, 0),
	gsSP1Triangle(8, 3, 9, 0),
	gsSP1Triangle(10, 8, 9, 0),
	gsSP1Triangle(10, 9, 11, 0),
	gsSP1Triangle(12, 10, 11, 0),
	gsSP1Triangle(12, 11, 13, 0),
	gsSP1Triangle(14, 12, 13, 0),
	gsSP1Triangle(14, 13, 15, 0),
	gsSPVertex(maple_treewway_dl_Main_mesh_layer_6_vtx_0 + 16, 15, 0),
	gsSP1Triangle(0, 1, 2, 0),
	gsSP1Triangle(0, 2, 3, 0),
	gsSP1Triangle(4, 0, 3, 0),
	gsSP1Triangle(4, 3, 5, 0),
	gsSP1Triangle(6, 4, 5, 0),
	gsSP1Triangle(6, 5, 7, 0),
	gsSP1Triangle(8, 6, 7, 0),
	gsSP1Triangle(5, 9, 10, 0),
	gsSP1Triangle(11, 12, 13, 0),
	gsSP1Triangle(11, 13, 14, 0),
	gsSPVertex(maple_treewway_dl_Main_mesh_layer_6_vtx_0 + 31, 15, 0),
	gsSP1Triangle(0, 1, 2, 0),
	gsSP1Triangle(0, 3, 1, 0),
	gsSP1Triangle(4, 5, 6, 0),
	gsSP1Triangle(4, 6, 7, 0),
	gsSP1Triangle(8, 9, 10, 0),
	gsSP1Triangle(8, 10, 11, 0),
	gsSP1Triangle(12, 9, 13, 0),
	gsSP1Triangle(12, 13, 14, 0),
	gsSPVertex(maple_treewway_dl_Main_mesh_layer_6_vtx_0 + 46, 16, 0),
	gsSP1Triangle(0, 1, 2, 0),
	gsSP1Triangle(0, 2, 3, 0),
	gsSP1Triangle(2, 4, 3, 0),
	gsSP1Triangle(3, 5, 0, 0),
	gsSP1Triangle(3, 6, 5, 0),
	gsSP1Triangle(5, 7, 0, 0),
	gsSP1Triangle(8, 9, 10, 0),
	gsSP1Triangle(8, 10, 11, 0),
	gsSP1Triangle(12, 13, 14, 0),
	gsSP1Triangle(12, 14, 15, 0),
	gsSPVertex(maple_treewway_dl_Main_mesh_layer_6_vtx_0 + 62, 16, 0),
	gsSP1Triangle(0, 1, 2, 0),
	gsSP1Triangle(0, 2, 3, 0),
	gsSP1Triangle(4, 5, 6, 0),
	gsSP1Triangle(4, 6, 7, 0),
	gsSP1Triangle(8, 9, 10, 0),
	gsSP1Triangle(8, 10, 11, 0),
	gsSP1Triangle(12, 13, 14, 0),
	gsSP1Triangle(12, 14, 15, 0),
	gsSPVertex(maple_treewway_dl_Main_mesh_layer_6_vtx_0 + 78, 16, 0),
	gsSP1Triangle(0, 1, 2, 0),
	gsSP1Triangle(0, 2, 3, 0),
	gsSP1Triangle(4, 5, 6, 0),
	gsSP1Triangle(4, 6, 7, 0),
	gsSP1Triangle(8, 9, 10, 0),
	gsSP1Triangle(8, 10, 11, 0),
	gsSP1Triangle(12, 13, 14, 0),
	gsSP1Triangle(12, 14, 15, 0),
	gsSPVertex(maple_treewway_dl_Main_mesh_layer_6_vtx_0 + 94, 16, 0),
	gsSP1Triangle(0, 1, 2, 0),
	gsSP1Triangle(0, 2, 3, 0),
	gsSP1Triangle(4, 5, 6, 0),
	gsSP1Triangle(4, 6, 7, 0),
	gsSP1Triangle(8, 9, 10, 0),
	gsSP1Triangle(8, 10, 11, 0),
	gsSP1Triangle(12, 13, 14, 0),
	gsSP1Triangle(12, 14, 15, 0),
	gsSPVertex(maple_treewway_dl_Main_mesh_layer_6_vtx_0 + 110, 15, 0),
	gsSP1Triangle(0, 1, 2, 0),
	gsSP1Triangle(2, 3, 4, 0),
	gsSP1Triangle(2, 5, 3, 0),
	gsSP1Triangle(3, 6, 4, 0),
	gsSP1Triangle(7, 8, 9, 0),
	gsSP1Triangle(7, 9, 10, 0),
	gsSP1Triangle(11, 12, 13, 0),
	gsSP1Triangle(11, 13, 14, 0),
	gsSPVertex(maple_treewway_dl_Main_mesh_layer_6_vtx_0 + 125, 16, 0),
	gsSP1Triangle(0, 1, 2, 0),
	gsSP1Triangle(0, 2, 3, 0),
	gsSP1Triangle(4, 5, 6, 0),
	gsSP1Triangle(4, 6, 7, 0),
	gsSP1Triangle(8, 9, 10, 0),
	gsSP1Triangle(8, 10, 11, 0),
	gsSP1Triangle(12, 13, 14, 0),
	gsSP1Triangle(12, 14, 15, 0),
	gsSPVertex(maple_treewway_dl_Main_mesh_layer_6_vtx_0 + 141, 16, 0),
	gsSP1Triangle(0, 1, 2, 0),
	gsSP1Triangle(0, 2, 3, 0),
	gsSP1Triangle(4, 5, 6, 0),
	gsSP1Triangle(4, 6, 7, 0),
	gsSP1Triangle(8, 9, 10, 0),
	gsSP1Triangle(11, 8, 10, 0),
	gsSP1Triangle(10, 12, 11, 0),
	gsSP1Triangle(13, 11, 12, 0),
	gsSP1Triangle(13, 14, 11, 0),
	gsSP1Triangle(11, 15, 8, 0),
	gsSPVertex(maple_treewway_dl_Main_mesh_layer_6_vtx_0 + 157, 16, 0),
	gsSP1Triangle(0, 1, 2, 0),
	gsSP1Triangle(0, 3, 1, 0),
	gsSP1Triangle(4, 5, 6, 0),
	gsSP1Triangle(6, 7, 4, 0),
	gsSP1Triangle(6, 8, 7, 0),
	gsSP1Triangle(7, 8, 9, 0),
	gsSP1Triangle(7, 9, 10, 0),
	gsSP1Triangle(4, 7, 11, 0),
	gsSP1Triangle(4, 11, 12, 0),
	gsSP1Triangle(13, 14, 15, 0),
	gsSPVertex(maple_treewway_dl_Main_mesh_layer_6_vtx_0 + 173, 15, 0),
	gsSP1Triangle(0, 1, 2, 0),
	gsSP1Triangle(3, 1, 0, 0),
	gsSP1Triangle(3, 4, 1, 0),
	gsSP1Triangle(5, 6, 7, 0),
	gsSP1Triangle(5, 7, 8, 0),
	gsSP1Triangle(8, 7, 9, 0),
	gsSP1Triangle(8, 9, 10, 0),
	gsSP1Triangle(11, 12, 13, 0),
	gsSP1Triangle(11, 13, 14, 0),
	gsSPEndDisplayList(),
};

Vtx maple_treewway_dl_Main_mesh_layer_7_vtx_0[24] = {
	{{ {3212, 940, -3814}, 0, {5462, -7178}, {0, 0, 129, 0} }},
	{{ {2888, 940, -3814}, 0, {3234, -7191}, {0, 0, 129, 2} }},
	{{ {2888, 9603, -3822}, 0, {3234, -24616}, {0, 0, 129, 249} }},
	{{ {3212, 9603, -3822}, 0, {5462, -24602}, {0, 0, 129, 249} }},
	{{ {2738, 776, -6005}, 0, {3126, -232}, {0, 127, 252, 19} }},
	{{ {3061, 776, -6005}, 0, {5354, -218}, {0, 127, 252, 151} }},
	{{ {2636, 728, -7399}, 0, {5354, 4179}, {0, 120, 214, 0} }},
	{{ {2307, 728, -7399}, 0, {3088, 4178}, {0, 115, 201, 5} }},
	{{ {2884, 899, -3863}, 0, {3223, -6963}, {0, 119, 212, 0} }},
	{{ {3207, 899, -3863}, 0, {5450, -6949}, {0, 118, 208, 0} }},
	{{ {3061, 776, -6005}, 0, {5352, -215}, {0, 127, 249, 151} }},
	{{ {2738, 776, -6005}, 0, {3124, -229}, {0, 127, 249, 19} }},
	{{ {2307, 728, -7399}, 0, {3088, 4178}, {0, 115, 201, 7} }},
	{{ {2636, 728, -7399}, 0, {5353, 4179}, {0, 120, 214, 0} }},
	{{ {2630, 705, -7423}, 0, {5354, 4296}, {0, 53, 140, 0} }},
	{{ {2302, 705, -7423}, 0, {3126, 4297}, {0, 48, 138, 0} }},
	{{ {2302, 705, -7423}, 0, {3126, 4297}, {0, 48, 138, 16} }},
	{{ {2630, 705, -7423}, 0, {5354, 4296}, {0, 53, 140, 0} }},
	{{ {2630, -69, -7423}, 0, {5354, 5736}, {0, 0, 129, 255} }},
	{{ {2302, -69, -7423}, 0, {3126, 5737}, {0, 0, 129, 18} }},
	{{ {2888, 940, -3814}, 0, {3234, -7191}, {0, 98, 175, 2} }},
	{{ {3212, 940, -3814}, 0, {5462, -7178}, {0, 98, 175, 0} }},
	{{ {3207, 899, -3863}, 0, {5450, -6949}, {0, 118, 208, 0} }},
	{{ {2884, 899, -3863}, 0, {3223, -6963}, {0, 119, 212, 0} }},
};

Gfx maple_treewway_dl_Main_mesh_layer_7_tri_0[] = {
	gsSPVertex(maple_treewway_dl_Main_mesh_layer_7_vtx_0 + 0, 16, 0),
	gsSP1Triangle(0, 1, 2, 0),
	gsSP1Triangle(0, 2, 3, 0),
	gsSP1Triangle(4, 5, 6, 0),
	gsSP1Triangle(4, 6, 7, 0),
	gsSP1Triangle(8, 9, 10, 0),
	gsSP1Triangle(8, 10, 11, 0),
	gsSP1Triangle(12, 13, 14, 0),
	gsSP1Triangle(12, 14, 15, 0),
	gsSPVertex(maple_treewway_dl_Main_mesh_layer_7_vtx_0 + 16, 8, 0),
	gsSP1Triangle(0, 1, 2, 0),
	gsSP1Triangle(0, 2, 3, 0),
	gsSP1Triangle(4, 5, 6, 0),
	gsSP1Triangle(4, 6, 7, 0),
	gsSPEndDisplayList(),
};

Vtx maple_treewway_dl_Main_mesh_layer_7_vtx_1[16] = {
	{{ {2302, -69, -7423}, 0, {4149, 8080}, {0, 127, 0, 20} }},
	{{ {2630, -69, -7423}, 0, {3018, 8080}, {0, 127, 0, 255} }},
	{{ {3627, -69, -8438}, 0, {-355, 9796}, {0, 127, 0, 255} }},
	{{ {1871, -69, -7907}, 0, {5587, 8898}, {0, 127, 0, 0} }},
	{{ {3627, -69, -8438}, 0, {-355, 9796}, {0, 127, 0, 255} }},
	{{ {3928, -69, -9252}, 0, {-1372, 11173}, {0, 127, 0, 255} }},
	{{ {1871, -69, -8578}, 0, {5587, 10034}, {0, 127, 0, 0} }},
	{{ {3928, -69, -9252}, 0, {-1372, 11173}, {0, 127, 0, 255} }},
	{{ {3734, -69, -9741}, 0, {-715, 12000}, {0, 127, 0, 255} }},
	{{ {1871, -69, -9000}, 0, {5587, 10747}, {0, 127, 0, 0} }},
	{{ {1383, -69, -9000}, 0, {7238, 10747}, {0, 127, 0, 0} }},
	{{ {1383, -69, -8578}, 0, {7238, 10034}, {0, 127, 0, 0} }},
	{{ {2137, -69, -9654}, 0, {4685, 11853}, {0, 127, 0, 0} }},
	{{ {3734, -69, -9741}, 0, {-715, 12000}, {0, 127, 0, 255} }},
	{{ {2553, -69, -10033}, 0, {3281, 12494}, {0, 127, 0, 227} }},
	{{ {3168, -69, -10195}, 0, {1198, 12768}, {0, 127, 0, 255} }},
};

Gfx maple_treewway_dl_Main_mesh_layer_7_tri_1[] = {
	gsSPVertex(maple_treewway_dl_Main_mesh_layer_7_vtx_1 + 0, 16, 0),
	gsSP1Triangle(0, 1, 2, 0),
	gsSP1Triangle(0, 2, 3, 0),
	gsSP1Triangle(3, 4, 5, 0),
	gsSP1Triangle(3, 5, 6, 0),
	gsSP1Triangle(6, 7, 8, 0),
	gsSP1Triangle(6, 8, 9, 0),
	gsSP1Triangle(6, 9, 10, 0),
	gsSP1Triangle(6, 10, 11, 0),
	gsSP1Triangle(12, 9, 13, 0),
	gsSP1Triangle(13, 14, 12, 0),
	gsSP1Triangle(13, 15, 14, 0),
	gsSPEndDisplayList(),
};

Vtx maple_treewway_dl_Main_mesh_layer_5_vtx_0[73] = {
	{{ {9471, 5695, -3998}, 0, {1400, 56}, {33, 14, 12, 173} }},
	{{ {8844, 5695, -4305}, 0, {927, 56}, {33, 14, 12, 49} }},
	{{ {9113, 6212, -6837}, 0, {1996, 1475}, {159, 139, 125, 154} }},
	{{ {11305, 6212, -5765}, 0, {2933, 1475}, {158, 139, 125, 148} }},
	{{ {7803, 5695, -2877}, 0, {110, 56}, {33, 14, 12, 255} }},
	{{ {8287, 5695, -2374}, 0, {-381, 56}, {38, 15, 13, 255} }},
	{{ {7168, 6212, -86}, 0, {-1986, 1473}, {189, 165, 149, 255} }},
	{{ {5475, 6212, -1844}, 0, {-967, 1473}, {162, 142, 128, 255} }},
	{{ {8844, 5695, -4305}, 0, {931, 56}, {33, 14, 12, 49} }},
	{{ {8166, 5695, -4137}, 0, {674, 56}, {33, 14, 12, 144} }},
	{{ {6745, 6212, -6250}, 0, {1098, 1475}, {201, 176, 159, 255} }},
	{{ {9113, 6212, -6837}, 0, {1998, 1475}, {159, 139, 125, 154} }},
	{{ {9561, 5695, -2690}, 0, {509, 56}, {33, 14, 12, 249} }},
	{{ {9754, 5695, -3360}, 0, {933, 56}, {33, 14, 12, 49} }},
	{{ {12294, 6212, -3535}, 0, {1998, 1475}, {159, 139, 125, 251} }},
	{{ {11619, 6212, -1190}, 0, {516, 1475}, {159, 139, 126, 154} }},
	{{ {8287, 5695, -2374}, 0, {-381, 56}, {38, 15, 13, 255} }},
	{{ {8982, 5695, -2300}, 0, {110, 56}, {33, 14, 12, 254} }},
	{{ {9595, 6212, 172}, 0, {-967, 1473}, {132, 115, 104, 247} }},
	{{ {7168, 6212, -86}, 0, {-1986, 1473}, {189, 165, 149, 255} }},
	{{ {8166, 5695, -4137}, 0, {682, 56}, {33, 14, 12, 144} }},
	{{ {7755, 5695, -3573}, 0, {346, 56}, {33, 14, 12, 177} }},
	{{ {5308, 6212, -4278}, 0, {-74, 1473}, {159, 139, 126, 255} }},
	{{ {6745, 6212, -6250}, 0, {1099, 1475}, {201, 176, 159, 255} }},
	{{ {9754, 5695, -3360}, 0, {927, 56}, {33, 14, 12, 49} }},
	{{ {9471, 5695, -3998}, 0, {1400, 56}, {33, 14, 12, 173} }},
	{{ {11305, 6212, -5765}, 0, {2933, 1475}, {158, 139, 125, 148} }},
	{{ {12294, 6212, -3535}, 0, {1996, 1475}, {159, 139, 125, 251} }},
	{{ {9595, 6212, 172}, 0, {-969, 1473}, {132, 115, 104, 247} }},
	{{ {8982, 5695, -2300}, 0, {103, 56}, {33, 14, 12, 254} }},
	{{ {9561, 5695, -2690}, 0, {521, 56}, {33, 14, 12, 249} }},
	{{ {11619, 6212, -1190}, 0, {518, 1475}, {159, 139, 126, 154} }},
	{{ {7755, 5695, -3573}, 0, {354, 56}, {33, 14, 12, 177} }},
	{{ {7803, 5695, -2877}, 0, {106, 56}, {33, 14, 12, 255} }},
	{{ {5475, 6212, -1844}, 0, {-968, 1473}, {162, 142, 128, 255} }},
	{{ {5308, 6212, -4278}, 0, {-73, 1473}, {159, 139, 126, 255} }},
	{{ {11619, 6212, -1190}, 0, {516, 1475}, {159, 139, 126, 154} }},
	{{ {12294, 6212, -3535}, 0, {1996, 1475}, {159, 139, 125, 251} }},
	{{ {13154, 4491, -3594}, 0, {2322, 1977}, {188, 164, 149, 154} }},
	{{ {12315, 4491, -683}, 0, {527, 1977}, {198, 173, 157, 252} }},
	{{ {9595, 6212, 172}, 0, {-967, 1473}, {132, 115, 104, 247} }},
	{{ {11619, 6212, -1190}, 0, {518, 1475}, {159, 139, 126, 154} }},
	{{ {12315, 4491, -683}, 0, {527, 1977}, {198, 173, 157, 252} }},
	{{ {9802, 4491, 1008}, 0, {-1338, 1974}, {187, 164, 149, 255} }},
	{{ {7168, 6212, -86}, 0, {-1986, 1473}, {189, 165, 149, 255} }},
	{{ {9595, 6212, 172}, 0, {-967, 1473}, {132, 115, 104, 247} }},
	{{ {9802, 4491, 1008}, 0, {-1342, 1974}, {187, 164, 149, 255} }},
	{{ {6790, 4491, 688}, 0, {-2604, 1974}, {192, 168, 152, 255} }},
	{{ {6745, 6212, -6250}, 0, {1098, 1475}, {201, 176, 159, 255} }},
	{{ {5308, 6212, -4278}, 0, {-74, 1473}, {159, 139, 126, 255} }},
	{{ {4480, 4491, -4517}, 0, {-231, 1974}, {158, 138, 125, 255} }},
	{{ {6264, 4491, -6965}, 0, {1253, 1977}, {159, 139, 125, 255} }},
	{{ {12294, 6212, -3535}, 0, {1996, 1475}, {159, 139, 125, 251} }},
	{{ {11305, 6212, -5765}, 0, {2933, 1475}, {158, 139, 125, 148} }},
	{{ {11925, 4491, -6363}, 0, {3528, 1977}, {147, 129, 116, 123} }},
	{{ {13154, 4491, -3594}, 0, {2322, 1977}, {188, 164, 149, 154} }},
	{{ {4480, 4491, -4517}, 0, {-231, 1974}, {158, 138, 125, 255} }},
	{{ {5308, 6212, -4278}, 0, {-73, 1473}, {159, 139, 126, 255} }},
	{{ {5475, 6212, -1844}, 0, {-967, 1473}, {162, 142, 128, 255} }},
	{{ {4688, 4491, -1494}, 0, {-1342, 1974}, {199, 174, 157, 255} }},
	{{ {5082, 5352, -1669}, 0, {-1154, 1723}, {182, 159, 144, 255} }},
	{{ {9113, 6212, -6837}, 0, {1996, 1475}, {159, 139, 125, 154} }},
	{{ {9204, 4491, -7694}, 0, {2322, 1977}, {212, 197, 196, 255} }},
	{{ {11925, 4491, -6363}, 0, {3528, 1977}, {147, 129, 116, 123} }},
	{{ {5082, 5352, -1669}, 0, {-1154, 1723}, {182, 159, 144, 255} }},
	{{ {5475, 6212, -1844}, 0, {-967, 1473}, {162, 142, 128, 255} }},
	{{ {7168, 6212, -86}, 0, {-1986, 1473}, {189, 165, 149, 255} }},
	{{ {4688, 4491, -1494}, 0, {-1342, 1974}, {199, 174, 157, 255} }},
	{{ {6790, 4491, 688}, 0, {-2604, 1974}, {192, 168, 152, 255} }},
	{{ {9113, 6212, -6837}, 0, {1996, 1475}, {159, 139, 125, 154} }},
	{{ {6745, 6212, -6250}, 0, {1098, 1475}, {201, 176, 159, 255} }},
	{{ {6264, 4491, -6965}, 0, {1253, 1977}, {159, 139, 125, 255} }},
	{{ {9204, 4491, -7694}, 0, {2322, 1977}, {212, 197, 196, 255} }},
};

Gfx maple_treewway_dl_Main_mesh_layer_5_tri_0[] = {
	gsSPVertex(maple_treewway_dl_Main_mesh_layer_5_vtx_0 + 0, 16, 0),
	gsSP1Triangle(0, 1, 2, 0),
	gsSP1Triangle(0, 2, 3, 0),
	gsSP1Triangle(4, 5, 6, 0),
	gsSP1Triangle(4, 6, 7, 0),
	gsSP1Triangle(8, 9, 10, 0),
	gsSP1Triangle(8, 10, 11, 0),
	gsSP1Triangle(12, 13, 14, 0),
	gsSP1Triangle(12, 14, 15, 0),
	gsSPVertex(maple_treewway_dl_Main_mesh_layer_5_vtx_0 + 16, 16, 0),
	gsSP1Triangle(0, 1, 2, 0),
	gsSP1Triangle(0, 2, 3, 0),
	gsSP1Triangle(4, 5, 6, 0),
	gsSP1Triangle(4, 6, 7, 0),
	gsSP1Triangle(8, 9, 10, 0),
	gsSP1Triangle(8, 10, 11, 0),
	gsSP1Triangle(12, 13, 14, 0),
	gsSP1Triangle(12, 14, 15, 0),
	gsSPVertex(maple_treewway_dl_Main_mesh_layer_5_vtx_0 + 32, 16, 0),
	gsSP1Triangle(0, 1, 2, 0),
	gsSP1Triangle(0, 2, 3, 0),
	gsSP1Triangle(4, 5, 6, 0),
	gsSP1Triangle(4, 6, 7, 0),
	gsSP1Triangle(8, 9, 10, 0),
	gsSP1Triangle(8, 10, 11, 0),
	gsSP1Triangle(12, 13, 14, 0),
	gsSP1Triangle(12, 14, 15, 0),
	gsSPVertex(maple_treewway_dl_Main_mesh_layer_5_vtx_0 + 48, 16, 0),
	gsSP1Triangle(0, 1, 2, 0),
	gsSP1Triangle(0, 2, 3, 0),
	gsSP1Triangle(4, 5, 6, 0),
	gsSP1Triangle(4, 6, 7, 0),
	gsSP1Triangle(8, 9, 10, 0),
	gsSP1Triangle(10, 11, 8, 0),
	gsSP1Triangle(10, 12, 11, 0),
	gsSP1Triangle(5, 13, 14, 0),
	gsSP1Triangle(5, 14, 15, 0),
	gsSPVertex(maple_treewway_dl_Main_mesh_layer_5_vtx_0 + 64, 9, 0),
	gsSP1Triangle(0, 1, 2, 0),
	gsSP1Triangle(2, 3, 0, 0),
	gsSP1Triangle(2, 4, 3, 0),
	gsSP1Triangle(5, 6, 7, 0),
	gsSP1Triangle(5, 7, 8, 0),
	gsSPEndDisplayList(),
};

Vtx maple_treewway_dl_Skybox_mesh_layer_1_vtx_0[20] = {
	{{ {5506, 6770, -3821}, 0, {1008, 969}, {248, 237, 200, 255} }},
	{{ {7075, 6770, -6544}, 0, {-16, 969}, {248, 237, 246, 255} }},
	{{ {9061, 6444, -6544}, 0, {-16, 2032}, {248, 237, 197, 255} }},
	{{ {6836, 6444, -2512}, 0, {1008, 2032}, {248, 228, 180, 255} }},
	{{ {5506, 6770, -9266}, 0, {1008, 969}, {248, 237, 245, 255} }},
	{{ {6836, 6444, -10575}, 0, {1008, 2032}, {248, 237, 198, 255} }},
	{{ {9061, 6444, -6544}, 0, {-16, 2032}, {248, 237, 197, 255} }},
	{{ {7075, 6770, -6544}, 0, {-16, 969}, {248, 237, 246, 255} }},
	{{ {5506, 6770, -9266}, 0, {1008, 969}, {248, 237, 245, 255} }},
	{{ {7075, 6770, -6544}, 0, {-16, 969}, {248, 237, 246, 255} }},
	{{ {4762, 6942, -6544}, 0, {-16, -16}, {248, 237, 248, 255} }},
	{{ {4023, 6942, -7825}, 0, {1008, -16}, {252, 249, 253, 255} }},
	{{ {2704, 6942, -6544}, 0, {-16, -16}, {248, 237, 248, 255} }},
	{{ {2704, 6942, -6544}, 0, {1008, -16}, {248, 237, 248, 255} }},
	{{ {7075, 6770, -6544}, 0, {-16, 969}, {248, 237, 246, 255} }},
	{{ {5506, 6770, -3821}, 0, {1008, 969}, {248, 237, 200, 255} }},
	{{ {4023, 6942, -5262}, 0, {1008, -16}, {248, 237, 248, 255} }},
	{{ {4762, 6942, -6544}, 0, {-16, -16}, {248, 237, 248, 255} }},
	{{ {2704, 6942, -6544}, 0, {1008, -16}, {248, 237, 248, 255} }},
	{{ {2704, 6942, -6544}, 0, {-16, -16}, {248, 237, 248, 255} }},
};

Gfx maple_treewway_dl_Skybox_mesh_layer_1_tri_0[] = {
	gsSPVertex(maple_treewway_dl_Skybox_mesh_layer_1_vtx_0 + 0, 14, 0),
	gsSP1Triangle(0, 1, 2, 0),
	gsSP1Triangle(0, 2, 3, 0),
	gsSP1Triangle(4, 5, 6, 0),
	gsSP1Triangle(4, 6, 7, 0),
	gsSP1Triangle(8, 9, 10, 0),
	gsSP1Triangle(8, 10, 11, 0),
	gsSP1Triangle(11, 10, 12, 0),
	gsSP1Triangle(11, 12, 13, 0),
	gsSPVertex(maple_treewway_dl_Skybox_mesh_layer_1_vtx_0 + 14, 6, 0),
	gsSP1Triangle(0, 1, 2, 0),
	gsSP1Triangle(0, 2, 3, 0),
	gsSP1Triangle(3, 2, 4, 0),
	gsSP1Triangle(3, 4, 5, 0),
	gsSPEndDisplayList(),
};

Vtx maple_treewway_dl_Skybox_mesh_layer_1_vtx_1[20] = {
	{{ {-108, 6770, -3852}, 0, {1008, 969}, {248, 237, 248, 255} }},
	{{ {2518, 6770, -2475}, 0, {-16, 969}, {248, 237, 199, 255} }},
	{{ {2470, 6444, -568}, 0, {-16, 2032}, {248, 223, 168, 255} }},
	{{ {-1440, 6444, -2552}, 0, {1008, 2032}, {248, 208, 100, 255} }},
	{{ {-108, 6770, -9235}, 0, {1008, 969}, {228, 236, 240, 255} }},
	{{ {-1440, 6444, -10535}, 0, {1008, 2032}, {241, 236, 211, 255} }},
	{{ {2470, 6444, -12519}, 0, {-16, 2032}, {248, 237, 198, 255} }},
	{{ {2518, 6770, -10612}, 0, {-16, 969}, {237, 236, 217, 255} }},
	{{ {-108, 6770, -9235}, 0, {1008, 969}, {228, 236, 240, 255} }},
	{{ {2518, 6770, -10612}, 0, {-16, 969}, {237, 236, 217, 255} }},
	{{ {2617, 6942, -8459}, 0, {-16, -16}, {248, 237, 248, 255} }},
	{{ {1380, 6942, -7810}, 0, {1008, -16}, {250, 242, 250, 255} }},
	{{ {2704, 6942, -6544}, 0, {-16, -16}, {248, 237, 248, 255} }},
	{{ {2704, 6942, -6544}, 0, {1008, -16}, {248, 237, 248, 255} }},
	{{ {2518, 6770, -2475}, 0, {-16, 969}, {248, 237, 199, 255} }},
	{{ {-108, 6770, -3852}, 0, {1008, 969}, {248, 237, 248, 255} }},
	{{ {1380, 6942, -5277}, 0, {1008, -16}, {248, 237, 248, 255} }},
	{{ {2617, 6942, -4628}, 0, {-16, -16}, {248, 237, 248, 255} }},
	{{ {2704, 6942, -6544}, 0, {1008, -16}, {248, 237, 248, 255} }},
	{{ {2704, 6942, -6544}, 0, {-16, -16}, {248, 237, 248, 255} }},
};

Gfx maple_treewway_dl_Skybox_mesh_layer_1_tri_1[] = {
	gsSPVertex(maple_treewway_dl_Skybox_mesh_layer_1_vtx_1 + 0, 14, 0),
	gsSP1Triangle(0, 1, 2, 0),
	gsSP1Triangle(0, 2, 3, 0),
	gsSP1Triangle(4, 5, 6, 0),
	gsSP1Triangle(4, 6, 7, 0),
	gsSP1Triangle(8, 9, 10, 0),
	gsSP1Triangle(8, 10, 11, 0),
	gsSP1Triangle(11, 10, 12, 0),
	gsSP1Triangle(11, 12, 13, 0),
	gsSPVertex(maple_treewway_dl_Skybox_mesh_layer_1_vtx_1 + 14, 6, 0),
	gsSP1Triangle(0, 1, 2, 0),
	gsSP1Triangle(0, 2, 3, 0),
	gsSP1Triangle(3, 2, 4, 0),
	gsSP1Triangle(3, 4, 5, 0),
	gsSPEndDisplayList(),
};

Vtx maple_treewway_dl_Skybox_mesh_layer_1_vtx_2[20] = {
	{{ {-1472, 6770, -6544}, 0, {1008, 969}, {248, 237, 206, 255} }},
	{{ {-108, 6770, -3852}, 0, {-16, 969}, {248, 237, 248, 255} }},
	{{ {-1440, 6444, -2552}, 0, {-16, 2032}, {248, 208, 100, 255} }},
	{{ {-3407, 6444, -6544}, 0, {1008, 2032}, {248, 208, 100, 255} }},
	{{ {-1472, 6770, -6544}, 0, {1008, 969}, {248, 237, 206, 255} }},
	{{ {-3407, 6444, -6544}, 0, {1008, 2032}, {248, 208, 100, 255} }},
	{{ {-1440, 6444, -10535}, 0, {-16, 2032}, {241, 236, 211, 255} }},
	{{ {-108, 6770, -9235}, 0, {-16, 969}, {228, 236, 240, 255} }},
	{{ {-1472, 6770, -6544}, 0, {1008, 969}, {248, 237, 206, 255} }},
	{{ {-108, 6770, -9235}, 0, {-16, 969}, {228, 236, 240, 255} }},
	{{ {1380, 6942, -7810}, 0, {-16, -16}, {250, 242, 250, 255} }},
	{{ {739, 6942, -6544}, 0, {1008, -16}, {248, 237, 248, 255} }},
	{{ {2704, 6942, -6544}, 0, {-16, -16}, {248, 237, 248, 255} }},
	{{ {2704, 6942, -6544}, 0, {1008, -16}, {248, 237, 248, 255} }},
	{{ {-108, 6770, -3852}, 0, {-16, 969}, {248, 237, 248, 255} }},
	{{ {-1472, 6770, -6544}, 0, {1008, 969}, {248, 237, 206, 255} }},
	{{ {739, 6942, -6544}, 0, {1008, -16}, {248, 237, 248, 255} }},
	{{ {1380, 6942, -5277}, 0, {-16, -16}, {248, 237, 248, 255} }},
	{{ {2704, 6942, -6544}, 0, {1008, -16}, {248, 237, 248, 255} }},
	{{ {2704, 6942, -6544}, 0, {-16, -16}, {248, 237, 248, 255} }},
};

Gfx maple_treewway_dl_Skybox_mesh_layer_1_tri_2[] = {
	gsSPVertex(maple_treewway_dl_Skybox_mesh_layer_1_vtx_2 + 0, 14, 0),
	gsSP1Triangle(0, 1, 2, 0),
	gsSP1Triangle(0, 2, 3, 0),
	gsSP1Triangle(4, 5, 6, 0),
	gsSP1Triangle(4, 6, 7, 0),
	gsSP1Triangle(8, 9, 10, 0),
	gsSP1Triangle(8, 10, 11, 0),
	gsSP1Triangle(11, 10, 12, 0),
	gsSP1Triangle(11, 12, 13, 0),
	gsSPVertex(maple_treewway_dl_Skybox_mesh_layer_1_vtx_2 + 14, 6, 0),
	gsSP1Triangle(0, 1, 2, 0),
	gsSP1Triangle(0, 2, 3, 0),
	gsSP1Triangle(3, 2, 4, 0),
	gsSP1Triangle(3, 4, 5, 0),
	gsSPEndDisplayList(),
};

Vtx maple_treewway_dl_Skybox_mesh_layer_1_vtx_3[20] = {
	{{ {2518, 6770, -2475}, 0, {1008, 969}, {248, 237, 199, 255} }},
	{{ {5506, 6770, -3821}, 0, {-16, 969}, {248, 237, 200, 255} }},
	{{ {6836, 6444, -2512}, 0, {-16, 2032}, {248, 228, 180, 255} }},
	{{ {2470, 6444, -568}, 0, {1008, 2032}, {248, 223, 168, 255} }},
	{{ {2518, 6770, -10612}, 0, {1008, 969}, {237, 236, 217, 255} }},
	{{ {2470, 6444, -12519}, 0, {1008, 2032}, {248, 237, 198, 255} }},
	{{ {6836, 6444, -10575}, 0, {-16, 2032}, {248, 237, 198, 255} }},
	{{ {5506, 6770, -9266}, 0, {-16, 969}, {248, 237, 245, 255} }},
	{{ {2518, 6770, -10612}, 0, {1008, 969}, {237, 236, 217, 255} }},
	{{ {5506, 6770, -9266}, 0, {-16, 969}, {248, 237, 245, 255} }},
	{{ {4023, 6942, -7825}, 0, {-16, -16}, {252, 249, 253, 255} }},
	{{ {2617, 6942, -8459}, 0, {1008, -16}, {248, 237, 248, 255} }},
	{{ {2704, 6942, -6544}, 0, {-16, -16}, {248, 237, 248, 255} }},
	{{ {2704, 6942, -6544}, 0, {1008, -16}, {248, 237, 248, 255} }},
	{{ {5506, 6770, -3821}, 0, {-16, 969}, {248, 237, 200, 255} }},
	{{ {2518, 6770, -2475}, 0, {1008, 969}, {248, 237, 199, 255} }},
	{{ {2617, 6942, -4628}, 0, {1008, -16}, {248, 237, 248, 255} }},
	{{ {4023, 6942, -5262}, 0, {-16, -16}, {248, 237, 248, 255} }},
	{{ {2704, 6942, -6544}, 0, {1008, -16}, {248, 237, 248, 255} }},
	{{ {2704, 6942, -6544}, 0, {-16, -16}, {248, 237, 248, 255} }},
};

Gfx maple_treewway_dl_Skybox_mesh_layer_1_tri_3[] = {
	gsSPVertex(maple_treewway_dl_Skybox_mesh_layer_1_vtx_3 + 0, 14, 0),
	gsSP1Triangle(0, 1, 2, 0),
	gsSP1Triangle(0, 2, 3, 0),
	gsSP1Triangle(4, 5, 6, 0),
	gsSP1Triangle(4, 6, 7, 0),
	gsSP1Triangle(8, 9, 10, 0),
	gsSP1Triangle(8, 10, 11, 0),
	gsSP1Triangle(11, 10, 12, 0),
	gsSP1Triangle(11, 12, 13, 0),
	gsSPVertex(maple_treewway_dl_Skybox_mesh_layer_1_vtx_3 + 14, 6, 0),
	gsSP1Triangle(0, 1, 2, 0),
	gsSP1Triangle(0, 2, 3, 0),
	gsSP1Triangle(3, 2, 4, 0),
	gsSP1Triangle(3, 4, 5, 0),
	gsSPEndDisplayList(),
};

Vtx maple_treewway_dl_Skybox_mesh_layer_1_vtx_4[12] = {
	{{ {-1440, 6444, -2552}, 0, {1008, -16}, {248, 208, 100, 255} }},
	{{ {2470, 6444, -568}, 0, {-16, -16}, {248, 223, 168, 255} }},
	{{ {2379, 4500, 4503}, 0, {-16, 2032}, {195, 113, 46, 255} }},
	{{ {-4994, 4500, 943}, 0, {1008, 2032}, {193, 120, 26, 255} }},
	{{ {2307, -6423, 6971}, 0, {-22, -259}, {0, 0, 0, 255} }},
	{{ {-6713, -6423, 2615}, 0, {1018, -260}, {0, 0, 0, 255} }},
	{{ {-1440, 6444, -10535}, 0, {1008, -16}, {241, 236, 211, 255} }},
	{{ {2379, 4500, -17590}, 0, {-16, 2032}, {195, 112, 19, 204} }},
	{{ {2470, 6444, -12519}, 0, {-16, -16}, {248, 237, 198, 255} }},
	{{ {-4994, 4500, -14030}, 0, {1008, 2032}, {195, 112, 19, 134} }},
	{{ {-6713, -6423, -15702}, 0, {1018, -260}, {0, 0, 0, 0} }},
	{{ {2307, -6423, -20058}, 0, {-22, -259}, {0, 0, 0, 20} }},
};

Gfx maple_treewway_dl_Skybox_mesh_layer_1_tri_4[] = {
	gsSPVertex(maple_treewway_dl_Skybox_mesh_layer_1_vtx_4 + 0, 12, 0),
	gsSP1Triangle(0, 1, 2, 0),
	gsSP1Triangle(0, 2, 3, 0),
	gsSP1Triangle(3, 2, 4, 0),
	gsSP1Triangle(3, 4, 5, 0),
	gsSP1Triangle(6, 7, 8, 0),
	gsSP1Triangle(6, 9, 7, 0),
	gsSP1Triangle(7, 9, 10, 0),
	gsSP1Triangle(7, 10, 11, 0),
	gsSPEndDisplayList(),
};

Vtx maple_treewway_dl_Skybox_mesh_layer_1_vtx_5[12] = {
	{{ {6836, 6444, -2512}, 0, {1008, -16}, {248, 228, 180, 255} }},
	{{ {9061, 6444, -6544}, 0, {-16, -16}, {248, 237, 197, 255} }},
	{{ {14280, 4500, -6544}, 0, {-16, 2032}, {192, 127, 47, 255} }},
	{{ {10385, 4500, 998}, 0, {1008, 2032}, {192, 127, 32, 255} }},
	{{ {16866, -6423, -6544}, 0, {-18, -258}, {0, 0, 0, 255} }},
	{{ {12100, -6423, 2682}, 0, {1021, -259}, {0, 0, 0, 255} }},
	{{ {6836, 6444, -10575}, 0, {1008, -16}, {248, 237, 198, 255} }},
	{{ {14280, 4500, -6544}, 0, {-16, 2032}, {192, 127, 47, 255} }},
	{{ {9061, 6444, -6544}, 0, {-16, -16}, {248, 237, 197, 255} }},
	{{ {10385, 4500, -14085}, 0, {1008, 2032}, {195, 112, 19, 255} }},
	{{ {12100, -6423, -15769}, 0, {1021, -259}, {0, 0, 0, 255} }},
	{{ {16866, -6423, -6544}, 0, {-18, -258}, {0, 0, 0, 255} }},
};

Gfx maple_treewway_dl_Skybox_mesh_layer_1_tri_5[] = {
	gsSPVertex(maple_treewway_dl_Skybox_mesh_layer_1_vtx_5 + 0, 12, 0),
	gsSP1Triangle(0, 1, 2, 0),
	gsSP1Triangle(0, 2, 3, 0),
	gsSP1Triangle(3, 2, 4, 0),
	gsSP1Triangle(3, 4, 5, 0),
	gsSP1Triangle(6, 7, 8, 0),
	gsSP1Triangle(6, 9, 7, 0),
	gsSP1Triangle(7, 9, 10, 0),
	gsSP1Triangle(7, 10, 11, 0),
	gsSPEndDisplayList(),
};

Vtx maple_treewway_dl_Skybox_mesh_layer_1_vtx_6[12] = {
	{{ {-3407, 6444, -6544}, 0, {1008, -16}, {248, 208, 100, 255} }},
	{{ {-1440, 6444, -2552}, 0, {-16, -16}, {248, 208, 100, 255} }},
	{{ {-4994, 4500, 943}, 0, {-16, 2032}, {193, 120, 26, 255} }},
	{{ {-8530, 4500, -6544}, 0, {1008, 2032}, {195, 112, 19, 240} }},
	{{ {-6713, -6423, 2615}, 0, {-27, -258}, {0, 0, 0, 245} }},
	{{ {-11039, -6423, -6544}, 0, {1012, -259}, {0, 0, 0, 227} }},
	{{ {-3407, 6444, -6544}, 0, {1008, -16}, {248, 208, 100, 255} }},
	{{ {-4994, 4500, -14030}, 0, {-16, 2032}, {195, 112, 19, 134} }},
	{{ {-1440, 6444, -10535}, 0, {-16, -16}, {241, 236, 211, 255} }},
	{{ {-8530, 4500, -6544}, 0, {1008, 2032}, {195, 112, 19, 240} }},
	{{ {-11039, -6423, -6544}, 0, {1012, -259}, {0, 0, 0, 127} }},
	{{ {-6713, -6423, -15702}, 0, {-27, -258}, {0, 0, 0, 11} }},
};

Gfx maple_treewway_dl_Skybox_mesh_layer_1_tri_6[] = {
	gsSPVertex(maple_treewway_dl_Skybox_mesh_layer_1_vtx_6 + 0, 12, 0),
	gsSP1Triangle(0, 1, 2, 0),
	gsSP1Triangle(0, 2, 3, 0),
	gsSP1Triangle(3, 2, 4, 0),
	gsSP1Triangle(3, 4, 5, 0),
	gsSP1Triangle(6, 7, 8, 0),
	gsSP1Triangle(6, 9, 7, 0),
	gsSP1Triangle(7, 9, 10, 0),
	gsSP1Triangle(7, 10, 11, 0),
	gsSPEndDisplayList(),
};

Vtx maple_treewway_dl_Skybox_mesh_layer_1_vtx_7[12] = {
	{{ {2470, 6444, -568}, 0, {1008, -16}, {248, 223, 168, 255} }},
	{{ {6836, 6444, -2512}, 0, {-16, -16}, {248, 228, 180, 255} }},
	{{ {10385, 4500, 998}, 0, {-16, 2032}, {192, 127, 32, 255} }},
	{{ {2379, 4500, 4503}, 0, {1008, 2032}, {195, 113, 46, 255} }},
	{{ {12100, -6423, 2682}, 0, {-25, -259}, {0, 0, 0, 255} }},
	{{ {2307, -6423, 6971}, 0, {1013, -260}, {0, 0, 0, 255} }},
	{{ {2470, 6444, -12519}, 0, {1008, -16}, {248, 237, 198, 255} }},
	{{ {10385, 4500, -14085}, 0, {-16, 2032}, {195, 112, 19, 255} }},
	{{ {6836, 6444, -10575}, 0, {-16, -16}, {248, 237, 198, 255} }},
	{{ {2379, 4500, -17590}, 0, {1008, 2032}, {195, 112, 19, 204} }},
	{{ {2307, -6423, -20058}, 0, {1013, -260}, {0, 0, 0, 139} }},
	{{ {12100, -6423, -15769}, 0, {-25, -259}, {0, 0, 0, 221} }},
};

Gfx maple_treewway_dl_Skybox_mesh_layer_1_tri_7[] = {
	gsSPVertex(maple_treewway_dl_Skybox_mesh_layer_1_vtx_7 + 0, 12, 0),
	gsSP1Triangle(0, 1, 2, 0),
	gsSP1Triangle(0, 2, 3, 0),
	gsSP1Triangle(3, 2, 4, 0),
	gsSP1Triangle(3, 4, 5, 0),
	gsSP1Triangle(6, 7, 8, 0),
	gsSP1Triangle(6, 9, 7, 0),
	gsSP1Triangle(7, 9, 10, 0),
	gsSP1Triangle(7, 10, 11, 0),
	gsSPEndDisplayList(),
};

Vtx maple_treewway_dl_StairsVis_001_mesh_layer_1_vtx_0[31] = {
	{{ {-8, 1, -608}, 0, {1035, 1215}, {255, 255, 255, 255} }},
	{{ {560, 1, -608}, 0, {4617, 1215}, {255, 255, 255, 255} }},
	{{ {560, -49, -608}, 0, {4617, 900}, {255, 255, 255, 255} }},
	{{ {-8, -49, -608}, 0, {1035, 900}, {255, 255, 255, 255} }},
	{{ {-576, 1, -608}, 0, {-2546, 1215}, {255, 255, 255, 255} }},
	{{ {-8, -49, -608}, 0, {1035, 900}, {255, 255, 255, 255} }},
	{{ {-576, -49, -608}, 0, {-2546, 900}, {255, 255, 255, 255} }},
	{{ {560, -49, -685}, 0, {4617, 900}, {255, 255, 255, 255} }},
	{{ {560, -98, -685}, 0, {4617, 585}, {255, 255, 255, 178} }},
	{{ {-576, -98, -685}, 0, {-2546, 585}, {218, 219, 216, 183} }},
	{{ {-576, -49, -685}, 0, {-2546, 900}, {254, 254, 254, 255} }},
	{{ {560, -98, -762}, 0, {4617, 585}, {173, 175, 164, 174} }},
	{{ {560, -161, -762}, 0, {4617, 188}, {182, 184, 175, 174} }},
	{{ {-576, -161, -762}, 0, {-2546, 188}, {174, 176, 165, 174} }},
	{{ {-576, -98, -762}, 0, {-2546, 585}, {173, 175, 164, 255} }},
	{{ {-576, -98, -685}, 0, {393, 762}, {218, 219, 216, 183} }},
	{{ {-576, -98, -762}, 0, {801, 762}, {173, 175, 164, 255} }},
	{{ {-576, -161, -762}, 0, {801, 1096}, {174, 176, 165, 174} }},
	{{ {-576, -161, -685}, 0, {393, 1096}, {173, 174, 164, 173} }},
	{{ {-576, -49, -608}, 0, {-15, 496}, {255, 255, 255, 255} }},
	{{ {-576, -49, -685}, 0, {393, 496}, {254, 254, 254, 255} }},
	{{ {-576, -161, -685}, 0, {393, 1096}, {173, 174, 164, 173} }},
	{{ {-576, -161, -608}, 0, {-15, 1096}, {173, 175, 164, 177} }},
	{{ {560, -49, -685}, 0, {393, 496}, {255, 255, 255, 255} }},
	{{ {560, -49, -608}, 0, {-15, 496}, {255, 255, 255, 255} }},
	{{ {560, -161, -608}, 0, {-15, 1096}, {184, 185, 177, 175} }},
	{{ {560, -161, -685}, 0, {393, 1096}, {174, 175, 165, 195} }},
	{{ {560, -98, -762}, 0, {801, 762}, {173, 175, 164, 174} }},
	{{ {560, -98, -685}, 0, {393, 762}, {255, 255, 255, 178} }},
	{{ {560, -161, -685}, 0, {393, 1096}, {174, 175, 165, 195} }},
	{{ {560, -161, -762}, 0, {801, 1096}, {182, 184, 175, 174} }},
};

Gfx maple_treewway_dl_StairsVis_001_mesh_layer_1_tri_0[] = {
	gsSPVertex(maple_treewway_dl_StairsVis_001_mesh_layer_1_vtx_0 + 0, 15, 0),
	gsSP1Triangle(0, 1, 2, 0),
	gsSP1Triangle(0, 2, 3, 0),
	gsSP1Triangle(4, 0, 5, 0),
	gsSP1Triangle(4, 5, 6, 0),
	gsSP1Triangle(7, 8, 9, 0),
	gsSP1Triangle(7, 9, 10, 0),
	gsSP1Triangle(11, 12, 13, 0),
	gsSP1Triangle(11, 13, 14, 0),
	gsSPVertex(maple_treewway_dl_StairsVis_001_mesh_layer_1_vtx_0 + 15, 16, 0),
	gsSP1Triangle(0, 1, 2, 0),
	gsSP1Triangle(0, 2, 3, 0),
	gsSP1Triangle(4, 5, 6, 0),
	gsSP1Triangle(4, 6, 7, 0),
	gsSP1Triangle(8, 9, 10, 0),
	gsSP1Triangle(8, 10, 11, 0),
	gsSP1Triangle(12, 13, 14, 0),
	gsSP1Triangle(12, 14, 15, 0),
	gsSPEndDisplayList(),
};

Vtx maple_treewway_dl_StairsVis_001_mesh_layer_1_vtx_1[8] = {
	{{ {560, -49, -685}, 0, {-2170, 3524}, {255, 255, 255, 255} }},
	{{ {-576, -49, -685}, 0, {3162, 3524}, {254, 254, 254, 255} }},
	{{ {-576, -49, -608}, 0, {3162, 3162}, {255, 255, 255, 255} }},
	{{ {560, -49, -608}, 0, {-2170, 3162}, {255, 255, 255, 255} }},
	{{ {560, -98, -762}, 0, {-2170, 3886}, {173, 175, 164, 174} }},
	{{ {-576, -98, -762}, 0, {3162, 3886}, {173, 175, 164, 255} }},
	{{ {-576, -98, -685}, 0, {3162, 3524}, {218, 219, 216, 183} }},
	{{ {560, -98, -685}, 0, {-2170, 3524}, {255, 255, 255, 178} }},
};

Gfx maple_treewway_dl_StairsVis_001_mesh_layer_1_tri_1[] = {
	gsSPVertex(maple_treewway_dl_StairsVis_001_mesh_layer_1_vtx_1 + 0, 8, 0),
	gsSP1Triangle(0, 1, 2, 0),
	gsSP1Triangle(0, 2, 3, 0),
	gsSP1Triangle(4, 5, 6, 0),
	gsSP1Triangle(4, 6, 7, 0),
	gsSPEndDisplayList(),
};

Vtx maple_treewway_dl_Inside_mesh_layer_1_vtx_0[36] = {
	{{ {-391, -499, -2628}, 0, {4233, 6296}, {73, 73, 73, 112} }},
	{{ {-391, 789, -2628}, 0, {4233, 2747}, {163, 109, 94, 112} }},
	{{ {-391, 789, -1626}, 0, {2852, 2747}, {163, 109, 94, 112} }},
	{{ {-391, -499, -1626}, 0, {2852, 6296}, {80, 80, 80, 112} }},
	{{ {-391, -499, -1626}, 0, {-217, 6296}, {80, 80, 80, 112} }},
	{{ {-391, 789, -1626}, 0, {-217, 2747}, {163, 109, 94, 112} }},
	{{ {-1896, 789, -1626}, 0, {-2292, 2747}, {115, 114, 114, 112} }},
	{{ {-1896, -499, -1626}, 0, {-2292, 6296}, {68, 68, 68, 112} }},
	{{ {378, -499, -1626}, 0, {2852, 6296}, {77, 77, 77, 112} }},
	{{ {378, 789, -1626}, 0, {2852, 2747}, {163, 109, 94, 112} }},
	{{ {378, 789, -2628}, 0, {4233, 2747}, {163, 113, 92, 111} }},
	{{ {378, -499, -2628}, 0, {4233, 6296}, {68, 68, 68, 111} }},
	{{ {1560, -499, -1626}, 0, {2472, 6296}, {70, 70, 70, 107} }},
	{{ {1560, 789, -1626}, 0, {2472, 2747}, {163, 109, 94, 109} }},
	{{ {378, 789, -1626}, 0, {843, 2747}, {163, 109, 94, 112} }},
	{{ {378, -499, -1626}, 0, {843, 6296}, {77, 77, 77, 112} }},
	{{ {640, 1099, 1575}, 0, {1204, 1891}, {155, 106, 75, 112} }},
	{{ {640, 1543, 1575}, 0, {1204, 668}, {163, 112, 78, 112} }},
	{{ {1627, 1543, 747}, 0, {2565, 668}, {163, 112, 78, 112} }},
	{{ {640, -292, 1575}, 0, {1204, 5726}, {68, 68, 68, 111} }},
	{{ {1627, -292, 747}, 0, {2565, 5726}, {68, 68, 68, 109} }},
	{{ {2103, 1543, 1021}, 0, {3221, 668}, {163, 112, 78, 112} }},
	{{ {2103, -172, 1021}, 0, {3221, 5394}, {68, 68, 68, 106} }},
	{{ {1207, 789, -1626}, 0, {2856, 2747}, {163, 109, 94, 111} }},
	{{ {1207, -292, -1626}, 0, {2856, 5726}, {68, 68, 68, 111} }},
	{{ {1851, -292, -522}, 0, {1331, 5726}, {68, 68, 68, 108} }},
	{{ {1529, 1055, -1080}, 0, {2100, 2014}, {163, 109, 94, 112} }},
	{{ {1851, 1055, -522}, 0, {1331, 2014}, {163, 109, 94, 111} }},
	{{ {2392, 1055, -618}, 0, {3619, 2014}, {163, 101, 61, 108} }},
	{{ {1851, 1055, -522}, 0, {2873, 2014}, {163, 109, 94, 111} }},
	{{ {1851, -292, -522}, 0, {2873, 5726}, {68, 68, 68, 108} }},
	{{ {2392, -172, -618}, 0, {3619, 5394}, {68, 68, 68, 102} }},
	{{ {640, -292, 1575}, 0, {-1560, 5726}, {68, 68, 68, 111} }},
	{{ {828, -172, 2091}, 0, {-2271, 5394}, {68, 68, 68, 110} }},
	{{ {828, 1159, 2091}, 0, {-2271, 1725}, {154, 114, 98, 112} }},
	{{ {640, 1099, 1575}, 0, {-1560, 1891}, {155, 106, 75, 112} }},
};

Gfx maple_treewway_dl_Inside_mesh_layer_1_tri_0[] = {
	gsSPVertex(maple_treewway_dl_Inside_mesh_layer_1_vtx_0 + 0, 16, 0),
	gsSP1Triangle(0, 1, 2, 0),
	gsSP1Triangle(0, 2, 3, 0),
	gsSP1Triangle(4, 5, 6, 0),
	gsSP1Triangle(4, 6, 7, 0),
	gsSP1Triangle(8, 9, 10, 0),
	gsSP1Triangle(8, 10, 11, 0),
	gsSP1Triangle(12, 13, 14, 0),
	gsSP1Triangle(12, 14, 15, 0),
	gsSPVertex(maple_treewway_dl_Inside_mesh_layer_1_vtx_0 + 16, 16, 0),
	gsSP1Triangle(0, 1, 2, 0),
	gsSP1Triangle(3, 0, 2, 0),
	gsSP1Triangle(2, 4, 3, 0),
	gsSP1Triangle(5, 4, 2, 0),
	gsSP1Triangle(5, 6, 4, 0),
	gsSP1Triangle(7, 8, 9, 0),
	gsSP1Triangle(9, 10, 7, 0),
	gsSP1Triangle(9, 11, 10, 0),
	gsSP1Triangle(12, 13, 14, 0),
	gsSP1Triangle(12, 14, 15, 0),
	gsSPVertex(maple_treewway_dl_Inside_mesh_layer_1_vtx_0 + 32, 4, 0),
	gsSP1Triangle(0, 1, 2, 0),
	gsSP1Triangle(0, 2, 3, 0),
	gsSPEndDisplayList(),
};

Vtx maple_treewway_dl_Inside_mesh_layer_1_vtx_1[98] = {
	{{ {-391, 789, -2628}, 0, {-217, -2153}, {163, 156, 154, 112} }},
	{{ {-1896, 789, -2628}, 0, {-2292, -2153}, {187, 187, 186, 112} }},
	{{ {-1896, 789, -1626}, 0, {-2292, -771}, {155, 149, 147, 112} }},
	{{ {-391, 789, -1626}, 0, {-217, -771}, {119, 52, 46, 112} }},
	{{ {1560, 789, -2628}, 0, {2472, -2153}, {161, 155, 153, 238} }},
	{{ {378, 789, -2628}, 0, {843, -2153}, {163, 156, 154, 162} }},
	{{ {378, 789, -1626}, 0, {843, -771}, {119, 59, 55, 148} }},
	{{ {1560, 789, -1626}, 0, {2472, -771}, {163, 156, 154, 237} }},
	{{ {1560, -172, -2059}, 0, {2472, -1368}, {94, 93, 92, 108} }},
	{{ {-4, -292, -2079}, 0, {316, -1396}, {159, 156, 155, 112} }},
	{{ {1207, -292, -1626}, 0, {1986, -772}, {165, 158, 157, 111} }},
	{{ {-4, -172, -2628}, 0, {316, -2153}, {87, 85, 84, 112} }},
	{{ {-1215, -292, -1638}, 0, {-1353, -788}, {191, 191, 191, 112} }},
	{{ {-1568, -172, -2059}, 0, {-1839, -1368}, {180, 180, 179, 112} }},
	{{ {-1859, -292, -522}, 0, {-2241, 750}, {127, 127, 127, 112} }},
	{{ {-2400, -172, -618}, 0, {-2986, 618}, {87, 85, 84, 112} }},
	{{ {-2400, -172, -618}, 0, {-2986, 618}, {87, 85, 84, 112} }},
	{{ {-1635, -292, 747}, 0, {-1932, 2499}, {87, 86, 84, 112} }},
	{{ {-1859, -292, -522}, 0, {-2241, 750}, {127, 127, 127, 112} }},
	{{ {-2111, -172, 1021}, 0, {-2588, 2877}, {87, 85, 84, 112} }},
	{{ {-648, -292, 1575}, 0, {-572, 3641}, {87, 85, 84, 112} }},
	{{ {-836, -172, 2091}, 0, {-831, 4352}, {87, 85, 84, 112} }},
	{{ {828, -172, 2091}, 0, {1463, 4352}, {99, 97, 97, 110} }},
	{{ {640, -292, 1575}, 0, {1204, 3641}, {87, 85, 84, 111} }},
	{{ {198, -271, 360}, 0, {595, 1966}, {193, 193, 193, 112} }},
	{{ {507, -271, 100}, 0, {1022, 1608}, {193, 193, 193, 112} }},
	{{ {1627, -292, 747}, 0, {2565, 2499}, {87, 85, 84, 109} }},
	{{ {578, -271, -298}, 0, {1118, 1059}, {193, 193, 193, 112} }},
	{{ {1851, -292, -522}, 0, {2873, 750}, {119, 117, 116, 108} }},
	{{ {376, -271, -648}, 0, {840, 577}, {193, 192, 192, 112} }},
	{{ {1207, -292, -1626}, 0, {1985, -771}, {165, 158, 157, 111} }},
	{{ {-206, -271, 360}, 0, {38, 1966}, {193, 193, 193, 112} }},
	{{ {-1635, -292, 747}, 0, {-1932, 2499}, {87, 86, 84, 112} }},
	{{ {-206, -271, 360}, 0, {38, 1966}, {193, 193, 193, 112} }},
	{{ {-516, -271, 100}, 0, {-389, 1608}, {193, 193, 193, 112} }},
	{{ {-1859, -292, -522}, 0, {-2241, 750}, {127, 127, 127, 112} }},
	{{ {-586, -271, -298}, 0, {-486, 1059}, {193, 193, 193, 112} }},
	{{ {-1215, -292, -1638}, 0, {-1353, -788}, {191, 191, 191, 112} }},
	{{ {-384, -271, -648}, 0, {-207, 577}, {193, 193, 193, 112} }},
	{{ {-4, -292, -2079}, 0, {316, -1396}, {159, 156, 155, 112} }},
	{{ {-4, -271, -786}, 0, {316, 386}, {193, 193, 193, 112} }},
	{{ {1207, -292, -1626}, 0, {1985, -771}, {165, 158, 157, 111} }},
	{{ {376, -271, -648}, 0, {840, 577}, {193, 192, 192, 112} }},
	{{ {-384, -271, -648}, 0, {1504, 2826}, {193, 193, 193, 112} }},
	{{ {-586, -422, -298}, 0, {1021, 3034}, {193, 193, 193, 112} }},
	{{ {-384, -422, -648}, 0, {1504, 3034}, {193, 193, 193, 112} }},
	{{ {-586, -271, -298}, 0, {1021, 2826}, {193, 193, 193, 112} }},
	{{ {-516, -422, 100}, 0, {473, 3034}, {193, 193, 193, 112} }},
	{{ {-586, -271, -298}, 0, {1021, 2826}, {193, 193, 193, 112} }},
	{{ {-516, -271, 100}, 0, {473, 2826}, {193, 193, 193, 112} }},
	{{ {-516, -422, 100}, 0, {473, 3034}, {193, 193, 193, 112} }},
	{{ {-4, -422, -786}, 0, {316, 386}, {193, 193, 193, 112} }},
	{{ {-384, -422, -648}, 0, {-207, 577}, {193, 193, 193, 112} }},
	{{ {-586, -422, -298}, 0, {-486, 1059}, {193, 193, 193, 112} }},
	{{ {376, -422, -648}, 0, {840, 577}, {193, 193, 193, 112} }},
	{{ {507, -422, 100}, 0, {1022, 1608}, {193, 193, 193, 112} }},
	{{ {-206, -422, 360}, 0, {38, 1966}, {193, 193, 193, 112} }},
	{{ {-516, -422, 100}, 0, {-389, 1608}, {193, 193, 193, 112} }},
	{{ {198, -422, 360}, 0, {595, 1966}, {193, 193, 193, 112} }},
	{{ {578, -422, -298}, 0, {1118, 1059}, {193, 193, 193, 112} }},
	{{ {376, -271, -648}, 0, {840, 2826}, {193, 192, 192, 112} }},
	{{ {-4, -422, -786}, 0, {316, 3034}, {193, 193, 193, 112} }},
	{{ {376, -422, -648}, 0, {840, 3034}, {193, 193, 193, 112} }},
	{{ {-4, -271, -786}, 0, {316, 2826}, {193, 193, 193, 112} }},
	{{ {-4, -271, -786}, 0, {316, 2826}, {193, 193, 193, 112} }},
	{{ {-384, -422, -648}, 0, {-207, 3034}, {193, 193, 193, 112} }},
	{{ {-4, -422, -786}, 0, {316, 3034}, {193, 193, 193, 112} }},
	{{ {-384, -271, -648}, 0, {-207, 2826}, {193, 193, 193, 112} }},
	{{ {198, -271, 360}, 0, {595, 2826}, {193, 193, 193, 112} }},
	{{ {507, -271, 100}, 0, {1022, 2826}, {193, 193, 193, 112} }},
	{{ {507, -422, 100}, 0, {1022, 3034}, {193, 193, 193, 112} }},
	{{ {198, -422, 360}, 0, {595, 3034}, {193, 193, 193, 112} }},
	{{ {-206, -271, 360}, 0, {38, 2826}, {193, 193, 193, 112} }},
	{{ {-206, -422, 360}, 0, {38, 3034}, {193, 193, 193, 112} }},
	{{ {-516, -271, 100}, 0, {-389, 2826}, {193, 193, 193, 112} }},
	{{ {-516, -422, 100}, 0, {-389, 3034}, {193, 193, 193, 112} }},
	{{ {507, -271, 100}, 0, {473, 2826}, {193, 193, 193, 112} }},
	{{ {578, -422, -298}, 0, {1021, 3034}, {193, 193, 193, 112} }},
	{{ {507, -422, 100}, 0, {473, 3034}, {193, 193, 193, 112} }},
	{{ {578, -271, -298}, 0, {1021, 2826}, {193, 193, 193, 112} }},
	{{ {578, -271, -298}, 0, {1021, 2826}, {193, 193, 193, 112} }},
	{{ {376, -422, -648}, 0, {1504, 3034}, {193, 193, 193, 112} }},
	{{ {578, -422, -298}, 0, {1021, 3034}, {193, 193, 193, 112} }},
	{{ {376, -271, -648}, 0, {1504, 2826}, {193, 192, 192, 112} }},
	{{ {1976, 1055, -1338}, 0, {3045, -375}, {163, 156, 154, 255} }},
	{{ {1560, 789, -2059}, 0, {2472, -1368}, {163, 156, 154, 255} }},
	{{ {1207, 789, -1626}, 0, {1984, -772}, {119, 81, 71, 255} }},
	{{ {1529, 1055, -1080}, 0, {2429, -19}, {119, 87, 76, 255} }},
	{{ {2392, 1055, -618}, 0, {3619, 618}, {119, 52, 46, 255} }},
	{{ {1851, 1055, -522}, 0, {2873, 750}, {119, 91, 83, 255} }},
	{{ {828, 1543, 2091}, 0, {1463, 4352}, {162, 134, 126, 112} }},
	{{ {2103, 1543, 1021}, 0, {3221, 2877}, {119, 52, 46, 112} }},
	{{ {1627, 1543, 747}, 0, {2565, 2499}, {163, 156, 154, 112} }},
	{{ {640, 1543, 1575}, 0, {1204, 3641}, {119, 52, 47, 112} }},
	{{ {2392, -172, -618}, 0, {3619, 618}, {91, 89, 88, 102} }},
	{{ {1851, -292, -522}, 0, {2873, 750}, {110, 107, 106, 108} }},
	{{ {1627, -292, 747}, 0, {2565, 2499}, {87, 85, 84, 109} }},
	{{ {2103, -172, 1021}, 0, {3221, 2877}, {122, 119, 118, 106} }},
};

Gfx maple_treewway_dl_Inside_mesh_layer_1_tri_1[] = {
	gsSPVertex(maple_treewway_dl_Inside_mesh_layer_1_vtx_1 + 0, 16, 0),
	gsSP1Triangle(0, 1, 2, 0),
	gsSP1Triangle(0, 2, 3, 0),
	gsSP1Triangle(4, 5, 6, 0),
	gsSP1Triangle(4, 6, 7, 0),
	gsSP1Triangle(8, 9, 10, 0),
	gsSP1Triangle(8, 11, 9, 0),
	gsSP1Triangle(11, 12, 9, 0),
	gsSP1Triangle(11, 13, 12, 0),
	gsSP1Triangle(13, 14, 12, 0),
	gsSP1Triangle(13, 15, 14, 0),
	gsSPVertex(maple_treewway_dl_Inside_mesh_layer_1_vtx_1 + 16, 16, 0),
	gsSP1Triangle(0, 1, 2, 0),
	gsSP1Triangle(0, 3, 1, 0),
	gsSP1Triangle(3, 4, 1, 0),
	gsSP1Triangle(3, 5, 4, 0),
	gsSP1Triangle(6, 4, 5, 0),
	gsSP1Triangle(6, 7, 4, 0),
	gsSP1Triangle(4, 7, 8, 0),
	gsSP1Triangle(7, 9, 8, 0),
	gsSP1Triangle(7, 10, 9, 0),
	gsSP1Triangle(10, 11, 9, 0),
	gsSP1Triangle(10, 12, 11, 0),
	gsSP1Triangle(12, 13, 11, 0),
	gsSP1Triangle(12, 14, 13, 0),
	gsSP1Triangle(4, 8, 15, 0),
	gsSP1Triangle(1, 4, 15, 0),
	gsSPVertex(maple_treewway_dl_Inside_mesh_layer_1_vtx_1 + 32, 16, 0),
	gsSP1Triangle(0, 1, 2, 0),
	gsSP1Triangle(3, 0, 2, 0),
	gsSP1Triangle(3, 2, 4, 0),
	gsSP1Triangle(5, 3, 4, 0),
	gsSP1Triangle(5, 4, 6, 0),
	gsSP1Triangle(7, 5, 6, 0),
	gsSP1Triangle(7, 6, 8, 0),
	gsSP1Triangle(9, 7, 8, 0),
	gsSP1Triangle(9, 8, 10, 0),
	gsSP1Triangle(11, 12, 13, 0),
	gsSP1Triangle(11, 14, 12, 0),
	gsSP1Triangle(14, 15, 12, 0),
	gsSPVertex(maple_treewway_dl_Inside_mesh_layer_1_vtx_1 + 48, 16, 0),
	gsSP1Triangle(0, 1, 2, 0),
	gsSP1Triangle(3, 4, 5, 0),
	gsSP1Triangle(6, 3, 5, 0),
	gsSP1Triangle(5, 7, 6, 0),
	gsSP1Triangle(5, 8, 7, 0),
	gsSP1Triangle(5, 9, 8, 0),
	gsSP1Triangle(8, 10, 7, 0),
	gsSP1Triangle(7, 11, 6, 0),
	gsSP1Triangle(12, 13, 14, 0),
	gsSP1Triangle(12, 15, 13, 0),
	gsSPVertex(maple_treewway_dl_Inside_mesh_layer_1_vtx_1 + 64, 16, 0),
	gsSP1Triangle(0, 1, 2, 0),
	gsSP1Triangle(0, 3, 1, 0),
	gsSP1Triangle(4, 5, 6, 0),
	gsSP1Triangle(4, 6, 7, 0),
	gsSP1Triangle(8, 4, 7, 0),
	gsSP1Triangle(8, 7, 9, 0),
	gsSP1Triangle(10, 8, 9, 0),
	gsSP1Triangle(10, 9, 11, 0),
	gsSP1Triangle(12, 13, 14, 0),
	gsSP1Triangle(12, 15, 13, 0),
	gsSPVertex(maple_treewway_dl_Inside_mesh_layer_1_vtx_1 + 80, 14, 0),
	gsSP1Triangle(0, 1, 2, 0),
	gsSP1Triangle(0, 3, 1, 0),
	gsSP1Triangle(4, 5, 6, 0),
	gsSP1Triangle(4, 6, 7, 0),
	gsSP1Triangle(8, 4, 7, 0),
	gsSP1Triangle(8, 7, 9, 0),
	gsSP1Triangle(10, 11, 12, 0),
	gsSP1Triangle(10, 12, 13, 0),
	gsSPVertex(maple_treewway_dl_Inside_mesh_layer_1_vtx_1 + 94, 4, 0),
	gsSP1Triangle(0, 1, 2, 0),
	gsSP1Triangle(0, 2, 3, 0),
	gsSPEndDisplayList(),
};

Vtx maple_treewway_dl_Inside_mesh_layer_1_vtx_2[215] = {
	{{ {2392, -172, -618}, 0, {1462, 2689}, {68, 68, 68, 102} }},
	{{ {2103, -172, 1021}, 0, {-797, 2689}, {68, 68, 68, 106} }},
	{{ {2103, 4414, 1021}, 0, {-797, -3632}, {112, 112, 112, 112} }},
	{{ {2392, 4414, -618}, 0, {1462, -3632}, {112, 112, 112, 104} }},
	{{ {1560, -172, -2059}, 0, {3449, 2689}, {68, 68, 68, 108} }},
	{{ {1560, 4414, -2059}, 0, {3449, -3632}, {112, 112, 112, 82} }},
	{{ {-836, -172, 2091}, 0, {-831, 2689}, {68, 68, 68, 112} }},
	{{ {-2111, -172, 1021}, 0, {-2588, 2689}, {68, 68, 68, 112} }},
	{{ {-2111, 4414, 1021}, 0, {-2588, -3632}, {112, 112, 112, 98} }},
	{{ {-836, 4414, 2091}, 0, {-831, -3632}, {113, 113, 113, 107} }},
	{{ {828, -172, 2091}, 0, {1463, 2689}, {68, 68, 68, 110} }},
	{{ {828, 4414, 2091}, 0, {1463, -3632}, {112, 112, 112, 112} }},
	{{ {2103, -172, 1021}, 0, {3221, 2689}, {68, 68, 68, 106} }},
	{{ {2103, 4414, 1021}, 0, {3221, -3632}, {112, 112, 112, 112} }},
	{{ {-1568, -172, -2059}, 0, {-1839, 2689}, {70, 70, 70, 112} }},
	{{ {-4, 4414, -2628}, 0, {316, -3632}, {112, 112, 112, 83} }},
	{{ {-1568, 4414, -2059}, 0, {-1839, -3632}, {112, 112, 112, 90} }},
	{{ {-4, -172, -2628}, 0, {316, 2689}, {68, 68, 68, 112} }},
	{{ {1560, 4414, -2059}, 0, {2472, -3632}, {112, 112, 112, 82} }},
	{{ {1560, -172, -2059}, 0, {2472, 2689}, {68, 68, 68, 108} }},
	{{ {-2400, -172, -618}, 0, {1462, 2689}, {68, 68, 68, 112} }},
	{{ {-1568, -172, -2059}, 0, {3449, 2689}, {70, 70, 70, 112} }},
	{{ {-1568, 4414, -2059}, 0, {3449, -3632}, {112, 112, 112, 90} }},
	{{ {-2400, 4414, -618}, 0, {1462, -3632}, {112, 112, 112, 94} }},
	{{ {-2111, -172, 1021}, 0, {-797, 2689}, {68, 68, 68, 112} }},
	{{ {-2111, 4414, 1021}, 0, {-797, -3632}, {112, 112, 112, 98} }},
	{{ {640, 1099, 1575}, 0, {1204, 3641}, {69, 69, 69, 112} }},
	{{ {828, 1159, 2091}, 0, {1463, 4352}, {69, 69, 69, 112} }},
	{{ {-836, 1159, 2091}, 0, {-831, 4352}, {68, 68, 68, 112} }},
	{{ {-648, 1099, 1575}, 0, {-572, 3641}, {68, 68, 68, 112} }},
	{{ {1641, -422, -473}, 0, {2584, 3034}, {45, 45, 45, 0} }},
	{{ {1451, 1430, -600}, 0, {2323, 481}, {60, 59, 58, 0} }},
	{{ {1641, 1430, -473}, 0, {2584, 481}, {71, 70, 69, 0} }},
	{{ {1451, -422, -600}, 0, {2323, 3034}, {45, 45, 45, 0} }},
	{{ {1227, 1430, -556}, 0, {2014, 481}, {60, 59, 58, 0} }},
	{{ {1227, -422, -556}, 0, {2014, 3034}, {45, 45, 45, 0} }},
	{{ {1558, -422, -60}, 0, {694, 3034}, {45, 45, 45, 0} }},
	{{ {1685, 1430, -250}, 0, {955, 481}, {90, 89, 87, 0} }},
	{{ {1558, 1430, -60}, 0, {694, 481}, {91, 89, 87, 0} }},
	{{ {1685, -422, -250}, 0, {955, 3034}, {45, 45, 45, 0} }},
	{{ {1641, 1430, -473}, 0, {1263, 481}, {71, 70, 69, 0} }},
	{{ {1641, -422, -473}, 0, {1263, 3034}, {45, 45, 45, 0} }},
	{{ {1101, -422, -367}, 0, {1116, 3034}, {45, 45, 45, 0} }},
	{{ {1145, -422, -143}, 0, {808, 3034}, {45, 45, 45, 0} }},
	{{ {1145, 1430, -143}, 0, {808, 481}, {71, 70, 69, 0} }},
	{{ {1101, 1430, -367}, 0, {1116, 481}, {60, 59, 58, 0} }},
	{{ {1227, -422, -556}, 0, {1377, 3034}, {45, 45, 45, 0} }},
	{{ {1101, -422, -367}, 0, {1116, 3034}, {45, 45, 45, 0} }},
	{{ {1101, 1430, -367}, 0, {1116, 481}, {60, 59, 58, 0} }},
	{{ {1227, 1430, -556}, 0, {1377, 481}, {60, 59, 58, 0} }},
	{{ {1334, -422, -16}, 0, {2161, 3034}, {45, 45, 45, 0} }},
	{{ {1558, -422, -60}, 0, {2470, 3034}, {45, 45, 45, 0} }},
	{{ {1558, 1430, -60}, 0, {2470, 481}, {91, 89, 87, 0} }},
	{{ {1334, 1430, -16}, 0, {2161, 481}, {79, 78, 77, 0} }},
	{{ {1145, -422, -143}, 0, {1900, 3034}, {45, 45, 45, 0} }},
	{{ {1145, 1430, -143}, 0, {1900, 481}, {71, 70, 69, 0} }},
	{{ {2148, -302, 78}, 0, {3283, 2868}, {69, 69, 69, 105} }},
	{{ {2059, 1282, 19}, 0, {3160, 685}, {65, 64, 63, 112} }},
	{{ {2148, 1282, 78}, 0, {3283, 685}, {81, 79, 78, 112} }},
	{{ {2059, -302, 19}, 0, {3160, 2868}, {69, 69, 69, 106} }},
	{{ {1954, 1282, 39}, 0, {3016, 685}, {61, 60, 59, 112} }},
	{{ {1954, -302, 39}, 0, {3016, 2868}, {69, 69, 69, 107} }},
	{{ {2109, -302, 272}, 0, {236, 2868}, {69, 69, 69, 105} }},
	{{ {2168, 1282, 183}, 0, {359, 685}, {90, 88, 87, 112} }},
	{{ {2109, 1282, 272}, 0, {236, 685}, {90, 88, 87, 112} }},
	{{ {2168, -302, 183}, 0, {359, 2868}, {69, 69, 69, 105} }},
	{{ {2148, 1282, 78}, 0, {503, 685}, {81, 79, 78, 112} }},
	{{ {2148, -302, 78}, 0, {503, 2868}, {69, 69, 69, 105} }},
	{{ {1895, -302, 128}, 0, {434, 2868}, {69, 69, 69, 108} }},
	{{ {1915, -302, 233}, 0, {290, 2868}, {69, 69, 69, 108} }},
	{{ {1915, 1282, 233}, 0, {290, 685}, {64, 63, 62, 112} }},
	{{ {1895, 1282, 128}, 0, {434, 685}, {61, 60, 59, 112} }},
	{{ {1954, -302, 39}, 0, {557, 2868}, {69, 69, 69, 107} }},
	{{ {1954, 1282, 39}, 0, {557, 685}, {61, 60, 59, 112} }},
	{{ {2004, -302, 293}, 0, {3085, 2868}, {69, 69, 69, 107} }},
	{{ {2109, -302, 272}, 0, {3229, 2868}, {69, 69, 69, 105} }},
	{{ {2109, 1282, 272}, 0, {3229, 685}, {90, 88, 87, 112} }},
	{{ {2004, 1282, 293}, 0, {3085, 685}, {81, 80, 79, 112} }},
	{{ {1915, -302, 233}, 0, {2962, 2868}, {69, 69, 69, 108} }},
	{{ {2004, -302, 293}, 0, {3085, 2868}, {69, 69, 69, 107} }},
	{{ {2004, 1282, 293}, 0, {3085, 685}, {81, 80, 79, 112} }},
	{{ {1915, 1282, 233}, 0, {2962, 685}, {64, 63, 62, 112} }},
	{{ {-648, 1099, 1575}, 0, {-1560, 938}, {68, 68, 68, 112} }},
	{{ {-836, 1159, 2091}, 0, {-2271, 855}, {68, 68, 68, 112} }},
	{{ {-836, 1543, 2091}, 0, {-2271, 326}, {68, 68, 68, 112} }},
	{{ {-648, 1543, 1575}, 0, {-1560, 326}, {68, 68, 68, 112} }},
	{{ {-836, 2011, 2091}, 0, {-2271, -319}, {87, 87, 87, 112} }},
	{{ {-648, 2011, 1575}, 0, {-1560, -319}, {91, 91, 91, 112} }},
	{{ {828, 1543, 2091}, 0, {-2271, 326}, {84, 84, 84, 112} }},
	{{ {640, 1543, 1575}, 0, {-1560, 326}, {86, 86, 86, 112} }},
	{{ {640, 2011, 1575}, 0, {-1560, -319}, {107, 107, 107, 112} }},
	{{ {828, 2011, 2091}, 0, {-2271, -319}, {106, 106, 106, 112} }},
	{{ {640, 1543, 1575}, 0, {1204, 326}, {86, 86, 86, 112} }},
	{{ {640, 1099, 1575}, 0, {1204, 938}, {69, 69, 69, 112} }},
	{{ {-648, 1099, 1575}, 0, {-572, 938}, {68, 68, 68, 112} }},
	{{ {-648, 1543, 1575}, 0, {-572, 326}, {68, 68, 68, 112} }},
	{{ {-648, 2011, 1575}, 0, {-572, -319}, {91, 91, 91, 112} }},
	{{ {640, 2011, 1575}, 0, {1204, -319}, {107, 107, 107, 112} }},
	{{ {828, 2011, 2091}, 0, {1463, 4352}, {106, 106, 106, 112} }},
	{{ {640, 2011, 1575}, 0, {1204, 3641}, {107, 107, 107, 112} }},
	{{ {-648, 2011, 1575}, 0, {-572, 3641}, {91, 91, 91, 112} }},
	{{ {-836, 2011, 2091}, 0, {-831, 4352}, {87, 87, 87, 112} }},
	{{ {-210, 2445, -2307}, 0, {32, 697}, {112, 112, 112, 112} }},
	{{ {-416, 2445, -1950}, 0, {-251, 1189}, {112, 112, 112, 112} }},
	{{ {-210, 2445, -1594}, 0, {32, 1680}, {112, 112, 112, 112} }},
	{{ {408, 2445, -1950}, 0, {884, 1189}, {112, 112, 112, 112} }},
	{{ {202, 2445, -1594}, 0, {600, 1680}, {112, 112, 112, 112} }},
	{{ {202, 2445, -2307}, 0, {600, 697}, {112, 112, 112, 112} }},
	{{ {-210, 2445, -2307}, 0, {1384, -435}, {112, 112, 112, 112} }},
	{{ {-210, 2273, -2307}, 0, {1384, -199}, {71, 67, 67, 112} }},
	{{ {-416, 2273, -1950}, 0, {892, -199}, {68, 63, 62, 112} }},
	{{ {-416, 2445, -1950}, 0, {892, -435}, {112, 112, 112, 112} }},
	{{ {-210, 2273, -1594}, 0, {400, -199}, {91, 89, 89, 112} }},
	{{ {-210, 2445, -1594}, 0, {400, -435}, {112, 112, 112, 112} }},
	{{ {202, 2445, -2307}, 0, {600, -435}, {112, 112, 112, 112} }},
	{{ {202, 2273, -2307}, 0, {600, -199}, {75, 72, 71, 112} }},
	{{ {-210, 2273, -2307}, 0, {32, -199}, {71, 67, 67, 112} }},
	{{ {-210, 2445, -2307}, 0, {32, -435}, {112, 112, 112, 112} }},
	{{ {202, 2445, -1594}, 0, {400, -435}, {112, 112, 112, 112} }},
	{{ {202, 2273, -1594}, 0, {400, -199}, {68, 63, 62, 112} }},
	{{ {408, 2273, -1950}, 0, {892, -199}, {76, 73, 72, 112} }},
	{{ {408, 2445, -1950}, 0, {892, -435}, {112, 112, 112, 112} }},
	{{ {202, 2273, -2307}, 0, {1384, -199}, {75, 72, 71, 112} }},
	{{ {202, 2445, -2307}, 0, {1384, -435}, {112, 112, 112, 112} }},
	{{ {-210, 2445, -1594}, 0, {32, -435}, {112, 112, 112, 112} }},
	{{ {-210, 2273, -1594}, 0, {32, -199}, {91, 89, 89, 112} }},
	{{ {202, 2273, -1594}, 0, {600, -199}, {68, 63, 62, 112} }},
	{{ {202, 2445, -1594}, 0, {600, -435}, {112, 112, 112, 112} }},
	{{ {-5546, 1906, 351}, 0, {127, -175}, {106, 106, 106, 112} }},
	{{ {-5546, 2282, 519}, 0, {-104, -693}, {111, 111, 111, 112} }},
	{{ {-5546, 2282, -926}, 0, {1888, -693}, {112, 112, 112, 111} }},
	{{ {-5546, 1647, -204}, 0, {892, 181}, {97, 97, 97, 112} }},
	{{ {-5546, 1906, -759}, 0, {1658, -175}, {108, 108, 108, 112} }},
	{{ {-5546, 2282, 519}, 0, {-3345, -693}, {111, 111, 111, 112} }},
	{{ {-5546, 1906, 351}, 0, {-3345, -175}, {106, 106, 106, 112} }},
	{{ {-3049, 2282, -204}, 0, {97, -693}, {112, 112, 112, 112} }},
	{{ {-5546, 1906, -759}, 0, {-3345, -175}, {108, 108, 108, 112} }},
	{{ {-5546, 2282, -926}, 0, {-3345, -693}, {112, 112, 112, 111} }},
	{{ {-5546, 2282, -926}, 0, {-3345, 193}, {112, 112, 112, 111} }},
	{{ {-5546, 2282, 519}, 0, {-3345, 2185}, {111, 111, 111, 112} }},
	{{ {-3049, 2282, -204}, 0, {97, 1189}, {112, 112, 112, 112} }},
	{{ {-5546, 1906, 351}, 0, {-3345, 1954}, {106, 106, 106, 112} }},
	{{ {-5546, 1647, -204}, 0, {-3345, 1189}, {97, 97, 97, 112} }},
	{{ {-5546, 1906, -759}, 0, {-3345, 423}, {108, 108, 108, 112} }},
	{{ {-1023, 2059, -587}, 0, {32, 697}, {112, 112, 112, 112} }},
	{{ {-1229, 2059, -231}, 0, {-251, 1189}, {112, 112, 112, 112} }},
	{{ {-1023, 2059, 126}, 0, {32, 1680}, {112, 112, 112, 112} }},
	{{ {-406, 2059, -231}, 0, {884, 1189}, {112, 112, 112, 112} }},
	{{ {-612, 2059, 126}, 0, {600, 1680}, {112, 112, 112, 112} }},
	{{ {-612, 2059, -587}, 0, {600, 697}, {112, 112, 112, 112} }},
	{{ {-612, 1888, 126}, 0, {600, 1717}, {71, 66, 65, 112} }},
	{{ {-1023, 1888, 126}, 0, {32, 1717}, {71, 66, 65, 112} }},
	{{ {-894, 1725, -97}, 0, {210, 1408}, {36, 33, 32, 112} }},
	{{ {-741, 1725, -97}, 0, {422, 1408}, {36, 33, 32, 112} }},
	{{ {-1023, 2059, -587}, 0, {1384, -511}, {121, 122, 122, 112} }},
	{{ {-1023, 1888, -587}, 0, {1384, -275}, {91, 90, 90, 112} }},
	{{ {-1229, 1888, -231}, 0, {892, -275}, {85, 83, 82, 112} }},
	{{ {-1229, 2059, -231}, 0, {892, -511}, {122, 122, 122, 112} }},
	{{ {-612, 2059, -587}, 0, {600, -511}, {122, 122, 123, 112} }},
	{{ {-612, 1888, -587}, 0, {600, -275}, {85, 83, 82, 112} }},
	{{ {-1023, 1888, -587}, 0, {32, -275}, {91, 90, 90, 112} }},
	{{ {-1023, 2059, -587}, 0, {32, -511}, {121, 122, 122, 112} }},
	{{ {-612, 2059, 126}, 0, {400, -511}, {122, 123, 123, 112} }},
	{{ {-612, 1888, 126}, 0, {400, -275}, {85, 83, 82, 112} }},
	{{ {-406, 1888, -231}, 0, {892, -275}, {85, 83, 82, 112} }},
	{{ {-406, 2059, -231}, 0, {892, -511}, {122, 123, 123, 112} }},
	{{ {-1229, 2059, -231}, 0, {892, -511}, {122, 123, 123, 112} }},
	{{ {-1023, 1888, 126}, 0, {400, -275}, {85, 83, 82, 112} }},
	{{ {-1023, 2059, 126}, 0, {400, -511}, {122, 123, 123, 112} }},
	{{ {-406, 2059, -231}, 0, {892, -511}, {122, 123, 123, 112} }},
	{{ {-406, 1888, -231}, 0, {892, -275}, {85, 83, 82, 112} }},
	{{ {-612, 1888, -587}, 0, {1384, -275}, {85, 83, 82, 112} }},
	{{ {-612, 2059, -587}, 0, {1384, -511}, {122, 123, 123, 112} }},
	{{ {-1023, 2059, 126}, 0, {32, -511}, {122, 123, 123, 112} }},
	{{ {-1023, 1888, 126}, 0, {32, -275}, {85, 83, 82, 112} }},
	{{ {-612, 1888, 126}, 0, {600, -275}, {85, 83, 82, 112} }},
	{{ {-612, 2059, 126}, 0, {600, -511}, {122, 123, 123, 112} }},
	{{ {-894, 1725, -97}, 0, {210, 1372}, {28, 26, 26, 112} }},
	{{ {-971, 1725, -231}, 0, {104, 1189}, {28, 26, 26, 112} }},
	{{ {-894, 1725, -364}, 0, {210, 1005}, {28, 26, 26, 112} }},
	{{ {-664, 1725, -231}, 0, {528, 1189}, {28, 26, 26, 112} }},
	{{ {-741, 1725, -364}, 0, {422, 1005}, {32, 30, 30, 112} }},
	{{ {-741, 1725, -97}, 0, {422, 1372}, {28, 26, 26, 112} }},
	{{ {-1229, 1888, -231}, 0, {-283, 1171}, {72, 67, 66, 112} }},
	{{ {-1023, 1888, -587}, 0, {1, 679}, {82, 79, 79, 112} }},
	{{ {-894, 1725, -364}, 0, {179, 987}, {38, 36, 35, 112} }},
	{{ {-971, 1725, -231}, 0, {73, 1171}, {36, 34, 33, 112} }},
	{{ {-1023, 1888, -587}, 0, {32, 661}, {82, 79, 79, 112} }},
	{{ {-612, 1888, -587}, 0, {600, 661}, {72, 67, 66, 112} }},
	{{ {-741, 1725, -364}, 0, {422, 969}, {39, 36, 35, 112} }},
	{{ {-894, 1725, -364}, 0, {210, 969}, {38, 36, 35, 112} }},
	{{ {-406, 1888, -231}, 0, {915, 1207}, {71, 66, 65, 112} }},
	{{ {-612, 1888, 126}, 0, {631, 1698}, {71, 66, 65, 112} }},
	{{ {-741, 1725, -97}, 0, {453, 1390}, {36, 33, 32, 112} }},
	{{ {-664, 1725, -231}, 0, {559, 1207}, {36, 33, 32, 112} }},
	{{ {-1023, 1888, 126}, 0, {1, 1698}, {71, 66, 65, 112} }},
	{{ {-1229, 1888, -231}, 0, {-283, 1207}, {71, 66, 65, 112} }},
	{{ {-971, 1725, -231}, 0, {73, 1207}, {36, 33, 32, 112} }},
	{{ {-894, 1725, -97}, 0, {179, 1390}, {36, 33, 32, 112} }},
	{{ {-612, 1888, -587}, 0, {631, 679}, {71, 66, 65, 112} }},
	{{ {-406, 1888, -231}, 0, {915, 1171}, {71, 66, 65, 112} }},
	{{ {-664, 1725, -231}, 0, {559, 1171}, {36, 33, 33, 112} }},
	{{ {-741, 1725, -364}, 0, {453, 987}, {38, 35, 35, 112} }},
	{{ {202, 2273, -1594}, 0, {600, 1680}, {68, 63, 62, 112} }},
	{{ {-210, 2273, -1594}, 0, {32, 1680}, {91, 89, 89, 112} }},
	{{ {-81, 2110, -1817}, 0, {210, 1372}, {33, 30, 30, 112} }},
	{{ {-158, 2110, -1950}, 0, {104, 1189}, {28, 26, 26, 112} }},
	{{ {-416, 2273, -1950}, 0, {-251, 1189}, {68, 63, 62, 112} }},
	{{ {-81, 2110, -2083}, 0, {210, 1005}, {28, 26, 26, 112} }},
	{{ {-210, 2273, -2307}, 0, {32, 697}, {71, 67, 67, 112} }},
	{{ {73, 2110, -2083}, 0, {422, 1005}, {28, 26, 26, 112} }},
	{{ {202, 2273, -2307}, 0, {600, 697}, {75, 72, 71, 112} }},
	{{ {149, 2110, -1950}, 0, {528, 1189}, {28, 26, 26, 112} }},
	{{ {408, 2273, -1950}, 0, {884, 1189}, {76, 73, 72, 112} }},
	{{ {73, 2110, -1817}, 0, {422, 1372}, {28, 26, 26, 112} }},
};

Gfx maple_treewway_dl_Inside_mesh_layer_1_tri_2[] = {
	gsSPVertex(maple_treewway_dl_Inside_mesh_layer_1_vtx_2 + 0, 14, 0),
	gsSP1Triangle(0, 1, 2, 0),
	gsSP1Triangle(0, 2, 3, 0),
	gsSP1Triangle(4, 0, 3, 0),
	gsSP1Triangle(4, 3, 5, 0),
	gsSP1Triangle(6, 7, 8, 0),
	gsSP1Triangle(6, 8, 9, 0),
	gsSP1Triangle(10, 6, 9, 0),
	gsSP1Triangle(10, 9, 11, 0),
	gsSP1Triangle(12, 10, 11, 0),
	gsSP1Triangle(12, 11, 13, 0),
	gsSPVertex(maple_treewway_dl_Inside_mesh_layer_1_vtx_2 + 14, 16, 0),
	gsSP1Triangle(0, 1, 2, 0),
	gsSP1Triangle(0, 3, 1, 0),
	gsSP1Triangle(3, 4, 1, 0),
	gsSP1Triangle(3, 5, 4, 0),
	gsSP1Triangle(6, 7, 8, 0),
	gsSP1Triangle(6, 8, 9, 0),
	gsSP1Triangle(10, 6, 9, 0),
	gsSP1Triangle(10, 9, 11, 0),
	gsSP1Triangle(12, 13, 14, 0),
	gsSP1Triangle(12, 14, 15, 0),
	gsSPVertex(maple_treewway_dl_Inside_mesh_layer_1_vtx_2 + 30, 16, 0),
	gsSP1Triangle(0, 1, 2, 0),
	gsSP1Triangle(0, 3, 1, 0),
	gsSP1Triangle(3, 4, 1, 0),
	gsSP1Triangle(3, 5, 4, 0),
	gsSP1Triangle(6, 7, 8, 0),
	gsSP1Triangle(6, 9, 7, 0),
	gsSP1Triangle(9, 10, 7, 0),
	gsSP1Triangle(9, 11, 10, 0),
	gsSP1Triangle(12, 13, 14, 0),
	gsSP1Triangle(12, 14, 15, 0),
	gsSPVertex(maple_treewway_dl_Inside_mesh_layer_1_vtx_2 + 46, 16, 0),
	gsSP1Triangle(0, 1, 2, 0),
	gsSP1Triangle(0, 2, 3, 0),
	gsSP1Triangle(4, 5, 6, 0),
	gsSP1Triangle(4, 6, 7, 0),
	gsSP1Triangle(8, 4, 7, 0),
	gsSP1Triangle(8, 7, 9, 0),
	gsSP1Triangle(10, 11, 12, 0),
	gsSP1Triangle(10, 13, 11, 0),
	gsSP1Triangle(13, 14, 11, 0),
	gsSP1Triangle(13, 15, 14, 0),
	gsSPVertex(maple_treewway_dl_Inside_mesh_layer_1_vtx_2 + 62, 16, 0),
	gsSP1Triangle(0, 1, 2, 0),
	gsSP1Triangle(0, 3, 1, 0),
	gsSP1Triangle(3, 4, 1, 0),
	gsSP1Triangle(3, 5, 4, 0),
	gsSP1Triangle(6, 7, 8, 0),
	gsSP1Triangle(6, 8, 9, 0),
	gsSP1Triangle(10, 6, 9, 0),
	gsSP1Triangle(10, 9, 11, 0),
	gsSP1Triangle(12, 13, 14, 0),
	gsSP1Triangle(12, 14, 15, 0),
	gsSPVertex(maple_treewway_dl_Inside_mesh_layer_1_vtx_2 + 78, 14, 0),
	gsSP1Triangle(0, 1, 2, 0),
	gsSP1Triangle(0, 2, 3, 0),
	gsSP1Triangle(4, 5, 6, 0),
	gsSP1Triangle(4, 6, 7, 0),
	gsSP1Triangle(7, 6, 8, 0),
	gsSP1Triangle(7, 8, 9, 0),
	gsSP1Triangle(10, 11, 12, 0),
	gsSP1Triangle(10, 12, 13, 0),
	gsSPVertex(maple_treewway_dl_Inside_mesh_layer_1_vtx_2 + 92, 16, 0),
	gsSP1Triangle(0, 1, 2, 0),
	gsSP1Triangle(0, 2, 3, 0),
	gsSP1Triangle(0, 3, 4, 0),
	gsSP1Triangle(0, 4, 5, 0),
	gsSP1Triangle(6, 7, 8, 0),
	gsSP1Triangle(6, 8, 9, 0),
	gsSP1Triangle(10, 11, 12, 0),
	gsSP1Triangle(12, 13, 10, 0),
	gsSP1Triangle(12, 14, 13, 0),
	gsSP1Triangle(13, 15, 10, 0),
	gsSPVertex(maple_treewway_dl_Inside_mesh_layer_1_vtx_2 + 108, 16, 0),
	gsSP1Triangle(0, 1, 2, 0),
	gsSP1Triangle(0, 2, 3, 0),
	gsSP1Triangle(3, 2, 4, 0),
	gsSP1Triangle(3, 4, 5, 0),
	gsSP1Triangle(6, 7, 8, 0),
	gsSP1Triangle(6, 8, 9, 0),
	gsSP1Triangle(10, 11, 12, 0),
	gsSP1Triangle(10, 12, 13, 0),
	gsSP1Triangle(13, 12, 14, 0),
	gsSP1Triangle(13, 14, 15, 0),
	gsSPVertex(maple_treewway_dl_Inside_mesh_layer_1_vtx_2 + 124, 14, 0),
	gsSP1Triangle(0, 1, 2, 0),
	gsSP1Triangle(0, 2, 3, 0),
	gsSP1Triangle(4, 5, 6, 0),
	gsSP1Triangle(6, 7, 4, 0),
	gsSP1Triangle(6, 8, 7, 0),
	gsSP1Triangle(9, 10, 11, 0),
	gsSP1Triangle(9, 11, 11, 0),
	gsSP1Triangle(12, 13, 11, 0),
	gsSP1Triangle(12, 11, 11, 0),
	gsSPVertex(maple_treewway_dl_Inside_mesh_layer_1_vtx_2 + 138, 16, 0),
	gsSP1Triangle(0, 1, 2, 0),
	gsSP1Triangle(0, 2, 2, 0),
	gsSP1Triangle(2, 2, 2, 0),
	gsSP1Triangle(2, 2, 2, 0),
	gsSP1Triangle(3, 2, 2, 0),
	gsSP1Triangle(3, 4, 2, 0),
	gsSP1Triangle(4, 2, 2, 0),
	gsSP1Triangle(4, 5, 2, 0),
	gsSP1Triangle(2, 2, 2, 0),
	gsSP1Triangle(6, 7, 8, 0),
	gsSP1Triangle(8, 9, 6, 0),
	gsSP1Triangle(8, 10, 9, 0),
	gsSP1Triangle(9, 11, 6, 0),
	gsSP1Triangle(12, 13, 14, 0),
	gsSP1Triangle(12, 14, 15, 0),
	gsSPVertex(maple_treewway_dl_Inside_mesh_layer_1_vtx_2 + 154, 15, 0),
	gsSP1Triangle(0, 1, 2, 0),
	gsSP1Triangle(0, 2, 3, 0),
	gsSP1Triangle(4, 5, 6, 0),
	gsSP1Triangle(4, 6, 7, 0),
	gsSP1Triangle(8, 9, 10, 0),
	gsSP1Triangle(8, 10, 11, 0),
	gsSP1Triangle(12, 2, 13, 0),
	gsSP1Triangle(12, 13, 14, 0),
	gsSPVertex(maple_treewway_dl_Inside_mesh_layer_1_vtx_2 + 169, 14, 0),
	gsSP1Triangle(0, 1, 2, 0),
	gsSP1Triangle(0, 2, 3, 0),
	gsSP1Triangle(4, 5, 6, 0),
	gsSP1Triangle(4, 6, 7, 0),
	gsSP1Triangle(8, 9, 10, 0),
	gsSP1Triangle(10, 11, 8, 0),
	gsSP1Triangle(10, 12, 11, 0),
	gsSP1Triangle(11, 13, 8, 0),
	gsSPVertex(maple_treewway_dl_Inside_mesh_layer_1_vtx_2 + 183, 16, 0),
	gsSP1Triangle(0, 1, 2, 0),
	gsSP1Triangle(0, 2, 3, 0),
	gsSP1Triangle(4, 5, 6, 0),
	gsSP1Triangle(4, 6, 7, 0),
	gsSP1Triangle(8, 9, 10, 0),
	gsSP1Triangle(8, 10, 11, 0),
	gsSP1Triangle(12, 13, 14, 0),
	gsSP1Triangle(12, 14, 15, 0),
	gsSPVertex(maple_treewway_dl_Inside_mesh_layer_1_vtx_2 + 199, 16, 0),
	gsSP1Triangle(0, 1, 2, 0),
	gsSP1Triangle(0, 2, 3, 0),
	gsSP1Triangle(4, 5, 6, 0),
	gsSP1Triangle(5, 7, 6, 0),
	gsSP1Triangle(5, 8, 7, 0),
	gsSP1Triangle(8, 9, 7, 0),
	gsSP1Triangle(8, 10, 9, 0),
	gsSP1Triangle(10, 11, 9, 0),
	gsSP1Triangle(10, 12, 11, 0),
	gsSP1Triangle(12, 13, 11, 0),
	gsSP1Triangle(12, 14, 13, 0),
	gsSP1Triangle(14, 15, 13, 0),
	gsSP1Triangle(14, 4, 15, 0),
	gsSP1Triangle(4, 6, 15, 0),
	gsSP1Triangle(13, 15, 6, 0),
	gsSP1Triangle(9, 13, 6, 0),
	gsSP1Triangle(6, 7, 9, 0),
	gsSP1Triangle(9, 11, 13, 0),
	gsSPEndDisplayList(),
};

Vtx maple_treewway_dl_Inside_mesh_layer_1_vtx_3[16] = {
	{{ {1334, 1430, -16}, 0, {665, 961}, {79, 78, 77, 0} }},
	{{ {1558, 1430, -60}, 0, {918, 708}, {91, 89, 87, 0} }},
	{{ {1685, 1430, -250}, 0, {918, 350}, {90, 89, 87, 0} }},
	{{ {1451, 1430, -600}, 0, {308, 97}, {60, 59, 58, 67} }},
	{{ {1641, 1430, -473}, 0, {665, 97}, {71, 70, 69, 35} }},
	{{ {1101, 1430, -367}, 0, {55, 708}, {60, 59, 58, 53} }},
	{{ {1227, 1430, -556}, 0, {55, 350}, {60, 59, 58, 73} }},
	{{ {1145, 1430, -143}, 0, {308, 961}, {71, 70, 69, 18} }},
	{{ {2004, 1282, 293}, 0, {652, 953}, {81, 80, 79, 112} }},
	{{ {2109, 1282, 272}, 0, {905, 699}, {90, 88, 87, 112} }},
	{{ {2168, 1282, 183}, 0, {905, 340}, {90, 88, 87, 112} }},
	{{ {2059, 1282, 19}, 0, {293, 87}, {65, 64, 63, 112} }},
	{{ {2148, 1282, 78}, 0, {652, 87}, {81, 79, 78, 112} }},
	{{ {1895, 1282, 128}, 0, {39, 699}, {61, 60, 59, 112} }},
	{{ {1954, 1282, 39}, 0, {39, 340}, {61, 60, 59, 112} }},
	{{ {1915, 1282, 233}, 0, {293, 953}, {64, 63, 62, 112} }},
};

Gfx maple_treewway_dl_Inside_mesh_layer_1_tri_3[] = {
	gsSPVertex(maple_treewway_dl_Inside_mesh_layer_1_vtx_3 + 0, 16, 0),
	gsSP1Triangle(0, 1, 2, 0),
	gsSP1Triangle(0, 2, 3, 0),
	gsSP1Triangle(2, 4, 3, 0),
	gsSP1Triangle(3, 5, 0, 0),
	gsSP1Triangle(3, 6, 5, 0),
	gsSP1Triangle(5, 7, 0, 0),
	gsSP1Triangle(8, 9, 10, 0),
	gsSP1Triangle(8, 10, 11, 0),
	gsSP1Triangle(10, 12, 11, 0),
	gsSP1Triangle(11, 13, 8, 0),
	gsSP1Triangle(11, 14, 13, 0),
	gsSP1Triangle(13, 15, 8, 0),
	gsSPEndDisplayList(),
};

Vtx maple_treewway_dl_Inside_mesh_layer_5_vtx_0[8] = {
	{{ {-83, 2089, -231}, 0, {317, -3737}, {255, 255, 255, 255} }},
	{{ {83, 2445, -1594}, 0, {1715, -10903}, {153, 153, 153, 255} }},
	{{ {-91, 2445, -1594}, 0, {317, -10903}, {153, 153, 153, 255} }},
	{{ {74, 2089, -231}, 0, {1715, -3737}, {255, 255, 255, 255} }},
	{{ {-74, 1993, 853}, 0, {317, 1913}, {255, 255, 255, 255} }},
	{{ {66, 1993, 853}, 0, {1715, 1913}, {255, 255, 255, 255} }},
	{{ {-91, 2011, 1575}, 0, {317, 6656}, {153, 153, 153, 255} }},
	{{ {83, 2011, 1575}, 0, {1715, 6656}, {154, 154, 154, 255} }},
};

Gfx maple_treewway_dl_Inside_mesh_layer_5_tri_0[] = {
	gsSPVertex(maple_treewway_dl_Inside_mesh_layer_5_vtx_0 + 0, 8, 0),
	gsSP1Triangle(0, 1, 2, 0),
	gsSP1Triangle(0, 3, 1, 0),
	gsSP1Triangle(4, 3, 0, 0),
	gsSP1Triangle(4, 5, 3, 0),
	gsSP1Triangle(6, 5, 4, 0),
	gsSP1Triangle(6, 7, 5, 0),
	gsSPEndDisplayList(),
};

Gfx mat_maple_treewway_dl_Brick_Wall[] = {
	gsDPPipeSync(),
	gsDPSetCombineLERP(TEXEL0, 0, SHADE, 0, ENVIRONMENT, 0, SHADE, 0, TEXEL0, 0, SHADE, 0, ENVIRONMENT, 0, SHADE, 0),
	gsSPClearGeometryMode(G_LIGHTING),
	gsSPTexture(65535, 65535, 0, 0, 1),
	gsDPSetTextureLUT(G_TT_RGBA16),
	gsDPSetTextureImage(G_IM_FMT_RGBA, G_IM_SIZ_16b, 1, maple_treewway_dl_Mtw_road1_ci8_pal_rgba16),
	gsDPSetTile(0, 0, 0, 256, 7, 0, G_TX_WRAP | G_TX_NOMIRROR, 0, 0, G_TX_WRAP | G_TX_NOMIRROR, 0, 0),
	gsDPLoadTLUTCmd(7, 88),
	gsDPLoadSync(),
	gsDPSetTextureImage(G_IM_FMT_CI, G_IM_SIZ_8b_LOAD_BLOCK, 1, maple_treewway_dl_Mtw_road1_ci8),
	gsDPSetTile(G_IM_FMT_CI, G_IM_SIZ_8b_LOAD_BLOCK, 0, 0, 7, 0, G_TX_WRAP | G_TX_NOMIRROR, 5, 0, G_TX_WRAP | G_TX_NOMIRROR, 6, 0),
	gsDPLoadBlock(7, 0, 0, 1023, 256),
	gsDPSetTile(G_IM_FMT_CI, G_IM_SIZ_8b, 8, 0, 0, 0, G_TX_WRAP | G_TX_NOMIRROR, 5, 0, G_TX_WRAP | G_TX_NOMIRROR, 6, 0),
	gsDPSetTileSize(0, 0, 0, 252, 124),
	gsSPEndDisplayList(),
};

Gfx mat_revert_maple_treewway_dl_Brick_Wall[] = {
	gsDPPipeSync(),
	gsSPSetGeometryMode(G_LIGHTING),
	gsDPSetTextureLUT(G_TT_NONE),
	gsSPEndDisplayList(),
};

Gfx mat_maple_treewway_dl_Ground_001[] = {
	gsDPPipeSync(),
	gsDPSetCombineLERP(TEXEL0, 0, SHADE, 0, 0, 0, 0, 0, PRIMITIVE, 0, SHADE_ALPHA, COMBINED, 0, 0, 0, 1),
	gsSPClearGeometryMode(G_LIGHTING),
	gsDPSetCycleType(G_CYC_2CYCLE),
	gsSPTexture(65535, 65535, 0, 0, 1),
	gsDPSetTextureLUT(G_TT_RGBA16),
	gsDPSetTextureImage(G_IM_FMT_RGBA, G_IM_SIZ_16b, 1, maple_treewway_dl_Leaf_Pile3_ci8_pal_rgba16),
	gsDPSetTile(0, 0, 0, 256, 7, 0, G_TX_WRAP | G_TX_NOMIRROR, 0, 0, G_TX_WRAP | G_TX_NOMIRROR, 0, 0),
	gsDPLoadTLUTCmd(7, 114),
	gsDPLoadSync(),
	gsDPSetTextureImage(G_IM_FMT_CI, G_IM_SIZ_8b_LOAD_BLOCK, 1, maple_treewway_dl_Leaf_Pile3_ci8),
	gsDPSetTile(G_IM_FMT_CI, G_IM_SIZ_8b_LOAD_BLOCK, 0, 0, 7, 0, G_TX_WRAP | G_TX_NOMIRROR, 5, 0, G_TX_WRAP | G_TX_NOMIRROR, 5, 0),
	gsDPLoadBlock(7, 0, 0, 511, 512),
	gsDPSetTile(G_IM_FMT_CI, G_IM_SIZ_8b, 4, 0, 0, 0, G_TX_WRAP | G_TX_NOMIRROR, 5, 0, G_TX_WRAP | G_TX_NOMIRROR, 5, 0),
	gsDPSetTileSize(0, 0, 0, 124, 124),
	gsDPSetPrimColor(0, 0, 255, 255, 255, 255),
	gsSPEndDisplayList(),
};

Gfx mat_revert_maple_treewway_dl_Ground_001[] = {
	gsDPPipeSync(),
	gsSPSetGeometryMode(G_LIGHTING),
	gsDPSetCycleType(G_CYC_1CYCLE),
	gsDPSetTextureLUT(G_TT_NONE),
	gsSPEndDisplayList(),
};

Gfx mat_maple_treewway_dl_Brick_Floor_001[] = {
	gsDPPipeSync(),
	gsDPSetCombineLERP(TEXEL0, 0, SHADE, 0, ENVIRONMENT, 0, SHADE, 0, TEXEL0, 0, SHADE, 0, ENVIRONMENT, 0, SHADE, 0),
	gsSPClearGeometryMode(G_LIGHTING),
	gsSPTexture(65535, 65535, 0, 0, 1),
	gsDPSetTextureLUT(G_TT_RGBA16),
	gsDPSetTextureImage(G_IM_FMT_RGBA, G_IM_SIZ_16b, 1, maple_treewway_dl_tex1_128x128_06af14a3bf1df08a_14_ci8_pal_rgba16),
	gsDPSetTile(0, 0, 0, 256, 7, 0, G_TX_WRAP | G_TX_NOMIRROR, 0, 0, G_TX_WRAP | G_TX_NOMIRROR, 0, 0),
	gsDPLoadTLUTCmd(7, 27),
	gsDPLoadSync(),
	gsDPSetTextureImage(G_IM_FMT_CI, G_IM_SIZ_8b_LOAD_BLOCK, 1, maple_treewway_dl_tex1_128x128_06af14a3bf1df08a_14_ci8),
	gsDPSetTile(G_IM_FMT_CI, G_IM_SIZ_8b_LOAD_BLOCK, 0, 0, 7, 0, G_TX_WRAP | G_TX_NOMIRROR, 5, 0, G_TX_WRAP | G_TX_NOMIRROR, 5, 0),
	gsDPLoadBlock(7, 0, 0, 511, 512),
	gsDPSetTile(G_IM_FMT_CI, G_IM_SIZ_8b, 4, 0, 0, 0, G_TX_WRAP | G_TX_NOMIRROR, 5, 0, G_TX_WRAP | G_TX_NOMIRROR, 5, 0),
	gsDPSetTileSize(0, 0, 0, 124, 124),
	gsSPEndDisplayList(),
};

Gfx mat_revert_maple_treewway_dl_Brick_Floor_001[] = {
	gsDPPipeSync(),
	gsSPSetGeometryMode(G_LIGHTING),
	gsDPSetTextureLUT(G_TT_NONE),
	gsSPEndDisplayList(),
};

Gfx mat_maple_treewway_dl_Road_001[] = {
	gsDPPipeSync(),
	gsDPSetCombineLERP(TEXEL0, 0, SHADE, 0, TEXEL0, 0, ENVIRONMENT, 0, TEXEL0, 0, SHADE, 0, TEXEL0, 0, ENVIRONMENT, 0),
	gsSPTexture(65535, 65535, 0, 0, 1),
	gsDPSetTextureLUT(G_TT_RGBA16),
	gsDPSetTextureImage(G_IM_FMT_RGBA, G_IM_SIZ_16b, 1, maple_treewway_dl__30_ci8_pal_rgba16),
	gsDPSetTile(0, 0, 0, 256, 7, 0, G_TX_WRAP | G_TX_NOMIRROR, 0, 0, G_TX_WRAP | G_TX_NOMIRROR, 0, 0),
	gsDPLoadTLUTCmd(7, 43),
	gsDPLoadSync(),
	gsDPSetTextureImage(G_IM_FMT_CI, G_IM_SIZ_8b_LOAD_BLOCK, 1, maple_treewway_dl__30_ci8),
	gsDPSetTile(G_IM_FMT_CI, G_IM_SIZ_8b_LOAD_BLOCK, 0, 0, 7, 0, G_TX_WRAP | G_TX_NOMIRROR, 6, 0, G_TX_CLAMP | G_TX_NOMIRROR, 5, 0),
	gsDPLoadBlock(7, 0, 0, 1023, 512),
	gsDPSetTile(G_IM_FMT_CI, G_IM_SIZ_8b, 4, 0, 0, 0, G_TX_WRAP | G_TX_NOMIRROR, 6, 0, G_TX_CLAMP | G_TX_NOMIRROR, 5, 0),
	gsDPSetTileSize(0, 0, 0, 124, 252),
    gsSPLightColor(LIGHT_1, 0xffffffff),
    gsSPLightColor(LIGHT_2, 0x7f7f7fff),
	gsSPEndDisplayList(),
};

Gfx mat_revert_maple_treewway_dl_Road_001[] = {
	gsDPPipeSync(),
	gsDPSetTextureLUT(G_TT_NONE),
	gsSPEndDisplayList(),
};

Gfx mat_maple_treewway_dl_Wall_001[] = {
	gsDPPipeSync(),
	gsDPSetCombineLERP(TEXEL0, 0, SHADE, 0, ENVIRONMENT, 0, SHADE, 0, TEXEL0, 0, SHADE, 0, ENVIRONMENT, 0, SHADE, 0),
	gsSPClearGeometryMode(G_LIGHTING),
	gsSPTexture(65535, 65535, 0, 0, 1),
	gsDPSetTextureLUT(G_TT_RGBA16),
	gsDPSetTextureImage(G_IM_FMT_RGBA, G_IM_SIZ_16b, 1, maple_treewway_dl_tex1_128x128_61eab27110ebeccc_14_ci8_pal_rgba16),
	gsDPSetTile(0, 0, 0, 256, 7, 0, G_TX_WRAP | G_TX_NOMIRROR, 0, 0, G_TX_WRAP | G_TX_NOMIRROR, 0, 0),
	gsDPLoadTLUTCmd(7, 23),
	gsDPLoadSync(),
	gsDPSetTextureImage(G_IM_FMT_CI, G_IM_SIZ_8b_LOAD_BLOCK, 1, maple_treewway_dl_tex1_128x128_61eab27110ebeccc_14_ci8),
	gsDPSetTile(G_IM_FMT_CI, G_IM_SIZ_8b_LOAD_BLOCK, 0, 0, 7, 0, G_TX_WRAP | G_TX_NOMIRROR, 5, 0, G_TX_WRAP | G_TX_NOMIRROR, 5, 0),
	gsDPLoadBlock(7, 0, 0, 511, 512),
	gsDPSetTile(G_IM_FMT_CI, G_IM_SIZ_8b, 4, 0, 0, 0, G_TX_WRAP | G_TX_NOMIRROR, 5, 0, G_TX_WRAP | G_TX_NOMIRROR, 5, 0),
	gsDPSetTileSize(0, 0, 0, 124, 124),
	gsSPEndDisplayList(),
};

Gfx mat_revert_maple_treewway_dl_Wall_001[] = {
	gsDPPipeSync(),
	gsSPSetGeometryMode(G_LIGHTING),
	gsDPSetTextureLUT(G_TT_NONE),
	gsSPEndDisplayList(),
};

Gfx mat_maple_treewway_dl_Dirt___Transparent[] = {
	gsDPPipeSync(),
	gsDPSetCombineLERP(TEXEL0, 0, SHADE, 0, ENVIRONMENT, 0, SHADE, 0, TEXEL0, 0, SHADE, 0, ENVIRONMENT, 0, SHADE, 0),
	gsSPClearGeometryMode(G_LIGHTING),
	gsSPTexture(65535, 65535, 0, 0, 1),
	gsDPSetTextureLUT(G_TT_RGBA16),
	gsDPSetTextureImage(G_IM_FMT_RGBA, G_IM_SIZ_16b, 1, maple_treewway_dl__0E0051425_ci4_pal_rgba16),
	gsDPSetTile(0, 0, 0, 256, 7, 0, G_TX_WRAP | G_TX_NOMIRROR, 0, 0, G_TX_WRAP | G_TX_NOMIRROR, 0, 0),
	gsDPLoadTLUTCmd(7, 9),
	gsDPLoadSync(),
	gsDPSetTextureImage(G_IM_FMT_CI, G_IM_SIZ_16b, 1, maple_treewway_dl__0E0051425_ci4),
	gsDPSetTile(G_IM_FMT_CI, G_IM_SIZ_16b, 0, 0, 7, 0, G_TX_WRAP | G_TX_NOMIRROR, 5, 0, G_TX_WRAP | G_TX_NOMIRROR, 5, 0),
	gsDPLoadBlock(7, 0, 0, 255, 1024),
	gsDPSetTile(G_IM_FMT_CI, G_IM_SIZ_4b, 2, 0, 0, 0, G_TX_WRAP | G_TX_NOMIRROR, 5, 0, G_TX_WRAP | G_TX_NOMIRROR, 5, 0),
	gsDPSetTileSize(0, 0, 0, 124, 124),
	gsSPEndDisplayList(),
};

Gfx mat_revert_maple_treewway_dl_Dirt___Transparent[] = {
	gsDPPipeSync(),
	gsSPSetGeometryMode(G_LIGHTING),
	gsDPSetTextureLUT(G_TT_NONE),
	gsSPEndDisplayList(),
};

Gfx mat_maple_treewway_dl_Dirt[] = {
	gsDPPipeSync(),
	gsDPSetCombineLERP(TEXEL0, 0, SHADE, 0, 0, 0, 0, ENVIRONMENT, TEXEL0, 0, SHADE, 0, 0, 0, 0, ENVIRONMENT),
	gsSPClearGeometryMode(G_LIGHTING),
	gsSPTexture(65535, 65535, 0, 0, 1),
	gsDPSetTextureLUT(G_TT_RGBA16),
	gsDPSetTextureImage(G_IM_FMT_RGBA, G_IM_SIZ_16b, 1, maple_treewway_dl__0E0051425_ci4_pal_rgba16),
	gsDPSetTile(0, 0, 0, 256, 7, 0, G_TX_WRAP | G_TX_NOMIRROR, 0, 0, G_TX_WRAP | G_TX_NOMIRROR, 0, 0),
	gsDPLoadTLUTCmd(7, 9),
	gsDPLoadSync(),
	gsDPSetTextureImage(G_IM_FMT_CI, G_IM_SIZ_16b, 1, maple_treewway_dl__0E0051425_ci4),
	gsDPSetTile(G_IM_FMT_CI, G_IM_SIZ_16b, 0, 0, 7, 0, G_TX_WRAP | G_TX_NOMIRROR, 5, 0, G_TX_WRAP | G_TX_NOMIRROR, 5, 0),
	gsDPLoadBlock(7, 0, 0, 255, 1024),
	gsDPSetTile(G_IM_FMT_CI, G_IM_SIZ_4b, 2, 0, 0, 0, G_TX_WRAP | G_TX_NOMIRROR, 5, 0, G_TX_WRAP | G_TX_NOMIRROR, 5, 0),
	gsDPSetTileSize(0, 0, 0, 124, 124),
	gsSPEndDisplayList(),
};

Gfx mat_revert_maple_treewway_dl_Dirt[] = {
	gsDPPipeSync(),
	gsSPSetGeometryMode(G_LIGHTING),
	gsDPSetTextureLUT(G_TT_NONE),
	gsSPEndDisplayList(),
};

Gfx mat_maple_treewway_dl_Wood2_001[] = {
	gsDPPipeSync(),
	gsDPSetCombineLERP(TEXEL0, 0, SHADE, 0, 0, 0, 0, 0, PRIMITIVE, 0, SHADE_ALPHA, COMBINED, 0, 0, 0, 1),
	gsDPSetCycleType(G_CYC_2CYCLE),
	gsSPTexture(65535, 65535, 0, 0, 1),
	gsDPSetTextureLUT(G_TT_RGBA16),
	gsDPSetTextureImage(G_IM_FMT_RGBA, G_IM_SIZ_16b, 1, maple_treewway_dl_tex1_128x128_087cccf528e017ab_14_ci8_pal_rgba16),
	gsDPSetTile(0, 0, 0, 256, 7, 0, G_TX_WRAP | G_TX_NOMIRROR, 0, 0, G_TX_WRAP | G_TX_NOMIRROR, 0, 0),
	gsDPLoadTLUTCmd(7, 21),
	gsDPLoadSync(),
	gsDPSetTextureImage(G_IM_FMT_CI, G_IM_SIZ_8b_LOAD_BLOCK, 1, maple_treewway_dl_tex1_128x128_087cccf528e017ab_14_ci8),
	gsDPSetTile(G_IM_FMT_CI, G_IM_SIZ_8b_LOAD_BLOCK, 0, 0, 7, 0, G_TX_WRAP | G_TX_NOMIRROR, 5, 0, G_TX_WRAP | G_TX_NOMIRROR, 5, 0),
	gsDPLoadBlock(7, 0, 0, 511, 512),
	gsDPSetTile(G_IM_FMT_CI, G_IM_SIZ_8b, 4, 0, 0, 0, G_TX_WRAP | G_TX_NOMIRROR, 5, 0, G_TX_WRAP | G_TX_NOMIRROR, 5, 0),
	gsDPSetTileSize(0, 0, 0, 124, 124),
	gsDPSetPrimColor(0, 0, 255, 255, 255, 255),
    gsSPLightColor(LIGHT_1, 0xffffffff),
    gsSPLightColor(LIGHT_2, 0x7f7f7fff),
	gsSPEndDisplayList(),
};

Gfx mat_revert_maple_treewway_dl_Wood2_001[] = {
	gsDPPipeSync(),
	gsDPSetCycleType(G_CYC_1CYCLE),
	gsDPSetTextureLUT(G_TT_NONE),
	gsSPEndDisplayList(),
};

Gfx mat_maple_treewway_dl_Hole_001[] = {
	gsDPPipeSync(),
	gsDPSetCombineLERP(TEXEL0, 0, SHADE, 0, TEXEL0, 0, ENVIRONMENT, 0, TEXEL0, 0, SHADE, 0, TEXEL0, 0, ENVIRONMENT, 0),
	gsSPTexture(65535, 65535, 0, 0, 1),
	gsDPSetTextureLUT(G_TT_RGBA16),
	gsDPSetTextureImage(G_IM_FMT_RGBA, G_IM_SIZ_16b, 1, maple_treewway_dl_Hole_ci8_pal_rgba16),
	gsDPSetTile(0, 0, 0, 256, 7, 0, G_TX_WRAP | G_TX_NOMIRROR, 0, 0, G_TX_WRAP | G_TX_NOMIRROR, 0, 0),
	gsDPLoadTLUTCmd(7, 21),
	gsDPLoadSync(),
	gsDPSetTextureImage(G_IM_FMT_CI, G_IM_SIZ_8b_LOAD_BLOCK, 1, maple_treewway_dl_Hole_ci8),
	gsDPSetTile(G_IM_FMT_CI, G_IM_SIZ_8b_LOAD_BLOCK, 0, 0, 7, 0, G_TX_CLAMP | G_TX_NOMIRROR, 5, 0, G_TX_CLAMP | G_TX_NOMIRROR, 5, 0),
	gsDPLoadBlock(7, 0, 0, 511, 512),
	gsDPSetTile(G_IM_FMT_CI, G_IM_SIZ_8b, 4, 0, 0, 0, G_TX_CLAMP | G_TX_NOMIRROR, 5, 0, G_TX_CLAMP | G_TX_NOMIRROR, 5, 0),
	gsDPSetTileSize(0, 0, 0, 124, 124),
    gsSPLightColor(LIGHT_1, 0xffffffff),
    gsSPLightColor(LIGHT_2, 0x7f7f7fff),
	gsSPEndDisplayList(),
};

Gfx mat_revert_maple_treewway_dl_Hole_001[] = {
	gsDPPipeSync(),
	gsDPSetTextureLUT(G_TT_NONE),
	gsSPEndDisplayList(),
};

Gfx mat_maple_treewway_dl_Dirt_WaterPush[] = {
	gsDPPipeSync(),
	gsDPSetCombineLERP(TEXEL0, 0, SHADE, 0, 0, 0, 0, ENVIRONMENT, TEXEL0, 0, SHADE, 0, 0, 0, 0, ENVIRONMENT),
	gsSPTexture(65535, 65535, 0, 0, 1),
	gsDPSetTextureLUT(G_TT_RGBA16),
	gsDPSetTextureImage(G_IM_FMT_RGBA, G_IM_SIZ_16b, 1, maple_treewway_dl__0E0051425_ci4_pal_rgba16),
	gsDPSetTile(0, 0, 0, 256, 7, 0, G_TX_WRAP | G_TX_NOMIRROR, 0, 0, G_TX_WRAP | G_TX_NOMIRROR, 0, 0),
	gsDPLoadTLUTCmd(7, 9),
	gsDPLoadSync(),
	gsDPSetTextureImage(G_IM_FMT_CI, G_IM_SIZ_16b, 1, maple_treewway_dl__0E0051425_ci4),
	gsDPSetTile(G_IM_FMT_CI, G_IM_SIZ_16b, 0, 0, 7, 0, G_TX_WRAP | G_TX_NOMIRROR, 5, 0, G_TX_WRAP | G_TX_NOMIRROR, 5, 0),
	gsDPLoadBlock(7, 0, 0, 255, 1024),
	gsDPSetTile(G_IM_FMT_CI, G_IM_SIZ_4b, 2, 0, 0, 0, G_TX_WRAP | G_TX_NOMIRROR, 5, 0, G_TX_WRAP | G_TX_NOMIRROR, 5, 0),
	gsDPSetTileSize(0, 0, 0, 124, 124),
    gsSPLightColor(LIGHT_1, 0xffffffff),
    gsSPLightColor(LIGHT_2, 0x7f7f7fff),
	gsSPEndDisplayList(),
};

Gfx mat_revert_maple_treewway_dl_Dirt_WaterPush[] = {
	gsDPPipeSync(),
	gsDPSetTextureLUT(G_TT_NONE),
	gsSPEndDisplayList(),
};

Gfx mat_maple_treewway_dl_Water_Top_001[] = {
	gsDPPipeSync(),
	gsDPSetCombineLERP(TEXEL0, 0, SHADE, 0, TEXEL0, 0, PRIMITIVE, 0, TEXEL0, 0, SHADE, 0, TEXEL0, 0, PRIMITIVE, 0),
	gsSPClearGeometryMode(G_CULL_BACK),
	gsSPTexture(65535, 65535, 0, 0, 1),
	gsDPSetTextureLUT(G_TT_RGBA16),
	gsDPSetTextureImage(G_IM_FMT_RGBA, G_IM_SIZ_16b, 1, maple_treewway_dl_MARIOKART64_30B1D8F4_0_2_all_ci8_pal_rgba16),
	gsDPSetTile(0, 0, 0, 256, 7, 0, G_TX_WRAP | G_TX_NOMIRROR, 0, 0, G_TX_WRAP | G_TX_NOMIRROR, 0, 0),
	gsDPLoadTLUTCmd(7, 55),
	gsDPLoadSync(),
	gsDPSetTextureImage(G_IM_FMT_CI, G_IM_SIZ_8b_LOAD_BLOCK, 1, maple_treewway_dl_MARIOKART64_30B1D8F4_0_2_all_ci8),
	gsDPSetTile(G_IM_FMT_CI, G_IM_SIZ_8b_LOAD_BLOCK, 0, 0, 7, 0, G_TX_WRAP | G_TX_NOMIRROR, 5, 0, G_TX_WRAP | G_TX_NOMIRROR, 5, 0),
	gsDPLoadBlock(7, 0, 0, 511, 512),
	gsDPSetTile(G_IM_FMT_CI, G_IM_SIZ_8b, 4, 0, 0, 0, G_TX_WRAP | G_TX_NOMIRROR, 5, 0, G_TX_WRAP | G_TX_NOMIRROR, 5, 0),
	gsDPSetTileSize(0, 0, 0, 124, 124),
	gsDPSetPrimColor(0, 0, 255, 255, 255, 128),
    gsSPLightColor(LIGHT_1, 0xffffffff),
    gsSPLightColor(LIGHT_2, 0x7f7f7fff),
	gsSPEndDisplayList(),
};

Gfx mat_revert_maple_treewway_dl_Water_Top_001[] = {
	gsDPPipeSync(),
	gsSPSetGeometryMode(G_CULL_BACK),
	gsDPSetTextureLUT(G_TT_NONE),
	gsSPEndDisplayList(),
};

Gfx mat_maple_treewway_dl_Water_Top2_001[] = {
	gsDPPipeSync(),
	gsDPSetCombineLERP(TEXEL0, 0, SHADE, 0, TEXEL0, 0, PRIMITIVE, 0, TEXEL0, 0, SHADE, 0, TEXEL0, 0, PRIMITIVE, 0),
	gsSPClearGeometryMode(G_CULL_BACK),
	gsSPTexture(65535, 65535, 0, 0, 1),
	gsDPSetTextureLUT(G_TT_RGBA16),
	gsDPSetTextureImage(G_IM_FMT_RGBA, G_IM_SIZ_16b, 1, maple_treewway_dl_Green_Water_ci4_pal_rgba16),
	gsDPSetTile(0, 0, 0, 256, 7, 0, G_TX_WRAP | G_TX_NOMIRROR, 0, 0, G_TX_WRAP | G_TX_NOMIRROR, 0, 0),
	gsDPLoadTLUTCmd(7, 9),
	gsDPLoadSync(),
	gsDPSetTextureImage(G_IM_FMT_CI, G_IM_SIZ_16b, 1, maple_treewway_dl_Green_Water_ci4),
	gsDPSetTile(G_IM_FMT_CI, G_IM_SIZ_16b, 0, 0, 7, 0, G_TX_WRAP | G_TX_NOMIRROR, 5, 0, G_TX_WRAP | G_TX_NOMIRROR, 5, 0),
	gsDPLoadBlock(7, 0, 0, 255, 1024),
	gsDPSetTile(G_IM_FMT_CI, G_IM_SIZ_4b, 2, 0, 0, 0, G_TX_WRAP | G_TX_NOMIRROR, 5, 0, G_TX_WRAP | G_TX_NOMIRROR, 5, 0),
	gsDPSetTileSize(0, 0, 0, 124, 124),
	gsDPSetPrimColor(0, 0, 255, 255, 255, 128),
    gsSPLightColor(LIGHT_1, 0xffffffff),
    gsSPLightColor(LIGHT_2, 0x7f7f7fff),
	gsSPEndDisplayList(),
};

Gfx mat_revert_maple_treewway_dl_Water_Top2_001[] = {
	gsDPPipeSync(),
	gsSPSetGeometryMode(G_CULL_BACK),
	gsDPSetTextureLUT(G_TT_NONE),
	gsSPEndDisplayList(),
};

Gfx mat_maple_treewway_dl_Wood1_001[] = {
	gsDPPipeSync(),
	gsDPSetCombineLERP(TEXEL0, 0, SHADE, 0, ENVIRONMENT, 0, SHADE, 0, TEXEL0, 0, SHADE, 0, ENVIRONMENT, 0, SHADE, 0),
	gsSPClearGeometryMode(G_LIGHTING),
	gsSPTexture(65535, 65535, 0, 0, 1),
	gsDPSetTextureLUT(G_TT_RGBA16),
	gsDPSetTextureImage(G_IM_FMT_RGBA, G_IM_SIZ_16b, 1, maple_treewway_dl_tex1_128x128_087cccf528e017ab_15_ci4_pal_rgba16),
	gsDPSetTile(0, 0, 0, 256, 7, 0, G_TX_WRAP | G_TX_NOMIRROR, 0, 0, G_TX_WRAP | G_TX_NOMIRROR, 0, 0),
	gsDPLoadTLUTCmd(7, 9),
	gsDPLoadSync(),
	gsDPSetTextureImage(G_IM_FMT_CI, G_IM_SIZ_16b, 1, maple_treewway_dl_tex1_128x128_087cccf528e017ab_15_ci4),
	gsDPSetTile(G_IM_FMT_CI, G_IM_SIZ_16b, 0, 0, 7, 0, G_TX_WRAP | G_TX_NOMIRROR, 5, 0, G_TX_WRAP | G_TX_NOMIRROR, 5, 0),
	gsDPLoadBlock(7, 0, 0, 255, 1024),
	gsDPSetTile(G_IM_FMT_CI, G_IM_SIZ_4b, 2, 0, 0, 0, G_TX_WRAP | G_TX_NOMIRROR, 5, 0, G_TX_WRAP | G_TX_NOMIRROR, 5, 0),
	gsDPSetTileSize(0, 0, 0, 124, 124),
	gsSPEndDisplayList(),
};

Gfx mat_revert_maple_treewway_dl_Wood1_001[] = {
	gsDPPipeSync(),
	gsSPSetGeometryMode(G_LIGHTING),
	gsDPSetTextureLUT(G_TT_NONE),
	gsSPEndDisplayList(),
};

Gfx mat_maple_treewway_dl_Tree_Leaves__Shaded_[] = {
	gsDPPipeSync(),
	gsDPSetCombineLERP(TEXEL0, 0, SHADE, 0, TEXEL0, 0, PRIMITIVE, 0, TEXEL0, 0, SHADE, 0, TEXEL0, 0, PRIMITIVE, 0),
	gsSPClearGeometryMode(G_LIGHTING),
	gsSPTexture(65535, 65535, 0, 0, 1),
	gsDPSetTextureImage(G_IM_FMT_RGBA, G_IM_SIZ_16b_LOAD_BLOCK, 1, maple_treewway_dl_Leaves_rgba16),
	gsDPSetTile(G_IM_FMT_RGBA, G_IM_SIZ_16b_LOAD_BLOCK, 0, 0, 7, 0, G_TX_WRAP | G_TX_NOMIRROR, 6, 0, G_TX_WRAP | G_TX_NOMIRROR, 5, 0),
	gsDPLoadBlock(7, 0, 0, 2047, 256),
	gsDPSetTile(G_IM_FMT_RGBA, G_IM_SIZ_16b, 8, 0, 0, 0, G_TX_WRAP | G_TX_NOMIRROR, 6, 0, G_TX_WRAP | G_TX_NOMIRROR, 5, 0),
	gsDPSetTileSize(0, 0, 0, 124, 252),
	gsDPSetPrimColor(0, 0, 255, 255, 255, 255),
	gsSPEndDisplayList(),
};

Gfx mat_revert_maple_treewway_dl_Tree_Leaves__Shaded_[] = {
	gsDPPipeSync(),
	gsSPSetGeometryMode(G_LIGHTING),
	gsSPEndDisplayList(),
};

Gfx mat_maple_treewway_dl_Tree_Leaves__Cut_Out_[] = {
	gsDPPipeSync(),
	gsDPSetCombineLERP(TEXEL0, 0, SHADE, 0, TEXEL0, 0, ENVIRONMENT, 0, TEXEL0, 0, SHADE, 0, TEXEL0, 0, ENVIRONMENT, 0),
	gsSPClearGeometryMode(G_CULL_BACK),
	gsSPTexture(65535, 65535, 0, 0, 1),
	gsDPSetTextureImage(G_IM_FMT_RGBA, G_IM_SIZ_16b_LOAD_BLOCK, 1, maple_treewway_dl_Leaves_rgba16),
	gsDPSetTile(G_IM_FMT_RGBA, G_IM_SIZ_16b_LOAD_BLOCK, 0, 0, 7, 0, G_TX_WRAP | G_TX_NOMIRROR, 6, 0, G_TX_WRAP | G_TX_NOMIRROR, 5, 0),
	gsDPLoadBlock(7, 0, 0, 2047, 256),
	gsDPSetTile(G_IM_FMT_RGBA, G_IM_SIZ_16b, 8, 0, 0, 0, G_TX_WRAP | G_TX_NOMIRROR, 6, 0, G_TX_WRAP | G_TX_NOMIRROR, 5, 0),
	gsDPSetTileSize(0, 0, 0, 124, 252),
    gsSPLightColor(LIGHT_1, 0xffffffff),
    gsSPLightColor(LIGHT_2, 0x7f7f7fff),
	gsSPEndDisplayList(),
};

Gfx mat_revert_maple_treewway_dl_Tree_Leaves__Cut_Out_[] = {
	gsDPPipeSync(),
	gsSPSetGeometryMode(G_CULL_BACK),
	gsSPEndDisplayList(),
};

Gfx mat_maple_treewway_dl_Skybox1[] = {
	gsDPPipeSync(),
	gsDPSetCombineLERP(TEXEL0, 0, SHADE, 0, ENVIRONMENT, 0, SHADE, 0, TEXEL0, 0, SHADE, 0, ENVIRONMENT, 0, SHADE, 0),
	gsSPClearGeometryMode(G_LIGHTING),
	gsSPTexture(65535, 65535, 0, 0, 1),
	gsDPSetTextureLUT(G_TT_RGBA16),
	gsDPSetTextureImage(G_IM_FMT_RGBA, G_IM_SIZ_16b, 1, maple_treewway_dl_Skybox1_ci8_pal_rgba16),
	gsDPSetTile(0, 0, 0, 256, 7, 0, G_TX_WRAP | G_TX_NOMIRROR, 0, 0, G_TX_WRAP | G_TX_NOMIRROR, 0, 0),
	gsDPLoadTLUTCmd(7, 53),
	gsDPLoadSync(),
	gsDPSetTextureImage(G_IM_FMT_CI, G_IM_SIZ_8b_LOAD_BLOCK, 1, maple_treewway_dl_Skybox1_ci8),
	gsDPSetTile(G_IM_FMT_CI, G_IM_SIZ_8b_LOAD_BLOCK, 0, 0, 7, 0, G_TX_CLAMP | G_TX_NOMIRROR, 6, 0, G_TX_CLAMP | G_TX_NOMIRROR, 5, 0),
	gsDPLoadBlock(7, 0, 0, 1023, 512),
	gsDPSetTile(G_IM_FMT_CI, G_IM_SIZ_8b, 4, 0, 0, 0, G_TX_CLAMP | G_TX_NOMIRROR, 6, 0, G_TX_CLAMP | G_TX_NOMIRROR, 5, 0),
	gsDPSetTileSize(0, 0, 0, 124, 252),
	gsSPEndDisplayList(),
};

Gfx mat_revert_maple_treewway_dl_Skybox1[] = {
	gsDPPipeSync(),
	gsSPSetGeometryMode(G_LIGHTING),
	gsDPSetTextureLUT(G_TT_NONE),
	gsSPEndDisplayList(),
};

Gfx mat_maple_treewway_dl_Skybox3[] = {
	gsDPPipeSync(),
	gsDPSetCombineLERP(TEXEL0, 0, SHADE, 0, ENVIRONMENT, 0, SHADE, 0, TEXEL0, 0, SHADE, 0, ENVIRONMENT, 0, SHADE, 0),
	gsSPClearGeometryMode(G_LIGHTING),
	gsSPTexture(65535, 65535, 0, 0, 1),
	gsDPSetTextureLUT(G_TT_RGBA16),
	gsDPSetTextureImage(G_IM_FMT_RGBA, G_IM_SIZ_16b, 1, maple_treewway_dl_Skybox3_ci8_pal_rgba16),
	gsDPSetTile(0, 0, 0, 256, 7, 0, G_TX_WRAP | G_TX_NOMIRROR, 0, 0, G_TX_WRAP | G_TX_NOMIRROR, 0, 0),
	gsDPLoadTLUTCmd(7, 75),
	gsDPLoadSync(),
	gsDPSetTextureImage(G_IM_FMT_CI, G_IM_SIZ_8b_LOAD_BLOCK, 1, maple_treewway_dl_Skybox3_ci8),
	gsDPSetTile(G_IM_FMT_CI, G_IM_SIZ_8b_LOAD_BLOCK, 0, 0, 7, 0, G_TX_CLAMP | G_TX_NOMIRROR, 6, 0, G_TX_CLAMP | G_TX_NOMIRROR, 5, 0),
	gsDPLoadBlock(7, 0, 0, 1023, 512),
	gsDPSetTile(G_IM_FMT_CI, G_IM_SIZ_8b, 4, 0, 0, 0, G_TX_CLAMP | G_TX_NOMIRROR, 6, 0, G_TX_CLAMP | G_TX_NOMIRROR, 5, 0),
	gsDPSetTileSize(0, 0, 0, 124, 252),
	gsSPEndDisplayList(),
};

Gfx mat_revert_maple_treewway_dl_Skybox3[] = {
	gsDPPipeSync(),
	gsSPSetGeometryMode(G_LIGHTING),
	gsDPSetTextureLUT(G_TT_NONE),
	gsSPEndDisplayList(),
};

Gfx mat_maple_treewway_dl_Skybox4[] = {
	gsDPPipeSync(),
	gsDPSetCombineLERP(TEXEL0, 0, SHADE, 0, ENVIRONMENT, 0, SHADE, 0, TEXEL0, 0, SHADE, 0, ENVIRONMENT, 0, SHADE, 0),
	gsSPClearGeometryMode(G_LIGHTING),
	gsSPTexture(65535, 65535, 0, 0, 1),
	gsDPSetTextureLUT(G_TT_RGBA16),
	gsDPSetTextureImage(G_IM_FMT_RGBA, G_IM_SIZ_16b, 1, maple_treewway_dl_Skybox4_ci8_pal_rgba16),
	gsDPSetTile(0, 0, 0, 256, 7, 0, G_TX_WRAP | G_TX_NOMIRROR, 0, 0, G_TX_WRAP | G_TX_NOMIRROR, 0, 0),
	gsDPLoadTLUTCmd(7, 94),
	gsDPLoadSync(),
	gsDPSetTextureImage(G_IM_FMT_CI, G_IM_SIZ_8b_LOAD_BLOCK, 1, maple_treewway_dl_Skybox4_ci8),
	gsDPSetTile(G_IM_FMT_CI, G_IM_SIZ_8b_LOAD_BLOCK, 0, 0, 7, 0, G_TX_CLAMP | G_TX_NOMIRROR, 6, 0, G_TX_CLAMP | G_TX_NOMIRROR, 5, 0),
	gsDPLoadBlock(7, 0, 0, 1023, 512),
	gsDPSetTile(G_IM_FMT_CI, G_IM_SIZ_8b, 4, 0, 0, 0, G_TX_CLAMP | G_TX_NOMIRROR, 6, 0, G_TX_CLAMP | G_TX_NOMIRROR, 5, 0),
	gsDPSetTileSize(0, 0, 0, 124, 252),
	gsSPEndDisplayList(),
};

Gfx mat_revert_maple_treewway_dl_Skybox4[] = {
	gsDPPipeSync(),
	gsSPSetGeometryMode(G_LIGHTING),
	gsDPSetTextureLUT(G_TT_NONE),
	gsSPEndDisplayList(),
};

Gfx mat_maple_treewway_dl_Skybox2[] = {
	gsDPPipeSync(),
	gsDPSetCombineLERP(TEXEL0, 0, SHADE, 0, ENVIRONMENT, 0, SHADE, 0, TEXEL0, 0, SHADE, 0, ENVIRONMENT, 0, SHADE, 0),
	gsSPClearGeometryMode(G_LIGHTING),
	gsSPTexture(65535, 65535, 0, 0, 1),
	gsDPSetTextureLUT(G_TT_RGBA16),
	gsDPSetTextureImage(G_IM_FMT_RGBA, G_IM_SIZ_16b, 1, maple_treewway_dl_Skybox2_ci8_pal_rgba16),
	gsDPSetTile(0, 0, 0, 256, 7, 0, G_TX_WRAP | G_TX_NOMIRROR, 0, 0, G_TX_WRAP | G_TX_NOMIRROR, 0, 0),
	gsDPLoadTLUTCmd(7, 75),
	gsDPLoadSync(),
	gsDPSetTextureImage(G_IM_FMT_CI, G_IM_SIZ_8b_LOAD_BLOCK, 1, maple_treewway_dl_Skybox2_ci8),
	gsDPSetTile(G_IM_FMT_CI, G_IM_SIZ_8b_LOAD_BLOCK, 0, 0, 7, 0, G_TX_CLAMP | G_TX_NOMIRROR, 6, 0, G_TX_CLAMP | G_TX_NOMIRROR, 5, 0),
	gsDPLoadBlock(7, 0, 0, 1023, 512),
	gsDPSetTile(G_IM_FMT_CI, G_IM_SIZ_8b, 4, 0, 0, 0, G_TX_CLAMP | G_TX_NOMIRROR, 6, 0, G_TX_CLAMP | G_TX_NOMIRROR, 5, 0),
	gsDPSetTileSize(0, 0, 0, 124, 252),
	gsSPEndDisplayList(),
};

Gfx mat_revert_maple_treewway_dl_Skybox2[] = {
	gsDPPipeSync(),
	gsSPSetGeometryMode(G_LIGHTING),
	gsDPSetTextureLUT(G_TT_NONE),
	gsSPEndDisplayList(),
};

Gfx mat_maple_treewway_dl_Skybox7[] = {
	gsDPPipeSync(),
	gsDPSetCombineLERP(TEXEL0, 0, SHADE, 0, ENVIRONMENT, 0, SHADE, 0, TEXEL0, 0, SHADE, 0, ENVIRONMENT, 0, SHADE, 0),
	gsSPClearGeometryMode(G_LIGHTING),
	gsSPTexture(65535, 65535, 0, 0, 1),
	gsDPSetTextureLUT(G_TT_RGBA16),
	gsDPSetTextureImage(G_IM_FMT_RGBA, G_IM_SIZ_16b, 1, maple_treewway_dl_Skybox7_ci8_pal_rgba16),
	gsDPSetTile(0, 0, 0, 256, 7, 0, G_TX_WRAP | G_TX_NOMIRROR, 0, 0, G_TX_WRAP | G_TX_NOMIRROR, 0, 0),
	gsDPLoadTLUTCmd(7, 164),
	gsDPLoadSync(),
	gsDPSetTextureImage(G_IM_FMT_CI, G_IM_SIZ_8b_LOAD_BLOCK, 1, maple_treewway_dl_Skybox7_ci8),
	gsDPSetTile(G_IM_FMT_CI, G_IM_SIZ_8b_LOAD_BLOCK, 0, 0, 7, 0, G_TX_CLAMP | G_TX_NOMIRROR, 6, 0, G_TX_CLAMP | G_TX_NOMIRROR, 5, 0),
	gsDPLoadBlock(7, 0, 0, 1023, 512),
	gsDPSetTile(G_IM_FMT_CI, G_IM_SIZ_8b, 4, 0, 0, 0, G_TX_CLAMP | G_TX_NOMIRROR, 6, 0, G_TX_CLAMP | G_TX_NOMIRROR, 5, 0),
	gsDPSetTileSize(0, 0, 0, 124, 252),
	gsSPEndDisplayList(),
};

Gfx mat_revert_maple_treewway_dl_Skybox7[] = {
	gsDPPipeSync(),
	gsSPSetGeometryMode(G_LIGHTING),
	gsDPSetTextureLUT(G_TT_NONE),
	gsSPEndDisplayList(),
};

Gfx mat_maple_treewway_dl_Skybox5[] = {
	gsDPPipeSync(),
	gsDPSetCombineLERP(TEXEL0, 0, SHADE, 0, ENVIRONMENT, 0, SHADE, 0, TEXEL0, 0, SHADE, 0, ENVIRONMENT, 0, SHADE, 0),
	gsSPClearGeometryMode(G_LIGHTING),
	gsSPTexture(65535, 65535, 0, 0, 1),
	gsDPSetTextureLUT(G_TT_RGBA16),
	gsDPSetTextureImage(G_IM_FMT_RGBA, G_IM_SIZ_16b, 1, maple_treewway_dl_Skybox5_ci8_pal_rgba16),
	gsDPSetTile(0, 0, 0, 256, 7, 0, G_TX_WRAP | G_TX_NOMIRROR, 0, 0, G_TX_WRAP | G_TX_NOMIRROR, 0, 0),
	gsDPLoadTLUTCmd(7, 221),
	gsDPLoadSync(),
	gsDPSetTextureImage(G_IM_FMT_CI, G_IM_SIZ_8b_LOAD_BLOCK, 1, maple_treewway_dl_Skybox5_ci8),
	gsDPSetTile(G_IM_FMT_CI, G_IM_SIZ_8b_LOAD_BLOCK, 0, 0, 7, 0, G_TX_CLAMP | G_TX_NOMIRROR, 6, 0, G_TX_CLAMP | G_TX_NOMIRROR, 5, 0),
	gsDPLoadBlock(7, 0, 0, 1023, 512),
	gsDPSetTile(G_IM_FMT_CI, G_IM_SIZ_8b, 4, 0, 0, 0, G_TX_CLAMP | G_TX_NOMIRROR, 6, 0, G_TX_CLAMP | G_TX_NOMIRROR, 5, 0),
	gsDPSetTileSize(0, 0, 0, 124, 252),
	gsSPEndDisplayList(),
};

Gfx mat_revert_maple_treewway_dl_Skybox5[] = {
	gsDPPipeSync(),
	gsSPSetGeometryMode(G_LIGHTING),
	gsDPSetTextureLUT(G_TT_NONE),
	gsSPEndDisplayList(),
};

Gfx mat_maple_treewway_dl_Skybox8[] = {
	gsDPPipeSync(),
	gsDPSetCombineLERP(TEXEL0, 0, SHADE, 0, ENVIRONMENT, 0, SHADE, 0, TEXEL0, 0, SHADE, 0, ENVIRONMENT, 0, SHADE, 0),
	gsSPClearGeometryMode(G_LIGHTING),
	gsSPTexture(65535, 65535, 0, 0, 1),
	gsDPSetTextureLUT(G_TT_RGBA16),
	gsDPSetTextureImage(G_IM_FMT_RGBA, G_IM_SIZ_16b, 1, maple_treewway_dl_Skybox8_ci8_pal_rgba16),
	gsDPSetTile(0, 0, 0, 256, 7, 0, G_TX_WRAP | G_TX_NOMIRROR, 0, 0, G_TX_WRAP | G_TX_NOMIRROR, 0, 0),
	gsDPLoadTLUTCmd(7, 115),
	gsDPLoadSync(),
	gsDPSetTextureImage(G_IM_FMT_CI, G_IM_SIZ_8b_LOAD_BLOCK, 1, maple_treewway_dl_Skybox8_ci8),
	gsDPSetTile(G_IM_FMT_CI, G_IM_SIZ_8b_LOAD_BLOCK, 0, 0, 7, 0, G_TX_CLAMP | G_TX_NOMIRROR, 6, 0, G_TX_CLAMP | G_TX_NOMIRROR, 5, 0),
	gsDPLoadBlock(7, 0, 0, 1023, 512),
	gsDPSetTile(G_IM_FMT_CI, G_IM_SIZ_8b, 4, 0, 0, 0, G_TX_CLAMP | G_TX_NOMIRROR, 6, 0, G_TX_CLAMP | G_TX_NOMIRROR, 5, 0),
	gsDPSetTileSize(0, 0, 0, 124, 252),
	gsSPEndDisplayList(),
};

Gfx mat_revert_maple_treewway_dl_Skybox8[] = {
	gsDPPipeSync(),
	gsSPSetGeometryMode(G_LIGHTING),
	gsDPSetTextureLUT(G_TT_NONE),
	gsSPEndDisplayList(),
};

Gfx mat_maple_treewway_dl_Skybox6[] = {
	gsDPPipeSync(),
	gsDPSetCombineLERP(TEXEL0, 0, SHADE, 0, ENVIRONMENT, 0, SHADE, 0, TEXEL0, 0, SHADE, 0, ENVIRONMENT, 0, SHADE, 0),
	gsSPClearGeometryMode(G_LIGHTING),
	gsSPTexture(65535, 65535, 0, 0, 1),
	gsDPSetTextureLUT(G_TT_RGBA16),
	gsDPSetTextureImage(G_IM_FMT_RGBA, G_IM_SIZ_16b, 1, maple_treewway_dl_Skybox6_ci8_pal_rgba16),
	gsDPSetTile(0, 0, 0, 256, 7, 0, G_TX_WRAP | G_TX_NOMIRROR, 0, 0, G_TX_WRAP | G_TX_NOMIRROR, 0, 0),
	gsDPLoadTLUTCmd(7, 215),
	gsDPLoadSync(),
	gsDPSetTextureImage(G_IM_FMT_CI, G_IM_SIZ_8b_LOAD_BLOCK, 1, maple_treewway_dl_Skybox6_ci8),
	gsDPSetTile(G_IM_FMT_CI, G_IM_SIZ_8b_LOAD_BLOCK, 0, 0, 7, 0, G_TX_CLAMP | G_TX_NOMIRROR, 6, 0, G_TX_CLAMP | G_TX_NOMIRROR, 5, 0),
	gsDPLoadBlock(7, 0, 0, 1023, 512),
	gsDPSetTile(G_IM_FMT_CI, G_IM_SIZ_8b, 4, 0, 0, 0, G_TX_CLAMP | G_TX_NOMIRROR, 6, 0, G_TX_CLAMP | G_TX_NOMIRROR, 5, 0),
	gsDPSetTileSize(0, 0, 0, 124, 252),
	gsSPEndDisplayList(),
};

Gfx mat_revert_maple_treewway_dl_Skybox6[] = {
	gsDPPipeSync(),
	gsSPSetGeometryMode(G_LIGHTING),
	gsDPSetTextureLUT(G_TT_NONE),
	gsSPEndDisplayList(),
};

Gfx mat_maple_treewway_dl_Brick_Floor[] = {
	gsDPPipeSync(),
	gsDPSetCombineLERP(TEXEL0, 0, SHADE, 0, ENVIRONMENT, 0, SHADE, 0, TEXEL0, 0, SHADE, 0, ENVIRONMENT, 0, SHADE, 0),
	gsSPClearGeometryMode(G_LIGHTING),
	gsSPTexture(65535, 65535, 0, 0, 1),
	gsDPSetTextureLUT(G_TT_RGBA16),
	gsDPSetTextureImage(G_IM_FMT_RGBA, G_IM_SIZ_16b, 1, maple_treewway_dl_tex1_128x128_06af14a3bf1df08a_14_ci8_pal_rgba16),
	gsDPSetTile(0, 0, 0, 256, 7, 0, G_TX_WRAP | G_TX_NOMIRROR, 0, 0, G_TX_WRAP | G_TX_NOMIRROR, 0, 0),
	gsDPLoadTLUTCmd(7, 27),
	gsDPLoadSync(),
	gsDPSetTextureImage(G_IM_FMT_CI, G_IM_SIZ_8b_LOAD_BLOCK, 1, maple_treewway_dl_tex1_128x128_06af14a3bf1df08a_14_ci8),
	gsDPSetTile(G_IM_FMT_CI, G_IM_SIZ_8b_LOAD_BLOCK, 0, 0, 7, 0, G_TX_WRAP | G_TX_NOMIRROR, 5, 0, G_TX_WRAP | G_TX_NOMIRROR, 5, 0),
	gsDPLoadBlock(7, 0, 0, 511, 512),
	gsDPSetTile(G_IM_FMT_CI, G_IM_SIZ_8b, 4, 0, 0, 0, G_TX_WRAP | G_TX_NOMIRROR, 5, 0, G_TX_WRAP | G_TX_NOMIRROR, 5, 0),
	gsDPSetTileSize(0, 0, 0, 124, 124),
	gsSPEndDisplayList(),
};

Gfx mat_revert_maple_treewway_dl_Brick_Floor[] = {
	gsDPPipeSync(),
	gsSPSetGeometryMode(G_LIGHTING),
	gsDPSetTextureLUT(G_TT_NONE),
	gsSPEndDisplayList(),
};

Gfx mat_maple_treewway_dl_Dirt_Wall[] = {
	gsDPPipeSync(),
	gsDPSetCombineLERP(TEXEL0, 0, SHADE, 0, ENVIRONMENT, 0, SHADE, 0, TEXEL0, 0, SHADE, 0, ENVIRONMENT, 0, SHADE, 0),
	gsSPClearGeometryMode(G_LIGHTING),
	gsSPTexture(65535, 65535, 0, 0, 1),
	gsDPSetTextureImage(G_IM_FMT_RGBA, G_IM_SIZ_16b_LOAD_BLOCK, 1, maple_treewway_dl_wl_tutikabe5_rgba16),
	gsDPSetTile(G_IM_FMT_RGBA, G_IM_SIZ_16b_LOAD_BLOCK, 0, 0, 7, 0, G_TX_WRAP | G_TX_NOMIRROR, 6, 0, G_TX_WRAP | G_TX_NOMIRROR, 6, 0),
	gsDPLoadBlock(7, 0, 0, 2047, 256),
	gsDPSetTile(G_IM_FMT_RGBA, G_IM_SIZ_16b, 8, 0, 0, 0, G_TX_WRAP | G_TX_NOMIRROR, 6, 0, G_TX_WRAP | G_TX_NOMIRROR, 6, 0),
	gsDPSetTileSize(0, 0, 0, 252, 252),
	gsSPEndDisplayList(),
};

Gfx mat_revert_maple_treewway_dl_Dirt_Wall[] = {
	gsDPPipeSync(),
	gsSPSetGeometryMode(G_LIGHTING),
	gsSPEndDisplayList(),
};

Gfx mat_maple_treewway_dl_TreeTop[] = {
	gsDPPipeSync(),
	gsDPSetCombineLERP(TEXEL0, 0, SHADE, 0, ENVIRONMENT, 0, SHADE, 0, TEXEL0, 0, SHADE, 0, ENVIRONMENT, 0, SHADE, 0),
	gsSPClearGeometryMode(G_LIGHTING),
	gsSPTexture(65535, 65535, 0, 0, 1),
	gsDPSetTextureLUT(G_TT_RGBA16),
	gsDPSetTextureImage(G_IM_FMT_RGBA, G_IM_SIZ_16b, 1, maple_treewway_dl_Material10_ci8_pal_rgba16),
	gsDPSetTile(0, 0, 0, 256, 7, 0, G_TX_WRAP | G_TX_NOMIRROR, 0, 0, G_TX_WRAP | G_TX_NOMIRROR, 0, 0),
	gsDPLoadTLUTCmd(7, 44),
	gsDPLoadSync(),
	gsDPSetTextureImage(G_IM_FMT_CI, G_IM_SIZ_8b_LOAD_BLOCK, 1, maple_treewway_dl_Material10_ci8),
	gsDPSetTile(G_IM_FMT_CI, G_IM_SIZ_8b_LOAD_BLOCK, 0, 0, 7, 0, G_TX_WRAP | G_TX_NOMIRROR, 5, 0, G_TX_WRAP | G_TX_NOMIRROR, 5, 0),
	gsDPLoadBlock(7, 0, 0, 511, 512),
	gsDPSetTile(G_IM_FMT_CI, G_IM_SIZ_8b, 4, 0, 0, 0, G_TX_WRAP | G_TX_NOMIRROR, 5, 0, G_TX_WRAP | G_TX_NOMIRROR, 5, 0),
	gsDPSetTileSize(0, 0, 0, 124, 124),
	gsSPEndDisplayList(),
};

Gfx mat_revert_maple_treewway_dl_TreeTop[] = {
	gsDPPipeSync(),
	gsSPSetGeometryMode(G_LIGHTING),
	gsDPSetTextureLUT(G_TT_NONE),
	gsSPEndDisplayList(),
};

Gfx mat_maple_treewway_dl_Rope[] = {
	gsDPPipeSync(),
	gsDPSetCombineLERP(TEXEL0, 0, SHADE, 0, TEXEL0, 0, PRIMITIVE, 0, TEXEL0, 0, SHADE, 0, TEXEL0, 0, PRIMITIVE, 0),
	gsSPClearGeometryMode(G_CULL_BACK | G_LIGHTING),
	gsSPTexture(65535, 65535, 0, 0, 1),
	gsDPSetTextureLUT(G_TT_RGBA16),
	gsDPSetTextureImage(G_IM_FMT_RGBA, G_IM_SIZ_16b, 1, maple_treewway_dl_D301_tk_Ami_02_0_ci8_pal_rgba16),
	gsDPSetTile(0, 0, 0, 256, 7, 0, G_TX_WRAP | G_TX_NOMIRROR, 0, 0, G_TX_WRAP | G_TX_NOMIRROR, 0, 0),
	gsDPLoadTLUTCmd(7, 84),
	gsDPLoadSync(),
	gsDPSetTextureImage(G_IM_FMT_CI, G_IM_SIZ_8b_LOAD_BLOCK, 1, maple_treewway_dl_D301_tk_Ami_02_0_ci8),
	gsDPSetTile(G_IM_FMT_CI, G_IM_SIZ_8b_LOAD_BLOCK, 0, 0, 7, 0, G_TX_WRAP | G_TX_NOMIRROR, 5, 0, G_TX_WRAP | G_TX_NOMIRROR, 5, 0),
	gsDPLoadBlock(7, 0, 0, 511, 512),
	gsDPSetTile(G_IM_FMT_CI, G_IM_SIZ_8b, 4, 0, 0, 0, G_TX_WRAP | G_TX_NOMIRROR, 5, 0, G_TX_WRAP | G_TX_NOMIRROR, 5, 0),
	gsDPSetTileSize(0, 0, 0, 124, 124),
	gsDPSetPrimColor(0, 0, 255, 255, 255, 255),
	gsSPEndDisplayList(),
};

Gfx mat_revert_maple_treewway_dl_Rope[] = {
	gsDPPipeSync(),
	gsSPSetGeometryMode(G_CULL_BACK | G_LIGHTING),
	gsDPSetTextureLUT(G_TT_NONE),
	gsSPEndDisplayList(),
};

Gfx maple_treewway_dl_Main_mesh_layer_1[] = {
	gsSPDisplayList(mat_maple_treewway_dl_Brick_Wall),
	gsSPDisplayList(maple_treewway_dl_Main_mesh_layer_1_tri_0),
	gsSPDisplayList(mat_revert_maple_treewway_dl_Brick_Wall),
	gsSPDisplayList(mat_maple_treewway_dl_Ground_001),
	gsSPDisplayList(maple_treewway_dl_Main_mesh_layer_1_tri_1),
	gsSPDisplayList(mat_revert_maple_treewway_dl_Ground_001),
	gsSPDisplayList(mat_maple_treewway_dl_Brick_Floor_001),
	gsSPDisplayList(maple_treewway_dl_Main_mesh_layer_1_tri_2),
	gsSPDisplayList(mat_revert_maple_treewway_dl_Brick_Floor_001),
	gsSPDisplayList(mat_maple_treewway_dl_Wall_001),
	gsSPDisplayList(maple_treewway_dl_Main_mesh_layer_1_tri_3),
	gsSPDisplayList(mat_revert_maple_treewway_dl_Wall_001),
	gsSPDisplayList(mat_maple_treewway_dl_Dirt),
	gsSPDisplayList(maple_treewway_dl_Main_mesh_layer_1_tri_4),
	gsSPDisplayList(mat_revert_maple_treewway_dl_Dirt),
	gsSPDisplayList(mat_maple_treewway_dl_Wood2_001),
	gsSPDisplayList(maple_treewway_dl_Main_mesh_layer_1_tri_5),
	gsSPDisplayList(mat_revert_maple_treewway_dl_Wood2_001),
	gsSPDisplayList(mat_maple_treewway_dl_Dirt_WaterPush),
	gsSPDisplayList(maple_treewway_dl_Main_mesh_layer_1_tri_6),
	gsSPDisplayList(mat_revert_maple_treewway_dl_Dirt_WaterPush),
	gsSPDisplayList(mat_maple_treewway_dl_Wood1_001),
	gsSPDisplayList(maple_treewway_dl_Main_mesh_layer_1_tri_7),
	gsSPDisplayList(mat_revert_maple_treewway_dl_Wood1_001),
	gsSPEndDisplayList(),
};

Gfx maple_treewway_dl_Main_mesh_layer_4[] = {
	gsSPDisplayList(mat_maple_treewway_dl_Road_001),
	gsSPDisplayList(maple_treewway_dl_Main_mesh_layer_4_tri_0),
	gsSPDisplayList(mat_revert_maple_treewway_dl_Road_001),
	gsSPDisplayList(mat_maple_treewway_dl_Hole_001),
	gsSPDisplayList(maple_treewway_dl_Main_mesh_layer_4_tri_1),
	gsSPDisplayList(mat_revert_maple_treewway_dl_Hole_001),
	gsSPDisplayList(mat_maple_treewway_dl_Tree_Leaves__Cut_Out_),
	gsSPDisplayList(maple_treewway_dl_Main_mesh_layer_4_tri_2),
	gsSPDisplayList(mat_revert_maple_treewway_dl_Tree_Leaves__Cut_Out_),
	gsSPEndDisplayList(),
};

Gfx maple_treewway_dl_Main_mesh_layer_6[] = {
	gsSPDisplayList(mat_maple_treewway_dl_Dirt___Transparent),
	gsSPDisplayList(maple_treewway_dl_Main_mesh_layer_6_tri_0),
	gsSPDisplayList(mat_revert_maple_treewway_dl_Dirt___Transparent),
	gsSPEndDisplayList(),
};

Gfx maple_treewway_dl_Main_mesh_layer_7[] = {
	gsSPDisplayList(mat_maple_treewway_dl_Water_Top_001),
	gsSPDisplayList(maple_treewway_dl_Main_mesh_layer_7_tri_0),
	gsSPDisplayList(mat_revert_maple_treewway_dl_Water_Top_001),
	gsSPDisplayList(mat_maple_treewway_dl_Water_Top2_001),
	gsSPDisplayList(maple_treewway_dl_Main_mesh_layer_7_tri_1),
	gsSPDisplayList(mat_revert_maple_treewway_dl_Water_Top2_001),
	gsSPEndDisplayList(),
};

Gfx maple_treewway_dl_Main_mesh_layer_5[] = {
	gsSPDisplayList(mat_maple_treewway_dl_Tree_Leaves__Shaded_),
	gsSPDisplayList(maple_treewway_dl_Main_mesh_layer_5_tri_0),
	gsSPDisplayList(mat_revert_maple_treewway_dl_Tree_Leaves__Shaded_),
	gsSPEndDisplayList(),
};

Gfx maple_treewway_dl_Skybox_mesh_layer_1[] = {
	gsSPDisplayList(mat_maple_treewway_dl_Skybox1),
	gsSPDisplayList(maple_treewway_dl_Skybox_mesh_layer_1_tri_0),
	gsSPDisplayList(mat_revert_maple_treewway_dl_Skybox1),
	gsSPDisplayList(mat_maple_treewway_dl_Skybox3),
	gsSPDisplayList(maple_treewway_dl_Skybox_mesh_layer_1_tri_1),
	gsSPDisplayList(mat_revert_maple_treewway_dl_Skybox3),
	gsSPDisplayList(mat_maple_treewway_dl_Skybox4),
	gsSPDisplayList(maple_treewway_dl_Skybox_mesh_layer_1_tri_2),
	gsSPDisplayList(mat_revert_maple_treewway_dl_Skybox4),
	gsSPDisplayList(mat_maple_treewway_dl_Skybox2),
	gsSPDisplayList(maple_treewway_dl_Skybox_mesh_layer_1_tri_3),
	gsSPDisplayList(mat_revert_maple_treewway_dl_Skybox2),
	gsSPDisplayList(mat_maple_treewway_dl_Skybox7),
	gsSPDisplayList(maple_treewway_dl_Skybox_mesh_layer_1_tri_4),
	gsSPDisplayList(mat_revert_maple_treewway_dl_Skybox7),
	gsSPDisplayList(mat_maple_treewway_dl_Skybox5),
	gsSPDisplayList(maple_treewway_dl_Skybox_mesh_layer_1_tri_5),
	gsSPDisplayList(mat_revert_maple_treewway_dl_Skybox5),
	gsSPDisplayList(mat_maple_treewway_dl_Skybox8),
	gsSPDisplayList(maple_treewway_dl_Skybox_mesh_layer_1_tri_6),
	gsSPDisplayList(mat_revert_maple_treewway_dl_Skybox8),
	gsSPDisplayList(mat_maple_treewway_dl_Skybox6),
	gsSPDisplayList(maple_treewway_dl_Skybox_mesh_layer_1_tri_7),
	gsSPDisplayList(mat_revert_maple_treewway_dl_Skybox6),
	gsSPEndDisplayList(),
};

Gfx maple_treewway_dl_StairsVis_001_mesh_layer_1[] = {
	gsSPDisplayList(mat_maple_treewway_dl_Brick_Wall),
	gsSPDisplayList(maple_treewway_dl_StairsVis_001_mesh_layer_1_tri_0),
	gsSPDisplayList(mat_revert_maple_treewway_dl_Brick_Wall),
	gsSPDisplayList(mat_maple_treewway_dl_Brick_Floor),
	gsSPDisplayList(maple_treewway_dl_StairsVis_001_mesh_layer_1_tri_1),
	gsSPDisplayList(mat_revert_maple_treewway_dl_Brick_Floor),
	gsSPEndDisplayList(),
};

Gfx maple_treewway_dl_Inside_mesh_layer_1[] = {
	gsSPDisplayList(mat_maple_treewway_dl_Dirt_Wall),
	gsSPDisplayList(maple_treewway_dl_Inside_mesh_layer_1_tri_0),
	gsSPDisplayList(mat_revert_maple_treewway_dl_Dirt_Wall),
	gsSPDisplayList(mat_maple_treewway_dl_Dirt),
	gsSPDisplayList(maple_treewway_dl_Inside_mesh_layer_1_tri_1),
	gsSPDisplayList(mat_revert_maple_treewway_dl_Dirt),
	gsSPDisplayList(mat_maple_treewway_dl_Wood1_001),
	gsSPDisplayList(maple_treewway_dl_Inside_mesh_layer_1_tri_2),
	gsSPDisplayList(mat_revert_maple_treewway_dl_Wood1_001),
	gsSPDisplayList(mat_maple_treewway_dl_TreeTop),
	gsSPDisplayList(maple_treewway_dl_Inside_mesh_layer_1_tri_3),
	gsSPDisplayList(mat_revert_maple_treewway_dl_TreeTop),
	gsSPEndDisplayList(),
};

Gfx maple_treewway_dl_Inside_mesh_layer_5[] = {
	gsSPDisplayList(mat_maple_treewway_dl_Rope),
	gsSPDisplayList(maple_treewway_dl_Inside_mesh_layer_5_tri_0),
	gsSPDisplayList(mat_revert_maple_treewway_dl_Rope),
	gsSPEndDisplayList(),
};

Gfx maple_treewway_dl_material_revert_render_settings[] = {
	gsDPPipeSync(),
	gsSPSetGeometryMode(G_LIGHTING),
	gsSPClearGeometryMode(G_TEXTURE_GEN),
	gsDPSetCombineLERP(0, 0, 0, SHADE, 0, 0, 0, ENVIRONMENT, 0, 0, 0, SHADE, 0, 0, 0, ENVIRONMENT),
	gsSPTexture(65535, 65535, 0, 0, 0),
	gsDPSetEnvColor(255, 255, 255, 255),
	gsDPSetAlphaCompare(G_AC_NONE),
	gsSPEndDisplayList(),
};

